{"type":"FeatureCollection","features":[{"type":"Feature","geometry":{"type":"Point","coordinates":[20.033032,50.039136]},"properties":{"d":"2025-02-04","r":"dom jednorodzinny","z":"budowa","o":"Budowa budynku mieszkalnego jednorodzinnego w zabudowie bliźniaczej z instalacjami: szczelnym zbiornikiem na nieczystości ciekłe i studnią…","p":4090}},{"type":"Feature","geometry":{"type":"Point","coordinates":[19.864158,50.072199]},"properties":{"d":"2025-04-11","r":"dom jednorodzinny","z":"budowa","o":"ul. Józefa Becka - Budowa budynku mieszkalnego jednorodzinnego i budynku basenu wraz z wewnętrznymi instalacjami : wod.-kan., gaz,…","p":5420}},{"type":"Feature","geometry":{"type":"Point","coordinates":[20.053788,50.035221]},"properties":{"d":"2025-01-09","r":"obiekt usługowy","z":"budowa","o":"Budowa hali produkcyjno-magazynowej z zapleczem socjalno-biurowym, budynku pompowni, zbiornika p.poż, murów oporowych wraz z infrastrukturą…","p":20370}},{"type":"Feature","geometry":{"type":"Point","coordinates":[19.936298,49.992259]},"properties":{"d":"2025-04-10","r":"obiekt usługowy","z":"rozbudowa","o":"Przebudowa budynku restauracji parkowa i rozbudowa o obiekt funkcji uzdrowiskowej na dz. nr 284/9 obr. 88 jednostka Podgórze Kraków","p":11940}},{"type":"Feature","geometry":{"type":"Point","coordinates":[19.979073,50.039219]},"properties":{"d":"2025-11-13","r":"budynek wielorodzinny","z":"budowa","o":"Budowa budynku wielorodzinnego z garażem podziemnym i pochylnią wraz z wewnętrznymi instalacjami: elektryczną, teletechniczną, wod-kan,…","p":880}},{"type":"Feature","geometry":{"type":"Point","coordinates":[19.852456,50.070356]},"properties":{"d":"2025-02-28","r":"dom jednorodzinny","z":"budowa","o":"Budowa budynku mieszkalnego jednorodzinnego, wolnostojącego z wbudowanym garażem, instalacjami wewnętrznymi (wodną, kanalizacji sanitarnej…","p":10830}},{"type":"Feature","geometry":{"type":"Point","coordinates":[19.873964,50.080739]},"properties":{"d":"2025-04-14","r":"obiekt usługowy","z":"budowa","o":"ul. Balicka - Budowa budynku obsługi z instalacją gazowa na terenie istniejącej stacji sprężonego gazu ziemnego CNG, instalacji:…","p":3970}},{"type":"Feature","geometry":{"type":"Point","coordinates":[19.980731,50.015767]},"properties":{"d":"2025-09-24","r":"obiekt publiczny","z":"budowa","o":"ul. Facimiech - Budowa obiektów małej architektury, schodów terenowych, toalety publicznej w miejscu publicznym oraz instalacji…","p":49380}},{"type":"Feature","geometry":{"type":"Point","coordinates":[20.049568,50.01897]},"properties":{"d":"2025-08-01","r":"dom jednorodzinny","z":"budowa","o":"ul. Złocieniowa - Budowa dziesięciu budynków mieszkalnych w zabudowie szeregowej w ty 9 budynków mieszkalnych jednorodzinnych dwulokalowych…","p":5210}},{"type":"Feature","geometry":{"type":"Point","coordinates":[19.982675,49.984637]},"properties":{"d":"2025-03-06","r":"dom jednorodzinny","z":"budowa","o":"Budowa budynku mieszkalnego jednorodzinnego dwulokalowego wraz z instalacjami wewnętrznymi: wod.-kan., gaz, c.o., energii elektrycznej oraz…","p":1080}},{"type":"Feature","geometry":{"type":"Point","coordinates":[19.929911,50.003858]},"properties":{"d":"2025-10-31","r":"budynek wielorodzinny","z":"nadbudowa","o":"Nadbudowa, przebudowa i zmiana sposobu użytkowania budynku mieszkalnego jednorodzinnego z przeznaczeniem na budynek mieszkalny…","p":540}},{"type":"Feature","geometry":{"type":"Point","coordinates":[19.855578,50.074134]},"properties":{"d":"2025-08-28","r":"dom jednorodzinny","z":"budowa","o":"Budowa budynku mieszkalnego jednorodzinnego wraz z infrastrukturą techniczna na dz. nr 22/2 obr. 7 Krowodrza przy ul. Pylnej w Krakowie","p":870}},{"type":"Feature","geometry":{"type":"Point","coordinates":[19.891408,50.032841]},"properties":{"d":"2025-08-26","r":"inny","z":"budowa","o":"Budowa budynku mieszkalnego jednorodzinnego wraz z instalacjami wewnętrznymi (wod.-kan.; c.o.; elektrycznej), instalacjami prowadzonymi na…","p":1140}},{"type":"Feature","geometry":{"type":"Point","coordinates":[19.891864,50.032809]},"properties":{"d":"2025-08-20","r":"dom jednorodzinny","z":"budowa","o":"Budowa budynku mieszkalnego jednorodzinnego wraz z instalacjami wewnętrznymi (wod.-kan., c.o., elektrycznej), instalacjami prowadzonymi na…","p":2910}},{"type":"Feature","geometry":{"type":"Point","coordinates":[20.051228,50.035256]},"properties":{"d":"2025-12-11","r":"obiekt usługowy","z":"budowa","o":null,"p":18350}},{"type":"Feature","geometry":{"type":"Point","coordinates":[19.955862,50.004117]},"properties":{"d":"2025-08-29","r":"dom jednorodzinny","z":"budowa","o":"Budowa 4 budynków mieszkalnych jednorodzinnych dwulokalowych w zabudowie bliźniaczej (2 zespoły zabudowy A, B) z podpiwniczeniem, z…","p":2430}},{"type":"Feature","geometry":{"type":"Point","coordinates":[19.978145,50.038141]},"properties":{"d":"2025-09-11","r":"obiekt usługowy","z":"budowa","o":"ul. Gromadzka 52 - Rozbudowa istniejącego przedsięwzięcia poprzez budowę: budynku sterylizatorni wraz z zapleczem socjalnym; budynku…","p":27220}},{"type":"Feature","geometry":{"type":"Point","coordinates":[19.967121,50.028022]},"properties":{"d":"2025-10-02","r":"dom jednorodzinny","z":"budowa","o":"Rozbiórka studni kopanej, rozbiórka instalacji wewnętrznych wod.-kan. i gazowej na zewnątrz, budowa budynku mieszkalnego, jednorodzinnego z…","p":1630}},{"type":"Feature","geometry":{"type":"Point","coordinates":[19.943566,50.097843]},"properties":{"d":"2025-11-06","r":"dom jednorodzinny","z":"budowa","o":"Budowa budynku mieszkalnego jednorodzinnego wraz z infrastrukturą techniczną i zagospodarowaniem terenu na dz. nr 167/8, obr. 30 Krowodrza…","p":370}},{"type":"Feature","geometry":{"type":"Point","coordinates":[19.989901,50.087928]},"properties":{"d":"2025-06-18","r":"obiekt usługowy","z":"budowa","o":"Budowa budynku usługowego typu Self Storage wraz z parkingiem, infrastrukturą techniczna; instalacji zewnętrznych; wody, podziemnego…","p":3540}},{"type":"Feature","geometry":{"type":"Point","coordinates":[19.919511,50.095602]},"properties":{"d":"2025-06-18","r":"budynek wielorodzinny","z":"budowa","o":"Budowa budynku mieszkalnego wielorodzinnego o czterech segmentach naziemnych na wspólnym garażu podziemnym, z drogą wewnętrzną, naziemnymi…","p":7010}},{"type":"Feature","geometry":{"type":"Point","coordinates":[19.890955,50.09254]},"properties":{"d":"2025-12-03","r":"inny","z":"budowa","o":"Budowa: - budynku mieszkalnego wielorodzinnego z garażem na kondygnacji podziemnej ( budynek D) - parkingów, chodników, fragmentów drogi…","p":7720}},{"type":"Feature","geometry":{"type":"Point","coordinates":[20.026559,50.008293]},"properties":{"d":"2025-04-02","r":"inny","z":"rozbudowa","o":"Rozbudowa i przebudowa części istniejącego budynku mieszkalnego jednorodzinnego nr 12A w zabudowie bliźniaczej o wiatrołap, budowa schodów…","p":1870}},{"type":"Feature","geometry":{"type":"Point","coordinates":[20.036239,50.055903]},"properties":{"d":"2025-09-18","r":"dom jednorodzinny","z":"budowa","o":"Budowa siedmiu budynków mieszkalnych jednorodzinnych, wolnostojących, dwulokalowych, wraz z wewnętrznymi instalacjami wewnątrz budynków:…","p":3130}},{"type":"Feature","geometry":{"type":"Point","coordinates":[20.051455,50.039536]},"properties":{"d":"2025-09-25","r":"budynek wielorodzinny","z":"budowa","o":"Budowa 1 budynku mieszkalnego wielorodzinnego oraz 1 budynku hotelowego z lokalami usługowymi z garażami podziemnymi wraz z…","p":25930}},{"type":"Feature","geometry":{"type":"Point","coordinates":[19.931387,49.987817]},"properties":{"d":"2025-07-15","r":"dom jednorodzinny","z":"budowa","o":"\"Budowa budynku mieszkalnego jednorodzinnego z garażem wbudowanym (dwustanowiskowym) wraz z zewnętrznymi odcinkami wewnętrznych instalacji:…","p":1130}},{"type":"Feature","geometry":{"type":"Point","coordinates":[19.874668,49.989005]},"properties":{"d":"2025-05-30","r":"budynek mieszkalno-usługowy","z":"budowa","o":"Budowa czterech budynków mieszkano-usługowych \"A/B\", \"C/D\", utwardzenia dojść i dojazdów do budynków i miejsc postojowych oraz miejsca na…","p":5100}},{"type":"Feature","geometry":{"type":"Point","coordinates":[20.01049,50.023461]},"properties":{"d":"2025-08-14","r":"dom jednorodzinny","z":"budowa","o":"Budowa wolnostojącego budynku mieszkalnego jednorodzinnego z infrastrukturą techniczną (wewnętrzną linią zasilającą elektroenergetyczną,…","p":1270}},{"type":"Feature","geometry":{"type":"Point","coordinates":[20.023852,50.064302]},"properties":{"d":"2025-05-21","r":"budynek wielorodzinny","z":"budowa","o":"Budowa budynku mieszkalnego wielorodzinnego z usługami, z garażami podziemnymi, naziemnymi miejscami postojowymi, infrastrukturą techniczną…","p":18490}},{"type":"Feature","geometry":{"type":"Point","coordinates":[19.872813,50.070126]},"properties":{"d":"2025-07-17","r":"dom jednorodzinny","z":"budowa","o":"ul. Morelowa - Budowa 6 budynków mieszkalnych jednorodzinnych dwulokalowych w zabudowie bliźniaczej z garażami wbudowanymi w parterach oraz…","p":3340}},{"type":"Feature","geometry":{"type":"Point","coordinates":[19.925653,50.009142]},"properties":{"d":"2025-06-11","r":"dom jednorodzinny","z":"budowa","o":"Budowa budynku mieszkalnego jednorodzinnego, wolnostojącego z instalacjami wewnętrznymi: elektryczną, wodną, kanalizacyjną, wentylacji…","p":470}},{"type":"Feature","geometry":{"type":"Point","coordinates":[20.065627,50.045243]},"properties":{"d":"2025-01-30","r":"dom jednorodzinny","z":"budowa","o":"Budowa trzech budynków jednorodzinnych dwulokalowych w zabudowie szeregowej wraz z wewnętrznymi instalacjami (wod.kan., c.o., cwu,…","p":7560}},{"type":"Feature","geometry":{"type":"Point","coordinates":[20.050857,50.03959]},"properties":{"d":"2025-11-26","r":"budynek mieszkalno-usługowy","z":"budowa","o":"Budowa 1 budynku mieszkalnego wielorodzinnego składającego się z 2 segmentów na wspólnym garażu podziemnym oraz 1 budynku usługowego…","p":42180}},{"type":"Feature","geometry":{"type":"Point","coordinates":[20.03581,50.085435]},"properties":{"d":"2025-02-21","r":"dom jednorodzinny","z":"budowa","o":"Budowa zespołu sześciu budynków mieszkalnych jednorodzinnych dwulokalowych w zabudowie bliźniaczej (budynki A1/A2-B1/B2, E1/E2-F1/F2,…","p":2180}},{"type":"Feature","geometry":{"type":"Point","coordinates":[19.988838,50.018134]},"properties":{"d":"2025-04-15","r":"budynek wielorodzinny","z":"budowa","o":"Budowa 3 budynków mieszkalnych wielorodzinnych z lokalami usługowymi i garażami podziemnymi wraz z instalacjami wewnętrznymi (wod.-kan.,…","p":3370}},{"type":"Feature","geometry":{"type":"Point","coordinates":[19.920112,50.02631]},"properties":{"d":"2025-04-02","r":"inny","z":"budowa","o":"Budowa zespołu garaży typu ,,blaszak\" z instalacją zalicznikową prądu i dojazdem wraz z rozbiórką zespołu trzech budynków gospodarczych…","p":3130}},{"type":"Feature","geometry":{"type":"Point","coordinates":[19.918482,50.039943]},"properties":{"d":"2025-01-16","r":"budynek wielorodzinny","z":"budowa","o":"Budowa budynku mieszkalnego wielorodzinnego z garażem podziemnym wraz z instalacjami wewnętrznymi (wod.-kan., c.o., gazu, energii…","p":5110}},{"type":"Feature","geometry":{"type":"Point","coordinates":[19.934889,50.096592]},"properties":{"d":"2025-09-05","r":"budynek wielorodzinny","z":"budowa","o":null,"p":5070}},{"type":"Feature","geometry":{"type":"Point","coordinates":[19.961849,50.040719]},"properties":{"d":"2025-03-03","r":"obiekt usługowy","z":"budowa","o":"Budowa budynku usługowego i hotelowego z garażem podziemnym wraz z instalacjami wewnętrznymi: wody, kanalizacji sanitarnej, kanalizacji…","p":1450}},{"type":"Feature","geometry":{"type":"Point","coordinates":[19.982993,50.06503]},"properties":{"d":"2025-03-11","r":"budynek wielorodzinny","z":"budowa","o":"Budynek mieszkalny wielorodzinny z garażem podziemnym wraz z urządzeniami budowlanymi i niezbędną infrastrukturą techniczną związaną z…","p":10380}},{"type":"Feature","geometry":{"type":"Point","coordinates":[19.966782,50.027253]},"properties":{"d":"2025-06-12","r":"obiekt usługowy","z":"budowa","o":"Budowa budynku biurowo-usługowego (74. lokale biurowe i usługowe) wraz z garażem podziemnym oraz z wewnętrznymi instalacjami w budynku i…","p":34960}},{"type":"Feature","geometry":{"type":"Point","coordinates":[19.970263,50.072135]},"properties":{"d":"2025-05-15","r":"dom jednorodzinny","z":"budowa","o":"ul. Farmaceutów - Budowa budynku mieszkalnego jednorodzinnego wraz z instalacjami wewnętrznymi: wod.-kan., gaz, c.o., energii elektrycznej…","p":6280}},{"type":"Feature","geometry":{"type":"Point","coordinates":[19.956537,50.046887]},"properties":{"d":"2025-01-31","r":"budynek wielorodzinny","z":"budowa","o":"Budowa budynku mieszalnego wielorodzinnego z usługami w parterze i garażem podziemnym wraz z przebudową stacji transformatorowej nr KRP…","p":9260}},{"type":"Feature","geometry":{"type":"Point","coordinates":[20.053447,50.107308]},"properties":{"d":"2025-08-05","r":"dom jednorodzinny","z":"budowa","o":"Budowa budynku mieszkalnego jednorodzinnego z instalacjami wewnętrznymi: wody, kanalizacji sanitarnej, energii elektrycznej, gazu i…","p":1170}},{"type":"Feature","geometry":{"type":"Point","coordinates":[19.969583,50.017228]},"properties":{"d":"2025-05-28","r":"budynek wielorodzinny","z":"budowa","o":"Budowa budynku mieszkalnego wielorodzinnego z usługami w parterze oraz wbudowanym garażem wraz z wewnętrznymi instalacjami: wodociągową ,…","p":390}},{"type":"Feature","geometry":{"type":"Point","coordinates":[19.920701,50.052686]},"properties":{"d":"2025-06-17","r":"budynek mieszkalno-usługowy","z":"rozbudowa","o":"ul. Tadeusza Kościuszki 54 - Rozbiórka budynku, rozbiórka instalacji, rozbiórka dwóch garaży, budowa, przebudowa , rozbudowa i nadbudowa…","p":1660}},{"type":"Feature","geometry":{"type":"Point","coordinates":[20.055726,50.035001]},"properties":{"d":"2025-05-21","r":"obiekt usługowy","z":"budowa","o":"Budowa zespołu dwóch budynków: budynku socjalno-administracyjnego i budynku hali magazynowej, wraz z zagospodarowaniem terenu i…","p":12220}},{"type":"Feature","geometry":{"type":"Point","coordinates":[19.936469,50.06406]},"properties":{"d":"2025-02-17","r":"budynek wielorodzinny","z":"budowa","o":"UL. ŚW. TOMASZA 4 - Budowa budynku mieszkalnego, polegająca na odbudowie oficyny tylnej budynku frontowego wraz z podpiwniczeniem,…","p":480}},{"type":"Feature","geometry":{"type":"Point","coordinates":[19.856202,50.026545]},"properties":{"d":"2025-02-11","r":"dom jednorodzinny","z":"budowa","o":"Budowa budynku mieszkalnego jednorodzinnego dwulokalowego wraz z zagospodarowaniem i utwardzeniem terenu, instalacjami po terenie działki…","p":4470}},{"type":"Feature","geometry":{"type":"Point","coordinates":[20.091421,50.096948]},"properties":{"d":"2025-05-20","r":"dom jednorodzinny","z":"budowa","o":"Budowa budynku mieszkalnego jednorodzinnego z instalacjami wewnętrznymi wody (od studzienki w drodze), gazu (od skrzynki na ogrodzeniu),…","p":700}},{"type":"Feature","geometry":{"type":"Point","coordinates":[19.940651,50.117594]},"properties":{"d":"2025-02-14","r":"dom jednorodzinny","z":"budowa","o":null,"p":1740}},{"type":"Feature","geometry":{"type":"Point","coordinates":[19.889413,50.097526]},"properties":{"d":"2025-10-02","r":"budynek wielorodzinny","z":"budowa","o":"Budowa budynku mieszkalnego wielorodzinnego o 3 segmentach w miejscu istniejących budynków, przeznaczonych do rozbiórki, wraz z garażem…","p":6510}},{"type":"Feature","geometry":{"type":"Point","coordinates":[19.884781,50.0979]},"properties":{"d":"2025-04-29","r":"dom jednorodzinny","z":"budowa","o":"ul. Ojcowska - Budowa 18 budynków mieszkalnych jednorodzinnych w zabudowie bliźniaczej, po dwa lokale mieszkalne w każdym budynku (razem 36…","p":10390}},{"type":"Feature","geometry":{"type":"Point","coordinates":[19.907841,50.022026]},"properties":{"d":"2025-04-23","r":"dom jednorodzinny","z":"budowa","o":"Budowa zespołu czterech budynków mieszkalnych jednorodzinnych w zabudowie bliźniaczej wraz z garażami indywidualnymi i miejscami…","p":2300}},{"type":"Feature","geometry":{"type":"Point","coordinates":[20.05499,50.083467]},"properties":{"d":"2025-03-03","r":"obiekt publiczny","z":"nadbudowa","o":"Przebudowa, rozbudowa i nadbudowa budynku Domu Pielgrzyma wraz z rozbiórką przyległego garażu, ze zmianą sposobu użytkowania na funkcję…","p":4780}},{"type":"Feature","geometry":{"type":"Point","coordinates":[19.97285,50.006372]},"properties":{"d":"2025-04-23","r":"obiekt usługowy","z":"nadbudowa","o":null,"p":4200}},{"type":"Feature","geometry":{"type":"Point","coordinates":[19.918979,50.067556]},"properties":{"d":"2025-07-30","r":"budynek mieszkalno-usługowy","z":"budowa","o":"BUDOWA BUDYNKU MIESZKALNO-USŁUGOWEGO Z GARAŻEM PODZIEMNYM ORAZ INFRASTRUKTURĄ TECHNICZNĄ W UKŁADZIE ZABUDOWY PLOMBOWEJ. WJAZD NA DZIAŁKĘ Z…","p":360}},{"type":"Feature","geometry":{"type":"Point","coordinates":[20.118321,50.04522]},"properties":{"d":"2025-06-04","r":"dom jednorodzinny","z":"budowa","o":"Budowa budynku mieszkalnego jednorodzinnego wraz z instalacjami wewn.: wod.-kan., c.o., energii elektrycznej oraz pompy ciepła, a także…","p":1000}},{"type":"Feature","geometry":{"type":"Point","coordinates":[19.831701,50.03321]},"properties":{"d":"2025-05-14","r":"dom jednorodzinny","z":"budowa","o":"Budowa budynku mieszkalnego jednorodzinnego z instalacjami wewnętrznymi (wod.-kan., gaz, wentylacja mechaniczna z rekuperacją, c.o.,…","p":4930}},{"type":"Feature","geometry":{"type":"Point","coordinates":[19.933311,49.981745]},"properties":{"d":"2025-02-07","r":"dom jednorodzinny","z":"budowa","o":"\"Budowa czterech budynków mieszkalnych jednorodzinnych wolnostojących (A,B,C,D) wraz z wewnętrznymi instalacjami: wod.-kan., energii…","p":5190}},{"type":"Feature","geometry":{"type":"Point","coordinates":[19.878011,50.021842]},"properties":{"d":"2025-01-09","r":"dom jednorodzinny","z":"budowa","o":"Budowa budynku mieszkalnego jednorodzinnego w zabudowie bliźniaczej z garażem wbudowanym jednostanowiskowym jako etap 2 inwestycji…","p":980}},{"type":"Feature","geometry":{"type":"Point","coordinates":[19.88939,49.99839]},"properties":{"d":"2025-01-09","r":"budynek wielorodzinny","z":"budowa","o":"Budowa zespołu dwóch budynków dwusegmentowych (budynek 1  segment A i B, budynek 2  segment C i D) mieszkalnych, wielorodzinnych z garażami…","p":144010}},{"type":"Feature","geometry":{"type":"Point","coordinates":[20.012142,50.036655]},"properties":{"d":"2025-02-12","r":"obiekt usługowy","z":"budowa","o":":Rozbiórka istniejącego budynku magazynowego jednokondygnacyjnego oraz budowa budynku biurowego tj. centrum badawczo-rozwojowe firmy…","p":37380}},{"type":"Feature","geometry":{"type":"Point","coordinates":[19.968468,50.015764]},"properties":{"d":"2025-02-12","r":"budynek mieszkalno-usługowy","z":"budowa","o":"Budowa budynku mieszkalno-usługowego wielorodzinnego z garażem podziemnym i zbiornikiem na wodę opadową na działce nr 150/5 obr. 63…","p":4230}},{"type":"Feature","geometry":{"type":"Point","coordinates":[19.878874,49.996993]},"properties":{"d":"2025-10-17","r":"dom jednorodzinny","z":"budowa","o":"Budowa 12 budynków mieszkalnych jednorodzinnych w zabudowie szeregowej wraz z niezbędną infrastrukturą techniczną na dz. nr 2/1, 2/2, 2/3,…","p":6180}},{"type":"Feature","geometry":{"type":"Point","coordinates":[19.940993,49.995866]},"properties":{"d":"2025-01-15","r":"dom jednorodzinny","z":"budowa","o":"Budowa budynku mieszkalnego jednorodzinnego wraz z zewnętrznymi odcinkami instalacji wewnętrznych w gruncie: elektryczną,…","p":860}},{"type":"Feature","geometry":{"type":"Point","coordinates":[20.147548,50.096075]},"properties":{"d":"2025-07-25","r":"dom jednorodzinny","z":"budowa","o":"Budowa budynku mieszkalnego jednorodzinnego, wolnostojącego z wbudowanym garażem z instalacjami wewnętrznymi ( wod-kan., c.o., gaz, energii…","p":10190}},{"type":"Feature","geometry":{"type":"Point","coordinates":[19.962742,50.045196]},"properties":{"d":"2025-08-26","r":"dom jednorodzinny","z":"budowa","o":"Budowa budynku jednorodzinnego dwulokalowego wraz z infrastrukturą techniczną: instalacjami c.o., wod-kan, elektryczną, wentylacji…","p":340}},{"type":"Feature","geometry":{"type":"Point","coordinates":[20.041287,50.013165]},"properties":{"d":"2025-04-23","r":"inny","z":"budowa","o":"ul. Drożdżowa - Budowa budynku mieszkalnego wielorodzinnego z wbudowanym garażem podziemnym oraz przebudowa wraz ze zmianą sposobu…","p":20170}},{"type":"Feature","geometry":{"type":"Point","coordinates":[20.041287,50.013165]},"properties":{"d":"2025-04-23","r":"budynek wielorodzinny","z":"budowa","o":"ul. Drożdżowa - Budowa budynku mieszkalnego wielorodzinnego z wbudowanym garażem podziemnym oraz przebudowa wraz ze zmianą sposobu…","p":20170}},{"type":"Feature","geometry":{"type":"Point","coordinates":[19.916419,49.980169]},"properties":{"d":"2025-07-25","r":"dom jednorodzinny","z":"budowa","o":null,"p":1530}},{"type":"Feature","geometry":{"type":"Point","coordinates":[19.941079,50.038521]},"properties":{"d":"2025-01-23","r":"budynek mieszkalno-usługowy","z":"budowa","o":"Budowa budynku mieszkalnego wielorodzinnego z usługami i garażami wielostanowiskowymi wraz z instalacją kanalizacji sanitarnej i deszczowej…","p":1810}},{"type":"Feature","geometry":{"type":"Point","coordinates":[19.990254,50.036316]},"properties":{"d":"2025-01-23","r":"dom jednorodzinny","z":"nadbudowa","o":"Nadbudowa, rozbudowa, przebudowa przegród zewn. i termomodernizacja budynku mieszkalnego jednorodzinnego, budowa zbiornika na wody opadowe…","p":460}},{"type":"Feature","geometry":{"type":"Point","coordinates":[19.905075,49.989261]},"properties":{"d":"2025-03-14","r":"budynek wielorodzinny","z":"budowa","o":"\"Budowa sześciu budynków mieszkalnych wielorodzinnych nr: 1, 2, 3, 4, 5, 6 wraz z zewnętrznymi odcinkami wewnętrznych instalacji: energii…","p":3560}},{"type":"Feature","geometry":{"type":"Point","coordinates":[19.905232,50.096249]},"properties":{"d":"2025-08-14","r":"dom jednorodzinny","z":"budowa","o":null,"p":1430}},{"type":"Feature","geometry":{"type":"Point","coordinates":[19.883852,50.047833]},"properties":{"d":"2025-06-25","r":"dom jednorodzinny","z":"budowa","o":"Budowa budynku mieszkalnego jednorodzinnego z wbudowanym garażem, wraz z dojściem i dojazdem, wewnętrzną instalacją wod-kan, gaz, CO,…","p":6040}},{"type":"Feature","geometry":{"type":"Point","coordinates":[19.923241,50.07873]},"properties":{"d":"2025-11-03","r":"budynek wielorodzinny","z":"budowa","o":"ul. Wrocławska 55 - Rozbiórka budynku istniejącego oraz budowa budynku mieszkalnego wielorodzinnego z usługami w parterze i garażem…","p":850}},{"type":"Feature","geometry":{"type":"Point","coordinates":[19.921004,50.002426]},"properties":{"d":"2025-10-01","r":"dom jednorodzinny","z":"budowa","o":"Rozbiórka istniejącego budynku mieszkalnego  jednorodzinnego. W miejscu rozebranego budynku budowa budynku o tej samej funkcji z wbudowanym…","p":880}},{"type":"Feature","geometry":{"type":"Point","coordinates":[19.864656,50.06974]},"properties":{"d":"2025-04-14","r":"dom jednorodzinny","z":"budowa","o":"ul. Nad Zalewem - Budowa budynku mieszkalnego jednorodzinnego wraz z wewnętrznymi instalacjami wod-kan, c-o, gazową, klimatyzacji,…","p":1180}},{"type":"Feature","geometry":{"type":"Point","coordinates":[19.940776,49.992686]},"properties":{"d":"2025-10-24","r":"dom jednorodzinny","z":"budowa","o":"Budowa budynku mieszkalnego jednorodzinnego z częścią usługową, garażem wbudowanym, instalacjami wewnętrznymi w tym: elektryczną, wodną,…","p":1340}},{"type":"Feature","geometry":{"type":"Point","coordinates":[19.965832,50.00966]},"properties":{"d":"2025-06-30","r":"budynek wielorodzinny","z":"budowa","o":"ul. Tuchowska - Budowa budynku mieszalnego wielorodzinnego z instalacjami wewnetrznymi.","p":1830}},{"type":"Feature","geometry":{"type":"Point","coordinates":[19.968425,50.020812]},"properties":{"d":"2025-08-07","r":"budynek wielorodzinny","z":"budowa","o":"Budowa budynku mieszkalno - usługowego D z garażem podziemnym wraz z instalacjami wewnętrznymi, instalacjami poza budynkiem: kanalizacji…","p":23260}},{"type":"Feature","geometry":{"type":"Point","coordinates":[19.859878,50.072583]},"properties":{"d":"2025-02-03","r":"dom jednorodzinny","z":"budowa","o":"ul. Bronisława Czecha - Budowa budynku mieszkalnego jednorodzinnego wraz z zagospodarowaniem terenu, niezbędną infrastrukturą komunikacyjną…","p":3440}},{"type":"Feature","geometry":{"type":"Point","coordinates":[19.860269,50.072396]},"properties":{"d":"2025-02-03","r":"dom jednorodzinny","z":"budowa","o":"ul. Bronisława Czecha - Budowa budynku mieszkalnego jednorodzinnego wraz z zagospodarowaniem terenu, niezbędną infrastrukturą komunikacyjną…","p":2000}},{"type":"Feature","geometry":{"type":"Point","coordinates":[19.859878,50.072583]},"properties":{"d":"2025-02-03","r":"dom jednorodzinny","z":"budowa","o":"ul. Bronisława Czecha - Budowa budynku mieszkalnego jednorodzinnego wraz z zagospodarowaniem terenu, niezbędną infrastrukturą komunikacyjną…","p":3440}},{"type":"Feature","geometry":{"type":"Point","coordinates":[19.860269,50.072396]},"properties":{"d":"2025-02-03","r":"dom jednorodzinny","z":"budowa","o":"ul. Bronisława Czecha - Budowa budynku mieszkalnego jednorodzinnego wraz z zagospodarowaniem terenu, niezbędną infrastrukturą komunikacyjną…","p":2000}},{"type":"Feature","geometry":{"type":"Point","coordinates":[19.859793,50.072622]},"properties":{"d":"2025-05-15","r":"dom jednorodzinny","z":"budowa","o":"ul. Bronisława Czecha - Budowa budynku mieszkalnego jednorodzinnego wraz z zagospodarowaniem terenu, niezbędną infrastrukturą komunikacyjną…","p":5170}},{"type":"Feature","geometry":{"type":"Point","coordinates":[19.859776,50.072576]},"properties":{"d":"2025-05-15","r":"dom jednorodzinny","z":"budowa","o":"ul. Bronisława Czecha - Budowa budynku mieszkalnego jednorodzinnego wraz z zagospodarowaniem terenu, niezbędną infrastrukturą techniczną…","p":4610}},{"type":"Feature","geometry":{"type":"Point","coordinates":[20.025745,50.01829]},"properties":{"d":"2025-01-17","r":"dom jednorodzinny","z":"nadbudowa","o":"Nadbudowa, przebudowa budynku mieszkalnego jednorodzinnego z przeznaczeniem na budynek mieszkalny jednorodzinny dwulokalowy wraz z budową…","p":670}},{"type":"Feature","geometry":{"type":"Point","coordinates":[20.048933,50.054258]},"properties":{"d":"2025-01-10","r":"dom jednorodzinny","z":"budowa","o":"Budowa budynku mieszkalnego jednorodzinnego wolnostojącego z instalacjami wewnętrznymi: wody, kanalizacji sanitarnej, gazu, energii…","p":1220}},{"type":"Feature","geometry":{"type":"Point","coordinates":[19.867954,50.032321]},"properties":{"d":"2025-01-31","r":"dom jednorodzinny","z":"budowa","o":"Budowa budynku mieszkalnego jednorodzinnego wraz z instalacjami wewnętrznymi : wody, kanalizacji sanitarnej, energii elektrycznej, gazu,…","p":970}},{"type":"Feature","geometry":{"type":"Point","coordinates":[20.056215,50.101936]},"properties":{"d":"2025-05-09","r":"budynek wielorodzinny","z":"budowa","o":"Budowa trzech budynków mieszkalnych, wielorodzinnych wraz z wewnetrznymi odcinkami instalacji; teletechnicznej, wody, kanalizacji…","p":8890}},{"type":"Feature","geometry":{"type":"Point","coordinates":[19.943293,50.039261]},"properties":{"d":"2025-02-06","r":"budynek mieszkalno-usługowy","z":"budowa","o":"BUDOWA BUDYNKU MIESZKALNO - USŁUGOWEGO WIELORODZINNEGO Z GARAŻEM PODZIEMNYM ORAZ INSTALACJAMI NA DZIAŁCE NR 332, 539/8 OBR.12 J.EWID.…","p":12250}},{"type":"Feature","geometry":{"type":"Point","coordinates":[19.859727,49.988001]},"properties":{"d":"2025-01-23","r":"dom jednorodzinny","z":"budowa","o":"Budowa 5 budynków mieszkalnych jednorodzinnych wolnostojących na działce nr 254/2 obr. 81 jedn. ewid. Podgórze przy ul. Błotniska wraz z…","p":7340}},{"type":"Feature","geometry":{"type":"Point","coordinates":[20.045631,50.089781]},"properties":{"d":"2025-01-20","r":"obiekt usługowy","z":"budowa","o":"Budowa budynku biurowo-magazynowego z wewnętrznymi instalacjami wodociągową, kanalizacji sanitarnej, centralnego ogrzewania, energii…","p":5510}},{"type":"Feature","geometry":{"type":"Point","coordinates":[20.046946,50.003658]},"properties":{"d":"2025-02-11","r":"dom jednorodzinny","z":"budowa","o":"Budowa budynku mieszkalnego jednorodzinnego dwulokalowego wraz z instalacjami wewnętrznymi wod-kan, CO, gazu, prądu, instalacją kanalizacji…","p":890}},{"type":"Feature","geometry":{"type":"Point","coordinates":[19.995041,49.993777]},"properties":{"d":"2025-02-13","r":"dom jednorodzinny","z":"budowa","o":"ul. Żelazowskiego - Wniosek o zmianie decyzji pozwolenia na budowę nr 1685/6740.1/2020 z dnia 02.11.2020 r.","p":1570}},{"type":"Feature","geometry":{"type":"Point","coordinates":[19.95849,50.01883]},"properties":{"d":"2025-10-29","r":"dom jednorodzinny","z":"nadbudowa","o":"Nadbudowa, rozbudowa i przebudowa budynku mieszkalnego jednorodzinnego z przeznaczeniem na budynek mieszkalny jednorodzinny wraz z budową…","p":390}},{"type":"Feature","geometry":{"type":"Point","coordinates":[20.016362,50.022072]},"properties":{"d":"2025-05-27","r":"budynek wielorodzinny","z":"budowa","o":"Budowa budynku mieszkalnego wielorodzinnego z garażem podziemnym wraz z drogą wewnętrzną, murami oporowymi, infrastruktur techniczną ,…","p":950}},{"type":"Feature","geometry":{"type":"Point","coordinates":[20.040483,50.039645]},"properties":{"d":"2025-01-09","r":"budynek wielorodzinny","z":"budowa","o":"Budowa 9 budynków mieszkalnych jednorodzinnych dwulokalowych z garażami wbudowanymi w zabudowie szeregowej oraz wymiennikownią, budowa 6…","p":18640}},{"type":"Feature","geometry":{"type":"Point","coordinates":[19.842548,50.007922]},"properties":{"d":"2025-03-18","r":"dom jednorodzinny","z":"budowa","o":"Budowa budynku mieszkalnego jednorodzinnego, dwulokalowego, wolnostojącego wraz z instalacjami wewnętrznymi: wody, kan. sanitarnej,…","p":2190}},{"type":"Feature","geometry":{"type":"Point","coordinates":[19.928052,50.051397]},"properties":{"d":"2025-12-23","r":"budynek wielorodzinny","z":"budowa","o":"Budowa budynku mieszkalnego wielorodzinnego z usługami, wraz z garażem podziemnym dwupoziomowym, wbudowaną stacją transformatorową,…","p":4200}},{"type":"Feature","geometry":{"type":"Point","coordinates":[20.057195,50.046805]},"properties":{"d":"2025-02-06","r":"dom jednorodzinny","z":"budowa","o":"Budowa 9 budynków mieszkalnych jednorodzinnych dwulokalowych (budynki od nr 1 do 9) oraz budynku usługowego wraz z instalacjami wod.-kan.,…","p":4430}},{"type":"Feature","geometry":{"type":"Point","coordinates":[19.926074,50.06544]},"properties":{"d":"2025-03-14","r":"budynek wielorodzinny","z":"budowa","o":"ul. Czarnowiejska 4 - Budowa budynku mieszkalnego wielorodzinnego z usługami w parterze oznaczonego nr B11 wraz z dwukondygnacyjnym garażem…","p":1070}},{"type":"Feature","geometry":{"type":"Point","coordinates":[19.945599,50.082234]},"properties":{"d":"2025-03-27","r":"budynek mieszkalno-usługowy","z":"budowa","o":"ul. Żabiniec - Budowa zespołu 3-ech budynków mieszkalnych wielorodzinnych z usługami w części parterów, garażami podziemnymi, drogą…","p":8690}},{"type":"Feature","geometry":{"type":"Point","coordinates":[19.948804,50.051009]},"properties":{"d":"2025-01-16","r":"budynek mieszkalno-usługowy","z":"budowa","o":"BUDOWA BUDYNKU MIESZKALNEGO WIELORODZINNEGO Z LOKALAMI USŁUGOWYMI W PARTERZE I PIWNICY, WBUDOWANYM GARAŻEM NA PARTERZE, WEWNĘTRZNYMI…","p":1250}},{"type":"Feature","geometry":{"type":"Point","coordinates":[20.017207,50.071954]},"properties":{"d":"2025-01-08","r":"obiekt usługowy","z":"budowa","o":"Budowa budynku zamieszkania zbiorowego Kategorii XIV (klasa ZLV hotel) wraz z zewnętrznymi odcinkami instalacji kanalizacji deszczowej,…","p":190}},{"type":"Feature","geometry":{"type":"Point","coordinates":[19.997581,50.073415]},"properties":{"d":"2025-06-09","r":"obiekt usługowy","z":"budowa","o":"Budowa zespołu dwóch budynków usług hotelowych, z garażem podziemnym w jednym z nich, , wewnetrznymi instalacjami: wodociągowymi,…","p":3320}},{"type":"Feature","geometry":{"type":"Point","coordinates":[19.803317,50.013698]},"properties":{"d":"2025-02-07","r":"dom jednorodzinny","z":"budowa","o":"Budowa budynku mieszkalnego jednorodzinnego w zabudowie wolnostojącej z garażem wbudowanym i instalacjami wewnętrznymi: wod-kan, gazu,…","p":8280}},{"type":"Feature","geometry":{"type":"Point","coordinates":[20.033853,50.01498]},"properties":{"d":"2025-04-04","r":"dom jednorodzinny","z":"budowa","o":"Przebudowa, nadbudowa i rozbudowa budynku mieszkalnego jednorodzinnego zlokalizowanego na działce nr 260/2 obr.101 jedn. ewid. Podgórze…","p":1110}},{"type":"Feature","geometry":{"type":"Point","coordinates":[19.82155,50.01363]},"properties":{"d":"2025-09-17","r":"dom jednorodzinny","z":"budowa","o":"Nadbudowa i rozbudowa istniejącego budynku mieszkalnego jednorodzinnego nr 1 oraz budowa budynku mieszkalnego jednorodzinnego nr 2, wraz z…","p":1680}},{"type":"Feature","geometry":{"type":"Point","coordinates":[20.125926,50.100889]},"properties":{"d":"2025-01-27","r":"dom jednorodzinny","z":"budowa","o":"Budowa budynku mieszkalnego jednorodzinnego z garażem wbudowanym wraz z wewnętrznymi instalacjami w budynku: wod.-kan., c.o., elektryczną,…","p":1910}},{"type":"Feature","geometry":{"type":"Point","coordinates":[20.075415,50.094067]},"properties":{"d":"2025-03-24","r":"dom jednorodzinny","z":"budowa","o":"Budowa zespołu 11 budynków mieszkalnych jednorodzinnych dwulokalowych ( 10 w zabudowie bliźniaczej i1 wolnostojącego), z wewnętrznymi…","p":3690}},{"type":"Feature","geometry":{"type":"Point","coordinates":[19.971542,50.022508]},"properties":{"d":"2025-03-18","r":"dom jednorodzinny","z":"budowa","o":"Budowa budynku mieszkalnego B4, jednorodzinnego z garażem wraz z wewnętrznymi instalacjami: wody, kanalizacji sanitarnej, energii…","p":580}},{"type":"Feature","geometry":{"type":"Point","coordinates":[19.918998,50.071009]},"properties":{"d":"2025-05-27","r":"budynek wielorodzinny","z":"nadbudowa","o":"ul. Urzędnicza 43 - Przebudowa, zmiana sposobu użytkowania.","p":470}},{"type":"Feature","geometry":{"type":"Point","coordinates":[20.003418,50.088701]},"properties":{"d":"2025-06-27","r":"obiekt usługowy","z":"budowa","o":"Budowa trzech budynków usług hotelowo-konferencyjnych (realizacji Inwestycji: Etap 1 budynek A i B oraz Etap 2 budynek C) z garażem…","p":8360}},{"type":"Feature","geometry":{"type":"Point","coordinates":[19.860055,50.03786]},"properties":{"d":"2025-05-13","r":"dom jednorodzinny","z":"budowa","o":"Budowa budynku mieszkalnego jednorodzinnego wraz z wewnętrzną instalacją elektryczną, wodociągową, kanalizacji sanitarnej, gazowej,…","p":780}},{"type":"Feature","geometry":{"type":"Point","coordinates":[19.957935,50.060645]},"properties":{"d":"2025-01-23","r":"budynek wielorodzinny","z":"budowa","o":"Budowa budynku mieszkalnego wielorodzinnego wraz z wewnętrznymi instalacjami: wodociągową, kanalizacji sanitarnej, centralnego ogrzewania,…","p":730}},{"type":"Feature","geometry":{"type":"Point","coordinates":[20.18127,50.052921]},"properties":{"d":"2025-03-06","r":"dom jednorodzinny","z":"budowa","o":"Budowa czterech budynków jednorodzinnych wolnostojących z infrastrukturą techniczną i zagospodarowaniem terenu na działkach nr 224/6, 523…","p":1890}},{"type":"Feature","geometry":{"type":"Point","coordinates":[19.960272,50.04395]},"properties":{"d":"2025-03-04","r":"budynek wielorodzinny","z":"budowa","o":"ul. Św. Kingi 4 - Zmiana pozwolenia na budowę nr: 385/6740.1/2020 z dnia 03.03.2020 r., znak sprawy: AU-01-2.6740.1.210.2019.GPA.","p":2200}},{"type":"Feature","geometry":{"type":"Point","coordinates":[20.002553,50.062446]},"properties":{"d":"2025-01-30","r":"obiekt usługowy","z":"budowa","o":"Budowa budynku usługowego o funkcji przechowywania, wraz z wewnętrznymi instalacjami (pompą ciepła, fotowoltaiką, kanalizacją deszczową,…","p":4150}},{"type":"Feature","geometry":{"type":"Point","coordinates":[19.921293,50.001865]},"properties":{"d":"2025-11-06","r":"obiekt usługowy","z":"budowa","o":"Budowa budynku usługowego wraz z garażem podziemnym oraz infrastrukturą techniczną w zakresie instalacji wewnętrznych na zewnątrz budynku…","p":560}},{"type":"Feature","geometry":{"type":"Point","coordinates":[19.92805,50.057748]},"properties":{"d":"2025-02-17","r":"obiekt usługowy","z":"rozbudowa","o":"ul. Retoryka 17 - Przebudowa i rozbudowa budynku frontowego wraz ze zmianą sposobu użytkowania na cele hotelowe oraz przebudowa, rozbudowa…","p":870}},{"type":"Feature","geometry":{"type":"Point","coordinates":[19.840057,50.074266]},"properties":{"d":"2025-02-19","r":"dom jednorodzinny","z":"budowa","o":"ul. Zofii Stryjeńskiej - Budowa dwóch budynków mieszkalnych jednorodzinnych w zabudowie bliźniaczej wraz z dojściami, dojazdami, murami…","p":1670}},{"type":"Feature","geometry":{"type":"Point","coordinates":[19.922459,50.01797]},"properties":{"d":"2025-02-11","r":"dom jednorodzinny","z":"budowa","o":"Budowa dwóch budynków mieszkalnych jednorodzinnych dwulokalowych w zabudowie bliźniaczej z infrastrukturą techniczną oraz rozbiórka…","p":690}},{"type":"Feature","geometry":{"type":"Point","coordinates":[19.951199,50.104901]},"properties":{"d":"2025-03-27","r":"dom jednorodzinny","z":"budowa","o":"Budowa budynku mieszkalnego jednorodzinnego wraz ze szczelnym zbiornikiem na nieczystości ciekłe do 10m3 oraz szczelnymi zbiornikami…","p":2020}},{"type":"Feature","geometry":{"type":"Point","coordinates":[20.123649,50.098861]},"properties":{"d":"2025-02-13","r":"dom jednorodzinny","z":"budowa","o":"Budowa 7 budynków mieszkalnych jednorodzinnych w zabudowie szeregowej ( budynek M1-M7) z wewnętrznymi instalacjami: elektryczna, gazową,…","p":2090}},{"type":"Feature","geometry":{"type":"Point","coordinates":[19.935375,50.072071]},"properties":{"d":"2025-01-16","r":"budynek wielorodzinny","z":"nadbudowa","o":"ul. Długa 74 - Przebudowa i nadbudowa ze zmianą kąta nachylenia połaci, wymianą konstrukcji i pokrycia dachu oraz zmiana sposobu…","p":1000}},{"type":"Feature","geometry":{"type":"Point","coordinates":[19.902187,50.047325]},"properties":{"d":"2025-06-13","r":"obiekt publiczny","z":"budowa","o":"ul. Wioślarska - Budowa budynku cerkwi wraz z infrastrukturą techniczną zewnętrzną (dwoma szczelnymi zbiornikami retencyjnymi,pompownią…","p":3400}},{"type":"Feature","geometry":{"type":"Point","coordinates":[20.05582,50.063084]},"properties":{"d":"2025-04-25","r":"dom jednorodzinny","z":"budowa","o":"Rozbiórka istniejącego budynku gospodarczego oraz budowa budynku mieszanego jednorodzinnego wraz z garażem wbudowanym, z wewnętrznymi…","p":920}},{"type":"Feature","geometry":{"type":"Point","coordinates":[19.821562,50.045466]},"properties":{"d":"2025-05-07","r":"inny","z":"budowa","o":"BUDOWA BUDYNKU MIESZKALNEGO JEDNORODZINNEGO Z WBUDOWANYM GARAŻEM WRAZ Z INSTALACJAMI WEWNĘTRZNYMI: WENTYLACJI MECHANICZNEJ. C.O., Z POMPĄ…","p":1850}},{"type":"Feature","geometry":{"type":"Point","coordinates":[20.112733,50.114605]},"properties":{"d":"2025-01-14","r":"dom jednorodzinny","z":"budowa","o":"Budowa budynku mieszkalnego jednorodzinnego [1] z wewnętrznymi instalacjami: wody, kanalizacji, gazu, c.o., en. elektrycznej, zewnętrznymi…","p":960}},{"type":"Feature","geometry":{"type":"Point","coordinates":[19.826663,50.07144]},"properties":{"d":"2025-02-25","r":"inny","z":"budowa","o":"ul. Powstania Styczniowego - Budowa dwóch wiat dla koni z dojściem, dojazdem, wraz ze szczelnym zbiornikiem na gnojówkę.","p":4610}},{"type":"Feature","geometry":{"type":"Point","coordinates":[19.94082,50.055501]},"properties":{"d":"2025-03-07","r":"dom jednorodzinny","z":"budowa","o":"ul. Św. Gertrudy 18 - Przebudowa i zmiana sposobu użytkowani lokalu nr 8/U1 w oficynie kamienicy, o przeznaczeniu innym niż mieszkalne na…","p":830}},{"type":"Feature","geometry":{"type":"Point","coordinates":[19.89302,50.062046]},"properties":{"d":"2025-01-14","r":"dom jednorodzinny","z":"budowa","o":"BUDOWA BUDYNKU MIESZKALNEGO JEDNORODZINNEGO WOLNOSTOJĄCEGO DWULOKALOWEGO WRAZ Z WEWNĘTRZNYMI INSTALACJAMI: ELEKTRYCZNĄ, WODY, KANALIZACJI…","p":1080}},{"type":"Feature","geometry":{"type":"Point","coordinates":[20.070134,50.104591]},"properties":{"d":"2025-01-23","r":"obiekt usługowy","z":"budowa","o":"Budowa budynku handlowo-usługowego z nośnikami reklamowymi (pylon), z wewnętrznymi instalacjami: wody, kanalizacji sanitarnej, gazu,…","p":23800}},{"type":"Feature","geometry":{"type":"Point","coordinates":[20.021239,50.085066]},"properties":{"d":"2025-11-28","r":"obiekt usługowy","z":"budowa","o":"Budowa budynku usług szkoleniowych z garażem wbudowanym, zagospodarowaniem terenu w tym utwardzenie dojść i dojazdów, infrastrukturą…","p":7340}},{"type":"Feature","geometry":{"type":"Point","coordinates":[19.83664,50.064791]},"properties":{"d":"2025-04-16","r":"dom jednorodzinny","z":"budowa","o":"Budowę budynku mieszkalnego jednorodzinnego wraz zagospodarowaniem terenu, miejscami postojowymi oraz niezbędną infrastrukturą techniczną…","p":1380}},{"type":"Feature","geometry":{"type":"Point","coordinates":[19.895757,50.069963]},"properties":{"d":"2025-01-10","r":"obiekt usługowy","z":"budowa","o":"UL. PRZYBYSZEWSKIEGO - \"Budowa budynku hotelowo-usługowego z garażem podziemnym wraz z instalacjami wewnętrznymi: wody, kanalizacji…","p":7140}},{"type":"Feature","geometry":{"type":"Point","coordinates":[19.9475,49.973439]},"properties":{"d":"2025-04-01","r":"obiekt usługowy","z":"budowa","o":"Budowa budynku usługowego wraz z instalacjami zewnętrznymi wody i kanalizacji sanitarnej zlokalizowanego na działce o nr 841/7 obr. 93…","p":820}},{"type":"Feature","geometry":{"type":"Point","coordinates":[19.993723,50.037269]},"properties":{"d":"2025-01-27","r":"dom jednorodzinny","z":"nadbudowa","o":null,"p":700}},{"type":"Feature","geometry":{"type":"Point","coordinates":[20.126387,50.069197]},"properties":{"d":"2025-02-10","r":"obiekt usługowy","z":"budowa","o":"Budowa budynku produkcyjno-magazynowego z zapleczem biurowo-socjalnym oraz infrastrukturą techniczną i komunikacyjną na działce nr 1/37…","p":12080}},{"type":"Feature","geometry":{"type":"Point","coordinates":[20.131238,50.073451]},"properties":{"d":"2025-01-07","r":"obiekt usługowy","z":"budowa","o":"Rozbudowa budynku hali magazynowej z wewnętrznymi instalacjami: instalacją elektryczną, kanalizacji opadowej; przebudową (przekładka)…","p":8920}},{"type":"Feature","geometry":{"type":"Point","coordinates":[19.984432,49.997006]},"properties":{"d":"2025-01-22","r":"dom jednorodzinny","z":"budowa","o":"Budowa budynku jednorodzinnego z instalacjami wewnętrznymi: kanalizacji sanitarnej ze zbiornikiem na nieczystości ciekłe, kanalizacji…","p":2610}},{"type":"Feature","geometry":{"type":"Point","coordinates":[19.949844,50.039869]},"properties":{"d":"2025-04-02","r":"inny","z":"budowa","o":"Budowa obiektów małej architektury - budowa placu zabaw na terenie ks Korona przy ul. Parkowej 12A w Krakowie.","p":58940}},{"type":"Feature","geometry":{"type":"Point","coordinates":[19.802782,50.014204]},"properties":{"d":"2025-02-26","r":"dom jednorodzinny","z":"budowa","o":"Budowa budynku mieszkalnego jednorodzinnego ze zjazdem z drogi wewnętrznej ul. Heligundy, wraz ze szczelnym zbiornikiem wybieralnym oraz…","p":5990}},{"type":"Feature","geometry":{"type":"Point","coordinates":[20.021458,50.059189]},"properties":{"d":"2025-02-13","r":"obiekt usługowy","z":"budowa","o":"ul. Na Załęczu 3 - zmiana pozwolenia na budowę decyzja numer: 2908/08 z 12.12.2008 znak sprawy: AU-01-3-JWI.73532-1478/08 zmieniona decyzją…","p":13440}},{"type":"Feature","geometry":{"type":"Point","coordinates":[19.899355,50.096534]},"properties":{"d":"2025-02-14","r":"dom jednorodzinny","z":"budowa","o":"Budowa trzech budynków mieszkalnych jednorodzinnych w zabudowie szeregowej wraz z instalacjami wewnętrznymi: wod-kan, c.o., en.…","p":4060}},{"type":"Feature","geometry":{"type":"Point","coordinates":[19.943971,50.102562]},"properties":{"d":"2025-08-08","r":"dom jednorodzinny","z":"budowa","o":"ul. Porzeczkowa - Budowa 3. Budynków mieszkalnych jednorodzinnych w zabudowie szeregowej wraz z wewnętrznymi instalacjami: wod.-kan., c.o.,…","p":1870}},{"type":"Feature","geometry":{"type":"Point","coordinates":[19.998979,50.018684]},"properties":{"d":"2025-10-24","r":"dom jednorodzinny","z":"budowa","o":"Budowa budynku mieszkalnego jednorodzinnego wraz z instalacjami wewnętrznymi, dojściem, dojazdem, szczelnym zbiornikiem na wody opadowe,…","p":630}},{"type":"Feature","geometry":{"type":"Point","coordinates":[19.942515,50.088987]},"properties":{"d":"2025-02-07","r":"dom jednorodzinny","z":"budowa","o":"1. Decyzji pozwolenia na rozbiórkę dla inwestycji pn.: Rozbiórka budynku mieszkalnego jednorodzinnego wraz z wewnętrznymi isnt.: wod.-kan.,…","p":1840}},{"type":"Feature","geometry":{"type":"Point","coordinates":[19.89142,50.011194]},"properties":{"d":"2025-02-03","r":"budynek wielorodzinny","z":"budowa","o":"Budowa budynku mieszkalnego wielorodzinnego z instalacjami (wodociągową, kanalizacyjną sanitarną i opadową, elektroenergetyczną,…","p":11420}},{"type":"Feature","geometry":{"type":"Point","coordinates":[19.908463,50.093896]},"properties":{"d":"2025-02-28","r":"budynek wielorodzinny","z":"budowa","o":"ul. Stelmachów - Budowa budynku mieszkalnego wielorodzinnego (składającego się z trzech segmentów) wraz z garażem podziemnym oraz…","p":9800}},{"type":"Feature","geometry":{"type":"Point","coordinates":[19.918838,49.983809]},"properties":{"d":"2025-01-30","r":"dom jednorodzinny","z":"budowa","o":"Budowa zespołu 10 budynków mieszkalnych jednorodzinnych, w tym: 8 budynków mieszkalnych jednorodzinnych dwulokalowych i 1 budynku…","p":4340}},{"type":"Feature","geometry":{"type":"Point","coordinates":[19.910211,50.107972]},"properties":{"d":"2025-06-17","r":"dom jednorodzinny","z":"budowa","o":"ul. Kaczorówka - Zmiana pozwolenia na budowę nr dec.: 424/6740.1/2023 z dnia 07.04.2023 r., znak sprawy: AU-01-1.6740.1.37.2023.AFR.","p":1570}},{"type":"Feature","geometry":{"type":"Point","coordinates":[19.915828,50.030599]},"properties":{"d":"2025-06-13","r":"obiekt usługowy","z":"budowa","o":"Budowa budynku usługowego z parkingiem naziemnym i infrastrukturą techniczną w zakresie: instalacji wewnętrznych na zewnątrz budynku (wody,…","p":110}},{"type":"Feature","geometry":{"type":"Point","coordinates":[20.016557,50.070496]},"properties":{"d":"2025-05-07","r":"budynek wielorodzinny","z":"budowa","o":"Zmiana decyzji pozwolenia na budowę nr 1153/6740.1/2021 z dnia 01.09.2021 r. znak sprawy: AU-01-3.6740.1.1394.2019.AGR, przeniesionej dec.…","p":560}},{"type":"Feature","geometry":{"type":"Point","coordinates":[19.961212,49.981131]},"properties":{"d":"2025-03-12","r":"dom jednorodzinny","z":"budowa","o":"Budowa dwóch budynków mieszkalnych jednorodzinnych wolnostojących dwulokalowych wraz z instalacjami i zagospodarowaniem terenu…","p":1220}},{"type":"Feature","geometry":{"type":"Point","coordinates":[19.962134,49.992017]},"properties":{"d":"2025-04-04","r":"dom jednorodzinny","z":"budowa","o":"ul. Podgórki - Budowa budynku mieszkalnego jednorodzinnego, wolnostojącego wraz z instalacjami","p":1250}},{"type":"Feature","geometry":{"type":"Point","coordinates":[19.964746,50.024586]},"properties":{"d":"2025-02-10","r":"dom jednorodzinny","z":"budowa","o":"Budowa budynku mieszkalnego jednorodzinny z dwoma lokalami mieszkalnymi z wewnętrznymi instalacjami: wodociągową, gazową, kanalizacji…","p":550}},{"type":"Feature","geometry":{"type":"Point","coordinates":[19.839017,50.073959]},"properties":{"d":"2025-06-03","r":"dom jednorodzinny","z":"rozbudowa","o":"ul. Zofii Stryjeńskiej 11 - Przebudowa, nadbudowa i rozbudowa istniejącego budynku mieszkalnego jednorodzinnego jednolokalowego wraz z…","p":980}},{"type":"Feature","geometry":{"type":"Point","coordinates":[19.922969,50.069624]},"properties":{"d":"2025-02-28","r":"budynek wielorodzinny","z":"nadbudowa","o":"UL. Józefitów - Częściowa zmiana sposobu użytkowania strychuna lokale mieszkalne w budynku mieszkalnym wielorodzinnym polegająca na…","p":530}},{"type":"Feature","geometry":{"type":"Point","coordinates":[19.982524,50.079509]},"properties":{"d":"2025-02-06","r":"dom jednorodzinny","z":"budowa","o":"Budowa budynku mieszkalnego jednorodzinnego wolnostojącego jednolokalowego wraz z wewnętrzną instalacją wody, kanalizacji, c.o,…","p":1280}},{"type":"Feature","geometry":{"type":"Point","coordinates":[19.899379,50.071956]},"properties":{"d":"2025-01-08","r":"budynek mieszkalno-usługowy","z":"budowa","o":"ROZBIÓRKA ISTNIEJĄCEGO BUDYNKU NR 118, BUDYNKU GARAŻU, INSTALACJI WEWNĘTRZNYCH I OBIEKTÓW BUDOWLANYCH, ORAZ BUDOWA BUDYNKU MIESZKALNEGO…","p":1790}},{"type":"Feature","geometry":{"type":"Point","coordinates":[20.128628,50.047644]},"properties":{"d":"2025-05-06","r":"dom jednorodzinny","z":"budowa","o":"Budowa budynku mieszkalnego, jednorodzinnego z wbudowanym garażem wraz z wewnętrzną instalacją gazową, elektryczną, wod-kan, co, wentylacji…","p":950}},{"type":"Feature","geometry":{"type":"Point","coordinates":[19.875301,50.091096]},"properties":{"d":"2025-04-15","r":"dom jednorodzinny","z":"budowa","o":"ul. Żeleńskiego - Budowa budynku mieszkalnego jednorodzinnego z garażem podziemnym","p":2190}},{"type":"Feature","geometry":{"type":"Point","coordinates":[19.852543,50.070272]},"properties":{"d":"2025-01-31","r":"dom jednorodzinny","z":"budowa","o":"ul. Wiosenna - Budowa budynku mieszkalnego jednorodzinnego, wolnostojącego z wbudowanym garażem","p":750}},{"type":"Feature","geometry":{"type":"Point","coordinates":[19.991724,50.098399]},"properties":{"d":"2025-01-07","r":"dom jednorodzinny","z":"budowa","o":"Budowa budynku mieszkalnego jednorodzinnego wolnostojącego z wbudowanym garażem podziemnym, z dojściem, dojazdem, instalacjami…","p":750}},{"type":"Feature","geometry":{"type":"Point","coordinates":[19.974717,50.056916]},"properties":{"d":"2025-04-11","r":"obiekt usługowy","z":"budowa","o":"Budowa budynku usługowego z garażem podziemnym wraz z instalacjami wewnętrznymi (wod.-kan., c.o. i c.w.u., wentylacji mechanicznej i…","p":570}},{"type":"Feature","geometry":{"type":"Point","coordinates":[20.045865,50.021079]},"properties":{"d":"2025-01-15","r":"budynek wielorodzinny","z":"budowa","o":"Budowa zespołu dwóch budynków mieszkalnych wielorodzinnych z garażami podziemnymi, wewnętrznymi instalacjami na zewnątrz budynków:…","p":14180}},{"type":"Feature","geometry":{"type":"Point","coordinates":[19.987462,50.005679]},"properties":{"d":"2025-02-28","r":"dom jednorodzinny","z":"budowa","o":"Budowa budynku mieszkalnego jednorodzinnego wraz z instalacjami wewnętrznymi: elektroenergetyczną, wodociągową, kanalizacyjną, centralnego…","p":650}},{"type":"Feature","geometry":{"type":"Point","coordinates":[19.924591,50.035959]},"properties":{"d":"2025-02-04","r":"obiekt usługowy","z":"budowa","o":"ul. Kapelanka - Wniosek o wydanie decyzji o zmianie pozwolenia na budowę nr 770/6740.1/2024 z dnia 21.08.2024 r., znak sprawy:…","p":4680}},{"type":"Feature","geometry":{"type":"Point","coordinates":[20.115255,50.070292]},"properties":{"d":"2025-01-13","r":"dom jednorodzinny","z":"budowa","o":"Budowa budynku mieszkalnego jednorodzinnego wolnostojącego z instalacjami wewnętrznymi: wody, kanalizacji sanitarnej, energii elektrycznej,…","p":2770}},{"type":"Feature","geometry":{"type":"Point","coordinates":[19.838381,50.073601]},"properties":{"d":"2025-01-14","r":"dom jednorodzinny","z":"budowa","o":"UL. Z. STRYJEŃSKIEJ - Budowa budynku mieszkalnego jednorodzinnego wolnostojącego z wewnętrznymi instalacjami w budynku: wody, kanalizacji,…","p":3430}},{"type":"Feature","geometry":{"type":"Point","coordinates":[19.901744,50.073643]},"properties":{"d":"2025-06-17","r":"obiekt usługowy","z":"budowa","o":"ul. Młodej Polski 7 - Budowa budynku użyteczności publicznej na potrzeby społeczności dzielnicy VI, z miejscami postojowymi oraz dojazdem i…","p":3700}},{"type":"Feature","geometry":{"type":"Point","coordinates":[20.105406,50.109436]},"properties":{"d":"2025-03-13","r":"dom jednorodzinny","z":"budowa","o":"ul. Orłowskiego - Budowa budynku mieszkalnego jednorodzinnego (budynek I) z wewnętrznymi instalacjami w budynku: (wod-kan., gazową, co. i…","p":870}},{"type":"Feature","geometry":{"type":"Point","coordinates":[20.105406,50.109436]},"properties":{"d":"2025-03-13","r":"dom jednorodzinny","z":"budowa","o":"ul. Orłowskiego - Budowa budynku mieszkalnego jednorodzinnego dwulokalowego (budynek II) z wewnętrznymi instalacjami w budynku: (wod-kan.,…","p":870}},{"type":"Feature","geometry":{"type":"Point","coordinates":[20.019823,50.018007]},"properties":{"d":"2025-06-12","r":"budynek wielorodzinny","z":"budowa","o":"ul. Duża Góra - budowa budynku mieszkalnego wielorodzinnego z usługami w parterze, garażem podziemnym, instalacjami wewnętrznymi","p":7000}},{"type":"Feature","geometry":{"type":"Point","coordinates":[19.991815,49.98318]},"properties":{"d":"2025-02-19","r":"dom jednorodzinny","z":"budowa","o":"ul. Krzemieniecka - wniosek o wydanie decyzji o zmianie pozwolenia na budowę - decyzja numer 805/6740.1/2023 z dnia 11.07.2023 znak sprawy…","p":800}},{"type":"Feature","geometry":{"type":"Point","coordinates":[20.075713,50.100827]},"properties":{"d":"2025-01-21","r":"dom jednorodzinny","z":"budowa","o":"Budowa jedenastu budynków mieszkalnych, jednorodzinnych, w tym czterech budynków w zabudowie bliźniaczej i siedmiu wolnostojących, z…","p":3890}},{"type":"Feature","geometry":{"type":"Point","coordinates":[19.943863,50.027378]},"properties":{"d":"2025-01-22","r":"obiekt usługowy","z":"budowa","o":"Budowa budynku biurowo-socjalnego wraz z wewnętrznymi instalacjami wod.-kan., c.o., elektrycznej, wentylacji mechanicznej, budowa…","p":6910}},{"type":"Feature","geometry":{"type":"Point","coordinates":[19.941642,50.038039]},"properties":{"d":"2025-03-20","r":"budynek wielorodzinny","z":"nadbudowa","o":"ul. Kalwaryjska - Nadbudowa i przebudowa poprzez zmianę kąta nachylenia dachu i podniesienie kalenicy dachy, adaptacja poddasza na drugi…","p":170}},{"type":"Feature","geometry":{"type":"Point","coordinates":[20.041462,50.098694]},"properties":{"d":"2025-01-16","r":"inny","z":"budowa","o":"Budowa zadaszenia tarasu bojowego wraz z zabezpieczeniem czołowej części stropodachu Fortu 49a Dłubnia w Krakowie, zlokalizowanego na…","p":62990}},{"type":"Feature","geometry":{"type":"Point","coordinates":[19.905916,50.068358]},"properties":{"d":"2025-01-10","r":"inny","z":"rozbudowa","o":"ul. Budryka - Rozbudowa i przebudowa w zakresie zabudowy podcieni budynku domu studenckiego DS.-10 \"hajduczek\" Akademii Górniczo-Hutniczej…","p":81500}},{"type":"Feature","geometry":{"type":"Point","coordinates":[19.907043,50.022527]},"properties":{"d":"2025-02-18","r":"dom jednorodzinny","z":"budowa","o":"Budowa budynku mieszkalnego jednorodzinnego jednolokalowego z instalacjami wewnętrznymi : wody, kanalizacji sanitarnej, kanalizacji…","p":810}},{"type":"Feature","geometry":{"type":"Point","coordinates":[20.134145,50.079906]},"properties":{"d":"2025-03-03","r":"obiekt usługowy","z":"budowa","o":"Budowa Hali produkcyjno-magazynowej z zapleczem socjalnym oraz budynku biurowego z zapleczem socjalnym wraz z instalacjami wewnętrznymi i…","p":8970}},{"type":"Feature","geometry":{"type":"Point","coordinates":[19.978856,50.043872]},"properties":{"d":"2025-02-14","r":"dom jednorodzinny","z":"budowa","o":"Budowa budynku mieszkalnego jednorodzinnego z wbudowanym garażem, z wewnętrznymi instalacjami wodno-kanalizacyjnymi, c.o., elektryki, gazu,…","p":480}},{"type":"Feature","geometry":{"type":"Point","coordinates":[19.900973,50.097156]},"properties":{"d":"2025-06-13","r":"dom jednorodzinny","z":"budowa","o":"ul. Stelmachów - Budowa budynku mieszkalnego jednorodzinnego wolnostojącego","p":1130}},{"type":"Feature","geometry":{"type":"Point","coordinates":[19.883463,49.981718]},"properties":{"d":"2025-02-21","r":"dom jednorodzinny","z":"budowa","o":"Budowa budynku mieszkalnego jednorodzinnego dwulokalowego wraz z instalacjami wewnętrznymi: (wody, kanalizacji sanitarnej, c.o., energii…","p":1330}},{"type":"Feature","geometry":{"type":"Point","coordinates":[19.95854,50.023983]},"properties":{"d":"2025-03-28","r":"inny","z":"budowa","o":"Budowa budynku mieszkalnego wielorodzinnego składającego się z trzech segmentów nadziemnych z usługami i garażem podziemnym z wewnętrznymi…","p":12640}},{"type":"Feature","geometry":{"type":"Point","coordinates":[20.066432,50.047187]},"properties":{"d":"2025-02-24","r":"dom jednorodzinny","z":"budowa","o":"ul. Wrobela - budowa budynku mieszkalnego jednorodzinnego z wewnętrznymi instalacjami oraz rozbiórka istniejącego budynku gospodarczego","p":420}},{"type":"Feature","geometry":{"type":"Point","coordinates":[19.89336,50.010835]},"properties":{"d":"2025-02-04","r":"dom jednorodzinny","z":"budowa","o":"\"Budowa budynku mieszkalnego jednorodzinnego wraz z instalacjami wewnętrznymi, budowa instalacji wewnętrznych na zewnątrz budynku: gazowej,…","p":1700}},{"type":"Feature","geometry":{"type":"Point","coordinates":[19.878685,49.973646]},"properties":{"d":"2025-01-30","r":"dom jednorodzinny","z":"budowa","o":"Budowa budynku mieszkalnego jednorodzinnego z wewnętrznymi instalacjami (w budynku): wod-kan, c.o., gazową, elektryczną, wentylacji…","p":1010}},{"type":"Feature","geometry":{"type":"Point","coordinates":[20.117459,50.115368]},"properties":{"d":"2025-01-29","r":"dom jednorodzinny","z":"budowa","o":"Budowa dwóch domów jednorodzinnych jednolokalowych w zabudowie bliźniaczej z instalacjami wewnętrznymi: wody, kanalizacji sanitarnej, gazu,…","p":1490}},{"type":"Feature","geometry":{"type":"Point","coordinates":[19.932077,50.068793]},"properties":{"d":"2025-01-24","r":"budynek wielorodzinny","z":"nadbudowa","o":"ul.Siemiradzkiego - Nadbudowa, przebudowa, zmiana sposobu użytkowania poddasza na cele mieszkalne wraz z rozbudową instalacji wewnętrznych…","p":860}},{"type":"Feature","geometry":{"type":"Point","coordinates":[19.870594,50.094606]},"properties":{"d":"2025-01-08","r":"dom jednorodzinny","z":"budowa","o":"ul. Truszkowskiego - Budowa budynku mieszkalnego jednorodzinnego","p":1030}},{"type":"Feature","geometry":{"type":"Point","coordinates":[20.052091,50.056192]},"properties":{"d":"2025-02-21","r":"dom jednorodzinny","z":"budowa","o":null,"p":970}},{"type":"Feature","geometry":{"type":"Point","coordinates":[19.900386,50.096757]},"properties":{"d":"2025-04-04","r":"dom jednorodzinny","z":"rozbudowa","o":"ul. Piaskowa - Przebudowa i rozbudowa budynku mieszkalnego jednorodzinnego w zabudowie bliźniaczej","p":330}},{"type":"Feature","geometry":{"type":"Point","coordinates":[19.898916,50.095615]},"properties":{"d":"2025-04-04","r":"dom jednorodzinny","z":"rozbudowa","o":"ul. Piaskowa - Przebudowa i rozbudowa budynku mieszkalnego jednorodzinnego w zabudowie bliźniaczej","p":330}},{"type":"Feature","geometry":{"type":"Point","coordinates":[19.900115,50.096897]},"properties":{"d":"2025-04-04","r":"dom jednorodzinny","z":"rozbudowa","o":"ul. Piaskowa - Przebudowa i rozbudowa budynku mieszkalnego jednorodzinnego w zabudowie bliźniaczej","p":330}},{"type":"Feature","geometry":{"type":"Point","coordinates":[19.917764,50.004091]},"properties":{"d":"2025-02-12","r":"dom jednorodzinny","z":"budowa","o":"Budowa dwóch budynków mieszkalnych jednorodzinnych, wolnostojących, z garażami w bryłach budynków, infrastrukturą techniczną i…","p":2520}},{"type":"Feature","geometry":{"type":"Point","coordinates":[19.947868,49.994298]},"properties":{"d":"2025-01-27","r":"dom jednorodzinny","z":"budowa","o":"budowa zespołu pięciu budynków mieszkalnych jednorodzinnych dwulokalowych wraz z instalacjami wewnętrznymi: wodno-kanalizacyjną,…","p":2470}},{"type":"Feature","geometry":{"type":"Point","coordinates":[19.926933,50.100839]},"properties":{"d":"2025-05-06","r":"budynek wielorodzinny","z":"budowa","o":"Etap 6 inwestycji mieszkaniowej wielorodzinnej: budowa budynku mieszkalnego wielorodzinnego oznaczonego jako s, t, u, wraz z garażami…","p":8300}},{"type":"Feature","geometry":{"type":"Point","coordinates":[19.876619,50.015623]},"properties":{"d":"2025-01-08","r":"dom jednorodzinny","z":"budowa","o":"Budowa budynku mieszkalnego jednorodzinnego wraz z infrastrukturą techniczną wewnątrz budynku (gaz, woda, CO, CWU, elektryka) i na zewnątrz…","p":680}},{"type":"Feature","geometry":{"type":"Point","coordinates":[20.02573,50.020988]},"properties":{"d":"2025-02-24","r":"dom jednorodzinny","z":"budowa","o":"ul. Ogórkowa - projekt budowy zamienny 12 budynków mieszkalnych jednorodzinnych","p":5810}},{"type":"Feature","geometry":{"type":"Point","coordinates":[20.018548,50.058211]},"properties":{"d":"2025-01-20","r":"inny","z":"budowa","o":"Budowa zadaszenia nad istniejącym terenem magazynowym wraz z zagospodarowaniem terenu na działce nr ewid. 80/14 obręb 55 j. ewid. Nowa Huta…","p":7820}},{"type":"Feature","geometry":{"type":"Point","coordinates":[19.905329,50.096587]},"properties":{"d":"2025-02-13","r":"dom jednorodzinny","z":"budowa","o":"ul. Stelmachów - Zmiana pozwolenia na budowę nr dec: 960/6740.1/2018 z dnia 23.05.2018 r. znak sprawy: AU-01-1.6740.1.624.2018.KPA,…","p":3110}},{"type":"Feature","geometry":{"type":"Point","coordinates":[20.086301,50.078129]},"properties":{"d":"2025-01-08","r":"obiekt usługowy","z":"budowa","o":"Budowa generatora azotu AIR LIQUIDE wraz z infrastrukturą towarzyszącą obejmującą: -budynek podstacji elektrycznej i stacji sprężarek -…","p":114290}},{"type":"Feature","geometry":{"type":"Point","coordinates":[19.876881,50.016196]},"properties":{"d":"2025-01-28","r":"obiekt usługowy","z":"budowa","o":"Budowa budynku usługowo-handlowego z infrastrukturą techniczną i komunikacyjną, w tym : instalacji zewnętrznych (energii elektrycznej,…","p":1070}},{"type":"Feature","geometry":{"type":"Point","coordinates":[19.953543,50.019092]},"properties":{"d":"2025-01-28","r":"dom jednorodzinny","z":"budowa","o":"Budowa budynku mieszkalnego jednorodzinnego wraz z wewnętrznymi instalacjami w budynku: wody, kanalizacji sanitarnej, c.o., energii…","p":360}},{"type":"Feature","geometry":{"type":"Point","coordinates":[19.965331,50.107984]},"properties":{"d":"2025-01-09","r":"dom jednorodzinny","z":"budowa","o":"Budowa sześciu budynków mieszkalnych jednorodzinnych dwulokalowych w zabudowie szeregowej wraz budową instalacji wewnątrz budynków: gazu,…","p":740}},{"type":"Feature","geometry":{"type":"Point","coordinates":[20.159843,50.057673]},"properties":{"d":"2025-01-20","r":"dom jednorodzinny","z":"budowa","o":"Budowa budynku mieszkalnego jednorodzinnego z wewnętrznymi instalacjami: wody, kanalizacji, energii elektrycznej, gazu, centralnego…","p":1400}},{"type":"Feature","geometry":{"type":"Point","coordinates":[19.830604,50.069697]},"properties":{"d":"2025-02-10","r":"inny","z":"budowa","o":"ul. Korzeniaka - Budowa jednostanowiskowego garażu i muru oporowego","p":3660}},{"type":"Feature","geometry":{"type":"Point","coordinates":[19.903871,50.085249]},"properties":{"d":"2025-01-22","r":"budynek wielorodzinny","z":"budowa","o":"ul. Bolesława Czerwieńskiego - Zmiana pozwolenia na budowę nr dec.: 242/6740.1/2020 z dnia 10.02.2020 r. znak sprawy:…","p":370}},{"type":"Feature","geometry":{"type":"Point","coordinates":[19.95229,50.001068]},"properties":{"d":"2025-03-18","r":"dom jednorodzinny","z":"budowa","o":"budowa budynku mieszkalnego jednorodzinnego na działkach nr 46/30, 46/39 obr. 64 Podgórze, ul. Cechowa w Krakowie wraz z wewnętrzną w…","p":930}},{"type":"Feature","geometry":{"type":"Point","coordinates":[19.952466,50.001375]},"properties":{"d":"2025-03-18","r":"dom jednorodzinny","z":"budowa","o":"budowa budynku mieszkalnego jednorodzinnego na działkach nr 46/31, 46/32, 46/40, 46/41 obr. 64 Podgórze, ul. Cechowa w Krakowie wraz z…","p":930}},{"type":"Feature","geometry":{"type":"Point","coordinates":[19.983955,50.036437]},"properties":{"d":"2025-03-25","r":"dom jednorodzinny","z":"budowa","o":"Budowa budynku mieszkalnego jednorodzinnego, dwulokalowego z garażami wraz z wewnętrznymi instalacjami: energetycznej, wody, kanalizacji…","p":700}},{"type":"Feature","geometry":{"type":"Point","coordinates":[19.88333,50.076002]},"properties":{"d":"2025-01-24","r":"dom jednorodzinny","z":"budowa","o":"UL.ZARZECZE - Budowa 4 budynków mieszkalnych jednorodzinnych dwulokalowych w zabudowie bliźniaczej z garażami podziemnymi, wewnętrznymi…","p":940}},{"type":"Feature","geometry":{"type":"Point","coordinates":[19.943417,50.039283]},"properties":{"d":"2025-03-06","r":"budynek wielorodzinny","z":"budowa","o":"ul. Jana Zamoyskiego - zmiana pozwolenia na budowę nr dec.: 626/2016 z dnia 23.03.2016 r., znak sprawy: AU-01-2.6740.1.68.2016.BRS.","p":11960}},{"type":"Feature","geometry":{"type":"Point","coordinates":[19.878849,50.091267]},"properties":{"d":"2025-02-06","r":"obiekt usługowy","z":"budowa","o":"ul. Pasternik - Budowa budynku biurowo-usługowego z garażem podziemnym wraz z zagospodarowaniem terenu, elementami małej architektury,…","p":3130}},{"type":"Feature","geometry":{"type":"Point","coordinates":[19.989082,50.022459]},"properties":{"d":"2025-04-30","r":"dom jednorodzinny","z":"budowa","o":"budowa dwóch budynków mieszkalnych jednorodzinnych w zabudowie bliźniaczej wraz z wewnętrznymi instalacjami w budynku: wod-kan, gaz, c.o.,…","p":840}},{"type":"Feature","geometry":{"type":"Point","coordinates":[19.973121,49.986798]},"properties":{"d":"2025-02-20","r":"dom jednorodzinny","z":"budowa","o":"ul. Bełzy - budowa budynku mieszkalnego jednorodzinnego wraz z rozbiórką napowietrznego przyłącza elektrycznego","p":2750}},{"type":"Feature","geometry":{"type":"Point","coordinates":[20.06379,50.059251]},"properties":{"d":"2025-02-03","r":"dom jednorodzinny","z":"rozbudowa","o":"Rozbudowa, nadbudowa i przebudowa budynku mieszkalnego jednorodzinnego z dojściem, dojazdem oraz wyburzeniem wiaty garażowej, wew.…","p":1390}},{"type":"Feature","geometry":{"type":"Point","coordinates":[20.057721,50.078112]},"properties":{"d":"2025-06-18","r":"dom jednorodzinny","z":"budowa","o":"Budowa 8 budynków mieszkalnych jednorodzinnych dwulokalowych w zabudowie bliźniaczej wraz z wewnętrznymi instalacjami wod.-kan.,…","p":4550}},{"type":"Feature","geometry":{"type":"Point","coordinates":[20.044009,50.012798]},"properties":{"d":"2025-02-07","r":"dom jednorodzinny","z":"budowa","o":"ul. Mogiłki - budowa budynku mieszkalnego jednorodzinnego wraz z instalacjami wewnętrznymi i zewnętrznymi","p":1090}},{"type":"Feature","geometry":{"type":"Point","coordinates":[19.876323,50.086582]},"properties":{"d":"2025-04-04","r":"dom jednorodzinny","z":"budowa","o":"Wniosek o wydanie decyzji o zmianie pozwolenia na budowę nr 433/6740.1/2023 z dnia 12.04.2023 r., znak sprawy: AU-01-1.6740.1.25.2023.ASZ.","p":1070}},{"type":"Feature","geometry":{"type":"Point","coordinates":[19.915643,50.097105]},"properties":{"d":"2025-02-06","r":"budynek wielorodzinny","z":"budowa","o":"Budowa budynku mieszkalnego wielorodzinnego z instalacjami wewnętrznymi: wod-kan, gazową, elektryczną, C.O., pompą ciepła oraz odcinkami…","p":760}},{"type":"Feature","geometry":{"type":"Point","coordinates":[20.054004,50.086745]},"properties":{"d":"2025-01-10","r":"dom jednorodzinny","z":"budowa","o":"Budowa sześciu budynków mieszkalnych jednorodzinnych w zabudowie bliźniaczej z wewnętrznymi instalacjami: energii elektrycznej, gazową,…","p":1840}},{"type":"Feature","geometry":{"type":"Point","coordinates":[20.101568,50.109372]},"properties":{"d":"2025-03-14","r":"dom jednorodzinny","z":"budowa","o":"Zmiana pozwolenia na budowę nr dec.: 1608/6740.1/2019 z dnia 28.08.2019 r. znak sprawy: AU-01-3.6740.1.1512.2018.GGO.DSZ dla zamierzenia…","p":3700}},{"type":"Feature","geometry":{"type":"Point","coordinates":[20.133728,50.091633]},"properties":{"d":"2025-03-10","r":"obiekt usługowy","z":"budowa","o":"Budowa pawilonu zakwaterowania osadzonych w oddziale zewnętrznym w Krakowie - Nowej Hucie Aresztu Śledczego Krakowie wraz z…","p":13450}},{"type":"Feature","geometry":{"type":"Point","coordinates":[19.910619,50.030075]},"properties":{"d":"2025-02-05","r":"obiekt usługowy","z":"budowa","o":"Budowa budynku skupu opakowań do recyklingu przy budynku handlowym KAUFLAND wraz z infrastrukturą techniczną i zagospodarowaniem terenu na…","p":5820}},{"type":"Feature","geometry":{"type":"Point","coordinates":[19.982031,50.033423]},"properties":{"d":"2025-08-08","r":"budynek wielorodzinny","z":"budowa","o":"Budowa dwóch budynków mieszkalnych wielorodzinnych A oraz B (złożonego z segmentów B1, B2, B3) z lokalem usługowym w budynku A, z garażami…","p":12210}},{"type":"Feature","geometry":{"type":"Point","coordinates":[20.047375,50.08263]},"properties":{"d":"2025-01-27","r":"dom jednorodzinny","z":"budowa","o":"Budowa budynku mieszkalnego jednorodzinnego wraz z zagospodarowaniem terenu ze zbiornikiem na wody opadowe, zbiornikiem na nieczystości…","p":1730}},{"type":"Feature","geometry":{"type":"Point","coordinates":[19.837636,50.074018]},"properties":{"d":"2025-03-13","r":"dom jednorodzinny","z":"budowa","o":"Budowa budynku mieszkalnego jednorodzinnego dwulokalowego z wbudowanymi garażami jednostanowiskowymi wraz z wewnętrznymi instalacjami:…","p":700}},{"type":"Feature","geometry":{"type":"Point","coordinates":[20.119269,50.04529]},"properties":{"d":"2025-05-15","r":"dom jednorodzinny","z":"budowa","o":"Budowa budynku mieszkalnego, jednorodzinnego, wolno stojącego wraz z niezbędną infrastrukturą techniczną tj. WLZ wewn. instalacją…","p":1000}},{"type":"Feature","geometry":{"type":"Point","coordinates":[19.981788,50.059563]},"properties":{"d":"2025-04-10","r":"budynek wielorodzinny","z":"budowa","o":"Budowa budynku mieszkalnego wielorodzinnego- 3 lokale mieszkalne, z garażem podziemnym, wraz z utwardzeniem dojścia i dojazdu oraz z…","p":200}},{"type":"Feature","geometry":{"type":"Point","coordinates":[20.036536,50.109575]},"properties":{"d":"2025-02-03","r":"dom jednorodzinny","z":"budowa","o":"Budowa budynku mieszkalnego jednorodzinnego z wewn. instalacjami wod-kan, c.o., i energii elektrycznej, pompa ciepła, instalacja…","p":11530}},{"type":"Feature","geometry":{"type":"Point","coordinates":[19.896257,50.08226]},"properties":{"d":"2025-02-13","r":"dom jednorodzinny","z":"budowa","o":"ul. Złoty Róg - Budowa budynku mieszkalnego jednorodzinnego z instalacjami wew. (wod-kan, CO, went. mech., elektr.); instalacji…","p":1900}},{"type":"Feature","geometry":{"type":"Point","coordinates":[19.895967,50.002909]},"properties":{"d":"2025-02-10","r":"dom jednorodzinny","z":"budowa","o":"Budowa budynku mieszkalnego jednorodzinnego wraz z instalacjami; co. z pompą ciepła, wod.-kan. i elektryczną wewnątrz budynku oraz na…","p":680}},{"type":"Feature","geometry":{"type":"Point","coordinates":[19.843166,50.008055]},"properties":{"d":"2025-02-20","r":"dom jednorodzinny","z":"budowa","o":"Budowa budynku mieszkalnego jednorodzinnego z instalacjami wewnętrznymi: wod-kan., prądu, c.o., gazu, wentylacji mechanicznej, wraz z…","p":1310}},{"type":"Feature","geometry":{"type":"Point","coordinates":[20.055707,50.014064]},"properties":{"d":"2025-02-28","r":"dom jednorodzinny","z":"budowa","o":"Budowa budynku mieszkalnego jednorodzinnego z wewnętrznymi instalacjami : wod.-kan., c.o., went.-mech., energii elektrycznej oraz gazu;…","p":640}},{"type":"Feature","geometry":{"type":"Point","coordinates":[19.93216,50.085939]},"properties":{"d":"2025-04-25","r":"budynek wielorodzinny","z":"budowa","o":null,"p":12570}},{"type":"Feature","geometry":{"type":"Point","coordinates":[19.886904,50.07916]},"properties":{"d":"2025-02-11","r":"obiekt publiczny","z":"budowa","o":"ul. JABŁONKOWSKA - Budowa budynku żłobka wraz z infrastrukturą techniczną na dz. nr 137/2, 138/2 obr. 6 Krowodrza przy ul. Jabłonkowskiej…","p":440}},{"type":"Feature","geometry":{"type":"Point","coordinates":[19.896264,50.080895]},"properties":{"d":"2025-03-05","r":"dom jednorodzinny","z":"nadbudowa","o":"Nadbudowa i przebudowa budynku mieszkalnego jednorodzinnego na działce nr 61/2 obr. 2 Krowodrza przy ul. Czepca 12b w Krakowie wraz z…","p":360}},{"type":"Feature","geometry":{"type":"Point","coordinates":[19.896373,50.080874]},"properties":{"d":"2025-03-05","r":"dom jednorodzinny","z":"nadbudowa","o":"Nadbudowa i przebudowa budynku mieszkalnego jednorodzinnego na dz. nr 61/3 obr. 2 Krowodrza przy ul. Czepca 12a w Krakowie wraz z nadbudową…","p":470}},{"type":"Feature","geometry":{"type":"Point","coordinates":[19.883851,50.048218]},"properties":{"d":"2025-10-31","r":"dom jednorodzinny","z":"budowa","o":"ul. Bruzdowa - Budowa budynku mieszkalnego jednorodzinnego z wbudowanym garażem, wraz z dojściem i dojazdem, wewnętrzną instalacją wod-kan,…","p":1280}},{"type":"Feature","geometry":{"type":"Point","coordinates":[19.90716,50.020531]},"properties":{"d":"2025-04-15","r":"budynek wielorodzinny","z":"budowa","o":"Budowa budynku mieszkalnego wielorodzinnego z garażem wbudowanym, zagospodarowaniem terenu i infrastrukturą techniczną tj. instalacjami…","p":6190}},{"type":"Feature","geometry":{"type":"Point","coordinates":[19.970162,50.004487]},"properties":{"d":"2025-02-04","r":"dom jednorodzinny","z":"budowa","o":"Budowa 2 budynków mieszkalnych jednorodzinnych dwulokalowych wraz z instalacjami wewnętrznymi (wod.kan., wentylacji mechanicznej, gazową,…","p":5080}},{"type":"Feature","geometry":{"type":"Point","coordinates":[20.168766,50.067437]},"properties":{"d":"2025-04-08","r":"dom jednorodzinny","z":"budowa","o":"Budowa budynku mieszkalnego jednorodzinnego wraz z instalacjami wewnętrznymi wod-kan, gazu, c.o., prądu, instalacją zalicznikową prądu,…","p":2030}},{"type":"Feature","geometry":{"type":"Point","coordinates":[19.902784,50.056032]},"properties":{"d":"2025-03-10","r":"dom jednorodzinny","z":"rozbudowa","o":"Rozbudowa budynku mieszkalnego jednorodzinnego o windę osobową dla osób niepełnosprawnych na dz. nr 325 obr. 11 jedn. ewid. Krowodrza przy…","p":720}},{"type":"Feature","geometry":{"type":"Point","coordinates":[20.044569,50.045683]},"properties":{"d":"2025-02-19","r":"dom jednorodzinny","z":"budowa","o":"Budowa dwóch budynków mieszkalnych jednorodzinnych w zabudowie bliźniaczej (B1 - budynek jednolokalowy z wbudowanym garażem, B2 - budynek…","p":1160}},{"type":"Feature","geometry":{"type":"Point","coordinates":[20.179951,50.111713]},"properties":{"d":"2025-01-08","r":"dom jednorodzinny","z":"budowa","o":"Budowa budynku mieszkalnego jednorodzinnego z instalacjami wewnętrznymi: wody, kanalizacji, centralnego ogrzewania, energii elektrycznej i…","p":800}},{"type":"Feature","geometry":{"type":"Point","coordinates":[19.929401,50.028261]},"properties":{"d":"2025-04-28","r":"obiekt usługowy","z":"budowa","o":"Budowa budynku hotelowego z zewnętrznym parterowym garażem oraz infrastrukturą techniczną: zewnętrzne odcinki instalacji wewnętrznych…","p":860}},{"type":"Feature","geometry":{"type":"Point","coordinates":[19.97132,50.066866]},"properties":{"d":"2025-03-27","r":"obiekt usługowy","z":"budowa","o":"ul. Mogilska - wniosek o wydanie decyzji o zmianie pozwolenia na budowę - decyzja numer 604/6740.1/2024 z dnia 03.07.2024 znak sprawy…","p":1740}},{"type":"Feature","geometry":{"type":"Point","coordinates":[19.982291,50.013487]},"properties":{"d":"2025-03-14","r":"dom jednorodzinny","z":"budowa","o":"Budowa budynku mieszkalnego jednorodzinnego z garażem podziemnym, zagospodarowaniem terenu wraz z instalacjami wewnętrznymi: wod-kan,…","p":920}},{"type":"Feature","geometry":{"type":"Point","coordinates":[20.127445,50.097694]},"properties":{"d":"2025-02-07","r":"dom jednorodzinny","z":"budowa","o":"ul. Glinik 49B - Budowa budynku mieszkalnego jednorodzinnego wraz z zewnętrznymi odcinkami instalacji wewnętrznych: instalacją za…","p":1320}},{"type":"Feature","geometry":{"type":"Point","coordinates":[20.149715,50.086828]},"properties":{"d":"2025-03-26","r":"dom jednorodzinny","z":"budowa","o":"\"Budowa budynku mieszkalnego jednorodzinnego (z instalacjami wew. i zew.: wod-kan., c.o., gaz, elektryka, went. mech., kanalizacja opadowa)…","p":1610}},{"type":"Feature","geometry":{"type":"Point","coordinates":[19.896137,50.070643]},"properties":{"d":"2025-09-19","r":"obiekt usługowy","z":"budowa","o":"Budowa budynku usługowego - innego obiektu świadczącego usługi hotelarskie z usługami w części budynku oraz garażem podziemnym (Budynek B),…","p":7480}},{"type":"Feature","geometry":{"type":"Point","coordinates":[19.891344,50.034738]},"properties":{"d":"2025-02-13","r":"dom jednorodzinny","z":"budowa","o":"Budowa zespołu dwóch budynków mieszkalnych jednorodzinnych w zabudowie bliźniaczej, oraz jednego budynku mieszkalnego, jednorodzinnego,…","p":6100}},{"type":"Feature","geometry":{"type":"Point","coordinates":[19.896152,50.070677]},"properties":{"d":"2025-04-25","r":"obiekt usługowy","z":"budowa","o":"Budowa budynku usługowego-innego obiektu świadczącego usługi hotelarskie  budynku zakwaterowania turystycznego i rekreacyjnego, z garażem…","p":6880}},{"type":"Feature","geometry":{"type":"Point","coordinates":[19.990255,50.043152]},"properties":{"d":"2025-05-09","r":"budynek wielorodzinny","z":"budowa","o":"Budowa budynku mieszkalnego wielorodzinnego z garażem podziemnym, instalacjami wewnętrznymi, wewnętrznym układem drogowym z naziemnymi…","p":3370}},{"type":"Feature","geometry":{"type":"Point","coordinates":[20.041873,50.018262]},"properties":{"d":"2025-02-26","r":"dom jednorodzinny","z":"budowa","o":"Nadbudowa i przebudowa budynku mieszkalnego jednorodzinnego wraz ze zmianą sposobu użytkowania poddasza nieużytkowego na mieszkalne na dz.…","p":250}},{"type":"Feature","geometry":{"type":"Point","coordinates":[19.988628,50.035246]},"properties":{"d":"2025-03-27","r":"dom jednorodzinny","z":"budowa","o":"Budowa budynku mieszkalnego jednorodzinnego z garażem oraz infrastrukturą techniczną na terenie działki : kanalizacja sanitarna,…","p":910}},{"type":"Feature","geometry":{"type":"Point","coordinates":[19.833054,50.066839]},"properties":{"d":"2025-04-02","r":"dom jednorodzinny","z":"budowa","o":"BUDOWA CZTERECH BUDYNKÓW MIESZKALNYCH JEDNORODZINNYCH W ZABUDOWIE BLIŹNIACZEJ Z GARAŻAMI PODZIEMNYMI WRAZ Z INSTALACJAMI WEWNĘTRZNYMI:…","p":2800}},{"type":"Feature","geometry":{"type":"Point","coordinates":[19.835595,50.0287]},"properties":{"d":"2025-03-14","r":"dom jednorodzinny","z":"budowa","o":"Budowa dwóch budynków mieszkalnych jednorodzinnych wolnostojących. Każdy z wbudowanymi dwoma garażami dla samochodów osobowych oraz…","p":5140}},{"type":"Feature","geometry":{"type":"Point","coordinates":[20.189477,50.056539]},"properties":{"d":"2025-09-22","r":"dom jednorodzinny","z":"budowa","o":"Budowa budynku mieszkalnego, jednorodzinnego wraz z infrastrukturą techniczną - instalacją zewnętrzną kanalizacji sanitarnej, elektryczną…","p":1250}},{"type":"Feature","geometry":{"type":"Point","coordinates":[19.961944,50.027074]},"properties":{"d":"2025-01-27","r":"obiekt usługowy","z":"budowa","o":"postępowanie o zmianę pozwolenia na budowę decyzji Prezydenta Miasta Krakowa nr. 997/6740.1/2024 z dnia 28.10.2024 r. znak sprawy…","p":4370}},{"type":"Feature","geometry":{"type":"Point","coordinates":[19.930132,50.100433]},"properties":{"d":"2025-03-20","r":"budynek wielorodzinny","z":"budowa","o":"ul. Zygmunta Glogera - Budynki mieszkalne wielorodzinne b,c z usługą w parterze, z garażami podziemnymi, naziemnymi miejscami postojowymi…","p":41720}},{"type":"Feature","geometry":{"type":"Point","coordinates":[19.914586,50.025982]},"properties":{"d":"2025-06-20","r":"dom jednorodzinny","z":"budowa","o":"\"Budowa dwóch budynków mieszkalnych jednorodzinnych dwulokalowych w zabudowie bliźniaczej (B1, B2) wraz z niezbędną infrastrukturą…","p":490}},{"type":"Feature","geometry":{"type":"Point","coordinates":[19.869163,50.015221]},"properties":{"d":"2025-02-10","r":"obiekt usługowy","z":"budowa","o":"Budowa budynku zamieszkania zbiorowego (pensjonatu) z instalacjami wewnętrznymi : wod.-kan., gaz, c.o., energii elektrycznej,…","p":2620}},{"type":"Feature","geometry":{"type":"Point","coordinates":[20.082463,50.098324]},"properties":{"d":"2025-01-22","r":"inny","z":"budowa","o":"Budowa siedmiu budynków mieszkalnych jednorodzinnych (C1-C7) wraz z instalacjami wewnętrznymi: wody, kanalizacji sanitarnej, centralnego…","p":2720}},{"type":"Feature","geometry":{"type":"Point","coordinates":[19.90148,50.109553]},"properties":{"d":"2025-03-26","r":"dom jednorodzinny","z":"rozbudowa","o":"ul. Łokietka - Rozbudowa budynku mieszkalnego jednorodzinnego","p":3060}},{"type":"Feature","geometry":{"type":"Point","coordinates":[19.901864,50.029602]},"properties":{"d":"2025-02-18","r":"obiekt publiczny","z":"budowa","o":"Stanowisko komentatorów i transmisji TV z instalacją elektryczną oraz ogrodzenie na terenie Uczelnianego Centrum Sportowo-Rekreacyjnego…","p":3580}},{"type":"Feature","geometry":{"type":"Point","coordinates":[19.92014,50.049057]},"properties":{"d":"2025-03-28","r":"dom jednorodzinny","z":"budowa","o":"Budowa 2 budynków mieszkalnych jednorodzinnych, dwulokalowych w zabudowie bliźniaczej z garażami podziemnymi, wraz z niezbędną…","p":750}},{"type":"Feature","geometry":{"type":"Point","coordinates":[19.92366,50.025709]},"properties":{"d":"2025-06-06","r":"dom jednorodzinny","z":"budowa","o":"Budowa budynku mieszkalnego jednorodzinnego (w dobudowie) wraz z wewnętrznymi instalacjami: wod.  kan., c.o., wentylacji, elektrycznej,…","p":610}},{"type":"Feature","geometry":{"type":"Point","coordinates":[19.883449,49.980125]},"properties":{"d":"2025-05-05","r":"dom jednorodzinny","z":"budowa","o":"\"Rozbiórka istniejącego budynku gospodarczego oraz budowa budynku mieszkalnego jednorodzinnego wraz z zewnętrznymi odcinkami instalacji…","p":3150}},{"type":"Feature","geometry":{"type":"Point","coordinates":[19.894952,50.078703]},"properties":{"d":"2025-07-08","r":"obiekt usługowy","z":"budowa","o":"ul. Gabrieli Zapolskiej - Zmiana pozwolenia na budowę nr dec.: 231/6740.1/2023 z dnia 27.02.2023 r. znak sprawy:…","p":3750}},{"type":"Feature","geometry":{"type":"Point","coordinates":[20.070603,50.098689]},"properties":{"d":"2025-03-13","r":"dom jednorodzinny","z":"budowa","o":"Budowa budynku mieszkalnego jednorodzinnego wraz z instalacjami wewnętrznymi: wod-kan, gaz, c.o., wentylacją mechaniczną, energią…","p":760}},{"type":"Feature","geometry":{"type":"Point","coordinates":[19.896178,50.007416]},"properties":{"d":"2025-04-16","r":"obiekt usługowy","z":"budowa","o":"Budowa budynku biurowo-usługowego z garażem podziemnym, z instalacjami wewnętrznymi: wodociągową, kanalizacji sanitarnej, kanalizacji…","p":1260}},{"type":"Feature","geometry":{"type":"Point","coordinates":[20.110613,50.112368]},"properties":{"d":"2025-02-18","r":"dom jednorodzinny","z":"budowa","o":"Budowa budynku mieszkalnego jednorodzinnego wraz z zewnętrznymi odcinkami wewnętrznych instalacji: energii elektrycznej, gazu, kanalizacji…","p":950}},{"type":"Feature","geometry":{"type":"Point","coordinates":[19.923277,50.098505]},"properties":{"d":"2025-04-01","r":"budynek wielorodzinny","z":"budowa","o":"ul. Pękowicka - Budowa budynku mieszkalnego wielorodzinnego z lokalami usługowymi w parterze oraz garażem podziemnym, wewnętrznym układem…","p":9040}},{"type":"Feature","geometry":{"type":"Point","coordinates":[20.007516,50.013911]},"properties":{"d":"2025-02-25","r":"obiekt usługowy","z":"nadbudowa","o":"nadbudowa i przebudowa budynku usługowego wraz z instalacjami wod-kan, gaz, C.O., energii elektrycznej, instalacją WLZ energii elektrycznej…","p":12390}},{"type":"Feature","geometry":{"type":"Point","coordinates":[19.880725,50.016311]},"properties":{"d":"2025-02-20","r":"dom jednorodzinny","z":"budowa","o":"\"Budowa budynku mieszkalnego jednorodzinnego wolnostojącego wraz z wewnętrznymi instalacjami wod.-kan., gazową, c.o., elektryczną,…","p":1310}},{"type":"Feature","geometry":{"type":"Point","coordinates":[19.918064,50.0264]},"properties":{"d":"2025-02-17","r":"budynek mieszkalno-usługowy","z":"budowa","o":"zmianA decyzji pozwolenia na budowę nr 1262/6740.1/2023 z dnia 13 listopada 2023 r. znak: AU015.6740.1.88.2023.MOS wydanej dla zamierzenia…","p":530}},{"type":"Feature","geometry":{"type":"Point","coordinates":[20.126897,50.098038]},"properties":{"d":"2025-04-29","r":"obiekt publiczny","z":"budowa","o":"Budowa budynku żłobka modułowego, wraz z instalacjami wewnętrznymi: wod.-kan., hydrantową, c.o., wentylacji, elektryczną, fotowoltaiczną:…","p":1230}},{"type":"Feature","geometry":{"type":"Point","coordinates":[20.17118,50.112223]},"properties":{"d":"2025-02-12","r":"dom jednorodzinny","z":"budowa","o":"Budowa budynku mieszkalnego jednorodzinnego z zagospodarowaniem terenu i infrastrukturą techniczną tj.: dojściem i dojazdem, naziemnymi…","p":4670}},{"type":"Feature","geometry":{"type":"Point","coordinates":[20.043772,50.09294]},"properties":{"d":"2025-02-21","r":"dom jednorodzinny","z":"budowa","o":"Budowa dwóch budynków mieszkalnych jednorodzinnych w zabudowie bliźniaczej (A, B) z wewnętrznymi instalacjami: elektryczną wraz z odcinkiem…","p":2740}},{"type":"Feature","geometry":{"type":"Point","coordinates":[19.921375,49.983632]},"properties":{"d":"2025-03-05","r":"dom jednorodzinny","z":"budowa","o":"Budowa zespołu 19 budynków mieszkalnych jednorodzinnych dwulokalowych wraz z wewnętrznymi instalacjami (wod-kan, c.o., elektr., went.…","p":5070}},{"type":"Feature","geometry":{"type":"Point","coordinates":[19.853038,50.0699]},"properties":{"d":"2025-02-20","r":"dom jednorodzinny","z":"budowa","o":"Budowa budynku mieszkalnego jednorodzinnego, wolnostojącego z wbudowanym garażem, instalacjami wewnętrznymi (wodną, kanalizacji sanitarnej…","p":880}},{"type":"Feature","geometry":{"type":"Point","coordinates":[20.04902,50.094172]},"properties":{"d":"2025-03-05","r":"dom jednorodzinny","z":"budowa","o":"Budowa budynku mieszkalnego jednorodzinnego z garażem wbudowanym wraz z instalacjami wewnętrznymi; wod.-kan., gaz, energii elektrycznej,…","p":370}},{"type":"Feature","geometry":{"type":"Point","coordinates":[19.95479,50.088813]},"properties":{"d":"2025-02-25","r":"budynek mieszkalno-usługowy","z":"budowa","o":"Zmiana pozwolenia na budowę nr 966/6740.1/2024 z dnia 18.10.2024 r., znak sprawy: AU-01-3.6740.1.237.2024.DMT wydanego dla zamierzenia…","p":16870}},{"type":"Feature","geometry":{"type":"Point","coordinates":[20.038968,50.043701]},"properties":{"d":"2025-02-24","r":"dom jednorodzinny","z":"budowa","o":"ul. Rybitwy - Budowa budynku mieszkalnego jednorodzinnego z instalacjami wewnętrznymi (wod-kan, gaz, CO, went. mech. elektr.); instalalacji…","p":700}},{"type":"Feature","geometry":{"type":"Point","coordinates":[19.844564,50.024139]},"properties":{"d":"2025-06-26","r":"dom jednorodzinny","z":"budowa","o":"Budowa budynku mieszkalnego jednorodzinnego z garażem wbudowanym, wewnętrznymi instalacjami (energii elektrycznej, wody, kanalizacji…","p":870}},{"type":"Feature","geometry":{"type":"Point","coordinates":[20.186445,50.078152]},"properties":{"d":"2025-03-20","r":"inny","z":"budowa","o":"Budowa ściany oddzielenia pożarowego dla placu magazynowego do czasowego magazynowania odpadów celem ich przetwarzania i recyklingu na…","p":20480}},{"type":"Feature","geometry":{"type":"Point","coordinates":[19.957395,50.058461]},"properties":{"d":"2025-03-28","r":"budynek mieszkalno-usługowy","z":"nadbudowa","o":"ul. Hetmana Stanisława Żółkiewskiego - Przebudowa, nadbudowa i zmiana sposobu użytkowania istniejącego budynku wielorodzinnego (kamienicy)…","p":1230}},{"type":"Feature","geometry":{"type":"Point","coordinates":[20.173845,50.078372]},"properties":{"d":"2025-02-03","r":"dom jednorodzinny","z":"budowa","o":"Budowa budynku mieszkalnego jednorodzinnego z instalacjami wewnętrznymi: elektryczną, gazową, wod.-kan. i c.o., z utwardzeniem nawierzchni…","p":1070}},{"type":"Feature","geometry":{"type":"Point","coordinates":[20.064458,50.059391]},"properties":{"d":"2025-01-16","r":"dom jednorodzinny","z":"budowa","o":"Budowa budynku mieszkalnego jednorodzinnego z garażem w bryle budynku, szczelnym zbiornikiem na wody deszczowe, fotowoltaika, instalacjami…","p":970}},{"type":"Feature","geometry":{"type":"Point","coordinates":[19.884979,49.9982]},"properties":{"d":"2025-03-18","r":"dom jednorodzinny","z":"budowa","o":"Budowa 6 budynków mieszkalnych jednorodzinnych dwulokalowych nr 1,2, 3, 4, 5, 6 w zabudowie szeregowej wraz z zewnętrznymi odcinkami…","p":1640}},{"type":"Feature","geometry":{"type":"Point","coordinates":[19.843314,50.067216]},"properties":{"d":"2025-05-09","r":"dom jednorodzinny","z":"budowa","o":"ul. Przyszłości - Budowa dwóch budynków jednorodzinnych w zabudowie bliźniaczej wraz z niezbędną infrastrukturą oraz rozbiórkę dwóch…","p":900}},{"type":"Feature","geometry":{"type":"Point","coordinates":[20.104042,50.109134]},"properties":{"d":"2025-04-01","r":"dom jednorodzinny","z":"budowa","o":"Budowa budynku mieszkalnego  domu jednorodzinnego, wolnostojącego z wewnętrznymi instalacjami w budynku: (wod-kan., gazową, c.o. i…","p":3200}},{"type":"Feature","geometry":{"type":"Point","coordinates":[19.874347,50.000832]},"properties":{"d":"2025-05-12","r":"dom jednorodzinny","z":"budowa","o":"Budowa budynku mieszkalnego jednorodzinnego wolnostojącego, budynku gospodarczego wraz z instalacjami wewnętrznymi: wod-kan, c.o., c.w.u. i…","p":1070}},{"type":"Feature","geometry":{"type":"Point","coordinates":[20.005498,50.010844]},"properties":{"d":"2025-02-07","r":"budynek wielorodzinny","z":"budowa","o":"Zmiana pozwolenia na budowę decyzji nr 150/6740.1/2024 z dnia 23.02.2024 r. znak sprawy: AU-01-4.6740.1.189.2024.ACH","p":19010}},{"type":"Feature","geometry":{"type":"Point","coordinates":[19.923426,50.035022]},"properties":{"d":"2025-10-24","r":"obiekt usługowy","z":"budowa","o":"ul. Kobierzyńska - Budowa budynku usługowego (usługa hotelowa) z garażem podziemnym wraz z budową chodników, miejsc postojowych naziemnych,…","p":16160}},{"type":"Feature","geometry":{"type":"Point","coordinates":[19.855944,50.07424]},"properties":{"d":"2025-04-08","r":"dom jednorodzinny","z":"budowa","o":"ul. Pylna - Budowa budynku mieszkalnego jednorodzinnego wraz z infrastrukturą, dojściami i dojazdami.","p":2360}},{"type":"Feature","geometry":{"type":"Point","coordinates":[19.896196,50.096435]},"properties":{"d":"2025-02-28","r":"dom jednorodzinny","z":"budowa","o":"ul. Józefa Chełmońskiego - Budowa budynku mieszkalnego jednorodzinnego (parterowego z użytkowym poddaszem, podpiwniczonego z wbudowanym…","p":1200}},{"type":"Feature","geometry":{"type":"Point","coordinates":[19.824579,50.042296]},"properties":{"d":"2025-03-07","r":"dom jednorodzinny","z":"nadbudowa","o":null,"p":860}},{"type":"Feature","geometry":{"type":"Point","coordinates":[19.994857,50.047277]},"properties":{"d":"2025-03-31","r":"budynek wielorodzinny","z":"budowa","o":"ul. Lasówka - budowa budynku mieszkalnego wielorodzinnego z garażem podziemnym, z wewnętrznymi instalacjami: wody, kanalizacji, energii…","p":1320}},{"type":"Feature","geometry":{"type":"Point","coordinates":[19.868867,50.006816]},"properties":{"d":"2025-01-27","r":"dom jednorodzinny","z":"budowa","o":"Budowa budynku mieszkalnego jednorodzinnego wraz z zagospodarowaniem terenu i niezbędną infrastrukturą techniczną : instalacje wewnętrzne…","p":590}},{"type":"Feature","geometry":{"type":"Point","coordinates":[19.901011,50.097566]},"properties":{"d":"2025-07-11","r":"dom jednorodzinny","z":"budowa","o":"ul. Stelmachów - Zespół trzech budynków jednorodzinnych wolnostojących wraz z infrastrukturą techniczną towarzyszącą, dojściem i dojazdem…","p":14410}},{"type":"Feature","geometry":{"type":"Point","coordinates":[19.926848,50.061318]},"properties":{"d":"2025-04-15","r":"obiekt publiczny","z":"nadbudowa","o":"ul. GARNCARSKA - Nadbudowa budynku przychodni przyklinicznej o jedna kondygnację oraz przebudowa polegająca na wykonaniu połączenia z…","p":8230}},{"type":"Feature","geometry":{"type":"Point","coordinates":[19.870857,50.092105]},"properties":{"d":"2025-07-21","r":"dom jednorodzinny","z":"budowa","o":"ul. Ks Truszkowskiego - wniosek o wydanie decyzji o zmianie pozwolenia na budowę - decyzja numer 343/6740.1/2024 z dnia 18.04.2024 znak…","p":4080}},{"type":"Feature","geometry":{"type":"Point","coordinates":[19.86878,50.093219]},"properties":{"d":"2025-07-21","r":"dom jednorodzinny","z":"budowa","o":"ul. Tetmajera - wniosek o wydanie decyzji o zmianie pozwolenie na budowę Nr 335/6740.1/2024 z dnia 15.04.2024 znak sprawy…","p":10070}},{"type":"Feature","geometry":{"type":"Point","coordinates":[19.868915,50.093108]},"properties":{"d":"2025-07-23","r":"dom jednorodzinny","z":"budowa","o":"UL. KS. TRUSZKOWSKIEGO - wniosek o wydanie decyzji o zmianie pozwolenia na budowę - decyzja numer 293/6740.1/2024z dnia 5.04.2024 znak…","p":8270}},{"type":"Feature","geometry":{"type":"Point","coordinates":[20.140595,50.065549]},"properties":{"d":"2025-05-06","r":"obiekt publiczny","z":"budowa","o":"Budowa żłobka wraz z instalacjami wewnętrznymi: elektrycznej, gazu, wody, kanalizacji sanitarnej, centralnego ogrzewania, wentylacji…","p":5780}},{"type":"Feature","geometry":{"type":"Point","coordinates":[19.963958,50.000037]},"properties":{"d":"2025-09-16","r":"dom jednorodzinny","z":"budowa","o":"budowa budynku mieszkalnego jednorodzinnego z wew. instalacjami: wody, kanalizacji sanitarnej, c.o., gazowej, elektrycznej, wentylacji…","p":880}},{"type":"Feature","geometry":{"type":"Point","coordinates":[19.907536,49.983892]},"properties":{"d":"2025-02-05","r":"dom jednorodzinny","z":"budowa","o":"Przebudowa, rozbudowa, nadbudowa i termomodernizacja budynku mieszkalnego jednorodzinnego oraz budowa murka oporowego wraz z poszerzeniem…","p":520}},{"type":"Feature","geometry":{"type":"Point","coordinates":[19.888184,50.082226]},"properties":{"d":"2025-10-06","r":"obiekt usługowy","z":"budowa","o":"ul. Bronowicka/Wernyhory - wniosek o pozwolenie na budowę - budowa budynku usługowego (gabinety kosmetyczne) wraz z instalacjami…","p":6010}},{"type":"Feature","geometry":{"type":"Point","coordinates":[19.831902,50.055751]},"properties":{"d":"2025-07-31","r":"dom jednorodzinny","z":"budowa","o":"ul. Orla - wniosek o wydanie decyzji o zmianie pozwolenia na budowę - decyzja 1591/2011 z dnia 21.07.2011 znak sprawy…","p":5840}},{"type":"Feature","geometry":{"type":"Point","coordinates":[19.955102,50.08868]},"properties":{"d":"2025-02-11","r":"obiekt usługowy","z":"budowa","o":"zmiana decyzji Nr 1052/6740.1/2024 z dnia 15.11.2024 r., znak: AU-01-3.6740.1.246.2024.DMT wydanej dla zamierzenia budowlanego pn.: Budowa…","p":9840}},{"type":"Feature","geometry":{"type":"Point","coordinates":[19.92001,50.101491]},"properties":{"d":"2025-09-03","r":"budynek wielorodzinny","z":"budowa","o":"ul. Piaszczysta - Budowa budynku mieszkalnego wielorodzinnego z garażem podziemnym, infrastrukturą techniczną i komunikacyjną oraz…","p":9860}},{"type":"Feature","geometry":{"type":"Point","coordinates":[19.820801,50.03979]},"properties":{"d":"2025-09-24","r":"dom jednorodzinny","z":"budowa","o":"ul. Na Wirach - Budowa czternastu budynków mieszkalnych jednorodzinnych w siedmiu zabudowach bliźniaczych z instalacjami wewnętrznymi…","p":8380}},{"type":"Feature","geometry":{"type":"Point","coordinates":[19.942966,50.039817]},"properties":{"d":"2025-10-15","r":"budynek wielorodzinny","z":"nadbudowa","o":null,"p":24400}},{"type":"Feature","geometry":{"type":"Point","coordinates":[19.986562,49.983854]},"properties":{"d":"2025-03-20","r":"dom jednorodzinny","z":"budowa","o":"ul. Jerzego Kuryłowicza - Budowa budynku mieszkalnego jednorodzinnego wraz z instalacjami wewnętrznymi: wody, kanalizacji sanitarnej, gazu,…","p":2440}},{"type":"Feature","geometry":{"type":"Point","coordinates":[20.102861,50.112342]},"properties":{"d":"2025-02-13","r":"dom jednorodzinny","z":"budowa","o":"ul. Kalwińska - Budowa budynku mieszkalnego jednorodzinnego z wbudowanym garażem","p":1220}},{"type":"Feature","geometry":{"type":"Point","coordinates":[19.929643,50.022237]},"properties":{"d":"2025-06-06","r":"dom jednorodzinny","z":"nadbudowa","o":"Remont ( z termomodernizacją elewacji), przebudowa i nadbudowa (zmiana kształtu dachu) istniejącego budynku mieszkalnego jednorodzinnego…","p":290}},{"type":"Feature","geometry":{"type":"Point","coordinates":[19.977049,50.038531]},"properties":{"d":"2025-06-04","r":"budynek wielorodzinny","z":"budowa","o":"Budowa budynku mieszkalnego wielorodzinnego wraz z lokalami usługowymi, parkingiem podziemnym, instalacjami wewnętrznymi: wodociągową,…","p":7770}},{"type":"Feature","geometry":{"type":"Point","coordinates":[20.042533,50.013565]},"properties":{"d":"2025-04-07","r":"dom jednorodzinny","z":"rozbudowa","o":"Rozbudowa i przebudowa budynku mieszkalnego jednorodzinnego z dwoma lokalami mieszkalnymi, rozbiórka istniejącego pomieszczenia…","p":670}},{"type":"Feature","geometry":{"type":"Point","coordinates":[20.178617,50.053919]},"properties":{"d":"2025-02-10","r":"dom jednorodzinny","z":"budowa","o":"Budowa budynku mieszkalnego jednorodzinnego wraz z instalacjami wewnętrznymi wodociągową, kanalizacji sanitarnej, centralnego ogrzewania,…","p":4310}},{"type":"Feature","geometry":{"type":"Point","coordinates":[19.893506,50.013854]},"properties":{"d":"2025-03-20","r":"dom jednorodzinny","z":"budowa","o":"Budowa ośmiu budynków mieszkalnych jednorodzinnych w zabudowie bliźniaczej z garażami wbudowanymi wraz z wewnętrznymi instalacjami wewnątrz…","p":4200}},{"type":"Feature","geometry":{"type":"Point","coordinates":[20.159959,50.073507]},"properties":{"d":"2025-02-26","r":"dom jednorodzinny","z":"budowa","o":"Budowa budynku mieszkalnego jednorodzinnego wraz z instalacjami wewnętrznymi: wodociągową, kanalizacji sanitarnej, centralnego ogrzewania,…","p":1210}},{"type":"Feature","geometry":{"type":"Point","coordinates":[19.954953,50.044075]},"properties":{"d":"2025-07-15","r":"obiekt usługowy","z":"budowa","o":"budowa budynku biurowego dla oddziału Instytutu Pamięci Narodowej - Komisji Ścigania Zbrodni przeciwko Narodowi Polskiemu (IPN-KŚZPNP) w…","p":13770}},{"type":"Feature","geometry":{"type":"Point","coordinates":[20.056559,50.041783]},"properties":{"d":"2025-05-21","r":"dom jednorodzinny","z":"budowa","o":"ul. Rączna 58 - budowa budynku mieszkalnego jednorodzinnego wraz z instalacjami wewnętrznymi: elektryczną, wod.-kan., c.o., wentylacji…","p":460}},{"type":"Feature","geometry":{"type":"Point","coordinates":[20.042922,50.044926]},"properties":{"d":"2025-03-27","r":"dom jednorodzinny","z":"budowa","o":"Budowa budynku mieszkalnego jednorodzinnego- z instalacjami wewnątrz budynku- elektryczną, wodociągową, c.o. z pompą ciepła, kanalizacji…","p":1750}},{"type":"Feature","geometry":{"type":"Point","coordinates":[19.967456,50.024145]},"properties":{"d":"2025-03-05","r":"dom jednorodzinny","z":"budowa","o":"Budowa budynku mieszkalnego jednorodzinnego wolnostojącego z instalacjami wewnętrznymi: wody, kanalizacji sanitarnej, gazu, C.O., energii…","p":430}},{"type":"Feature","geometry":{"type":"Point","coordinates":[20.152844,50.109875]},"properties":{"d":"2025-03-19","r":"dom jednorodzinny","z":"budowa","o":"Budowa budynku mieszkalnego jednorodzinnego z wewn. Instalacjami: wod.-kan., c.o., gazową, elektryczną i wentylacji mechanicznej, z…","p":12200}},{"type":"Feature","geometry":{"type":"Point","coordinates":[19.853597,50.070335]},"properties":{"d":"2025-04-16","r":"dom jednorodzinny","z":"budowa","o":"ul. Wiosenna - Budowa budynku mieszkalnego jednorodzinnego wolnostojącego z wbudowanym garażem, instalacjami wewnętrznymi (wodną,…","p":870}},{"type":"Feature","geometry":{"type":"Point","coordinates":[19.866227,49.976576]},"properties":{"d":"2025-04-22","r":"dom jednorodzinny","z":"budowa","o":"Budowa czterech budynków mieszkalnych jednorodzinnych w zabudowie bliźniaczej wraz z wewnętrznymi instalacjami wod.-kan., gaz, c.o.,…","p":4040}},{"type":"Feature","geometry":{"type":"Point","coordinates":[19.884121,50.070696]},"properties":{"d":"2025-05-20","r":"dom jednorodzinny","z":"budowa","o":"ul. HAMERNIA - Budowa dwóch budynków mieszkalnych jednorodzinnych wolnostojących wraz z miejscami postojowymi oraz wewnętrznymi…","p":810}},{"type":"Feature","geometry":{"type":"Point","coordinates":[19.898388,50.072734]},"properties":{"d":"2025-02-10","r":"budynek wielorodzinny","z":"budowa","o":"ul. Zarzecze / ul. Juliusza Lea - Zmiana pozwolenia na budowę nr: 753/6740.1/2022 z dnia 15.06.2022 r. znak sprawy:…","p":1040}},{"type":"Feature","geometry":{"type":"Point","coordinates":[19.943152,50.047844]},"properties":{"d":"2025-05-20","r":"budynek mieszkalno-usługowy","z":"rozbudowa","o":"Plac Wolnica 14 - Przebudowa i rozbudowa galerii komunikacyjnych, remont i docieplenie ścian zewnętrznych od strony podwórza budynku…","p":660}},{"type":"Feature","geometry":{"type":"Point","coordinates":[20.138743,50.092346]},"properties":{"d":"2025-04-28","r":"dom jednorodzinny","z":"budowa","o":"Budowa budynku mieszkalnego jednorodzinnego parterowego wraz z poddaszem użytkowym wg projektu typowego DOM W CZERWONOKRZEWACH wraz z…","p":1660}},{"type":"Feature","geometry":{"type":"Point","coordinates":[20.109524,50.112562]},"properties":{"d":"2025-04-23","r":"dom jednorodzinny","z":"budowa","o":"Budowa budynku mieszkalnego jednorodzinnego z instalacjami wewnętrznymi: wody, kanalizacji sanitarnej, energii elektrycznej, gazu,…","p":950}},{"type":"Feature","geometry":{"type":"Point","coordinates":[20.003648,49.994321]},"properties":{"d":"2025-12-09","r":"dom jednorodzinny","z":"budowa","o":"ul. Strzegów - Budowa budynku mieszkalnego jednorodzinnego wraz z instalacjami wewnętrznymi, c.o., elektryczną, fotowoltaiczną, wod-kan.,…","p":5660}},{"type":"Feature","geometry":{"type":"Point","coordinates":[19.864948,50.047242]},"properties":{"d":"2025-04-09","r":"obiekt usługowy","z":"budowa","o":null,"p":8250}},{"type":"Feature","geometry":{"type":"Point","coordinates":[19.924994,50.101203]},"properties":{"d":"2025-04-24","r":"budynek wielorodzinny","z":"budowa","o":"Budowa budynku wielorodzinnego z garażem podziemnym wraz z instalacjami i utwardzeniem dojścia i dojazdu. Działki nr. 265/8, 266/6, obr.…","p":630}},{"type":"Feature","geometry":{"type":"Point","coordinates":[19.829746,50.04328]},"properties":{"d":"2025-06-23","r":"dom jednorodzinny","z":"rozbudowa","o":"ul. Pod Janem 4 - Przebudowa i rozbudowa domu jednorodzinnego.","p":1150}},{"type":"Feature","geometry":{"type":"Point","coordinates":[19.916644,50.056909]},"properties":{"d":"2025-03-21","r":"budynek wielorodzinny","z":"budowa","o":"Ul. B. PRUSA 33 - Budowa budynku mieszkalnego wielorodzinnego z lokalem usługowym w parterze oraz garażem podziemnym z wewnętrznymi…","p":810}},{"type":"Feature","geometry":{"type":"Point","coordinates":[19.950114,50.019982]},"properties":{"d":"2025-04-17","r":"dom jednorodzinny","z":"budowa","o":"Budowa dwóch budynków mieszkalnych jednorodzinnych dwulokalowych w zabudowie bliźniaczej wraz z garażami wbudowanymi, odcinkami instalacji…","p":770}},{"type":"Feature","geometry":{"type":"Point","coordinates":[20.004966,50.065858]},"properties":{"d":"2025-11-21","r":"obiekt usługowy","z":"budowa","o":"Budowa budynku handlowo-usługowego z wewnętrznymi instalacjami wewnątrz budynku: wodociągową, kanalizacji sanitarnej i deszczowej, c.o.,…","p":5640}},{"type":"Feature","geometry":{"type":"Point","coordinates":[19.860628,50.072149]},"properties":{"d":"2025-05-09","r":"dom jednorodzinny","z":"budowa","o":"ul. Królowej Jadwigi - Budowa ośmiu budynków mieszkalnych jednorodzinnych, dwulokalowych w zabudowie bliźniaczej (budynek m1-m8) z…","p":2950}},{"type":"Feature","geometry":{"type":"Point","coordinates":[19.990081,50.078859]},"properties":{"d":"2025-02-18","r":"inny","z":"budowa","o":"aleja Jana Pawła II 39 - Budowa zadaszeń dla stałej ekspozycji plenerowej Muzeum Lotnictwa Polskiego w Krakowie poświęconej samolotom MiG-…","p":89310}},{"type":"Feature","geometry":{"type":"Point","coordinates":[19.826967,50.073777]},"properties":{"d":"2025-04-03","r":"dom jednorodzinny","z":"rozbudowa","o":"Budowa (rozbudowa) budynku mieszkalnego jednorodzinnego, jednolokalowego z wbudowanym garażem wraz z infrastrukturą techniczną i…","p":990}},{"type":"Feature","geometry":{"type":"Point","coordinates":[19.857965,50.045562]},"properties":{"d":"2025-05-15","r":"dom jednorodzinny","z":"budowa","o":"ul. Gajówka - Budowa wolnostojącego budynku mieszkalnego jednorodzinnego wraz z instalacjami wod-kan, gazu, c.o., energii elektrycznej, wlz…","p":390}},{"type":"Feature","geometry":{"type":"Point","coordinates":[20.168602,50.052184]},"properties":{"d":"2025-04-04","r":"dom jednorodzinny","z":"budowa","o":"Budowa budynku mieszkalnego jednorodzinnego z wewnętrzną instalacją wody, kanalizacji, c.o. wraz z pompą ciepła, en. elektrycznej,…","p":780}},{"type":"Feature","geometry":{"type":"Point","coordinates":[20.168706,50.052376]},"properties":{"d":"2025-04-02","r":"dom jednorodzinny","z":"budowa","o":"ul. Ciekowiec - Budowa domu jednorodzinnego wraz z infrastrukturą","p":960}},{"type":"Feature","geometry":{"type":"Point","coordinates":[20.032434,50.008769]},"properties":{"d":"2025-03-31","r":"dom jednorodzinny","z":"rozbudowa","o":"Rozbudowa budynku mieszkalnego jednorodzinnego o część mieszczącą drugi lokal mieszkalny oraz przebudowa fragmentu przyziemia w części…","p":590}},{"type":"Feature","geometry":{"type":"Point","coordinates":[20.162299,50.070605]},"properties":{"d":"2025-04-08","r":"dom jednorodzinny","z":"budowa","o":"Budowa czterech budynków mieszkalnych jednorodzinnych jednolokalowych w zabudowie bliźniaczej z instalacjami wewnętrznymi: elektryczną,…","p":1220}},{"type":"Feature","geometry":{"type":"Point","coordinates":[20.022187,50.014766]},"properties":{"d":"2025-03-24","r":"obiekt usługowy","z":"budowa","o":"ul. Mieczysławy Ćwiklińskiej 14 - Budowa budynku pralni kontenerowej.","p":13450}},{"type":"Feature","geometry":{"type":"Point","coordinates":[20.102069,50.115012]},"properties":{"d":"2025-06-04","r":"dom jednorodzinny","z":"budowa","o":"Budowa budynku mieszkalnego jednorodzinnego wolnostojącego z wbudowanym garażem dwustanowiskowym wraz z instalacjami wewn.: wody, kan.…","p":890}},{"type":"Feature","geometry":{"type":"Point","coordinates":[19.891151,50.073934]},"properties":{"d":"2025-07-09","r":"obiekt publiczny","z":"budowa","o":"ul. Juliusza Lea 235 - Budowa budynku łukowej hali sportowej wraz z boiskiem wielofunkcyjnym, zapleczem i łącznikiem do istniejącej sali…","p":15720}},{"type":"Feature","geometry":{"type":"Point","coordinates":[20.11518,50.112405]},"properties":{"d":"2025-07-09","r":"dom jednorodzinny","z":"budowa","o":"ul. ks. Kazimierza Figlewicza - Budowa dwóch budynków mieszkalnych jednorodzinnych wraz z instalacjami wewnętrznymi tj.: wentylacji…","p":3540}},{"type":"Feature","geometry":{"type":"Point","coordinates":[20.173914,50.086146]},"properties":{"d":"2025-03-28","r":"dom jednorodzinny","z":"budowa","o":"ul. Waligórskiego - Budowa budynku mieszkalnego jednorodzinnego wraz z wewnętrznymi instalacjami w budynku: wodno - kanalizacyjną,…","p":2040}},{"type":"Feature","geometry":{"type":"Point","coordinates":[19.99493,50.046189]},"properties":{"d":"2025-11-18","r":"budynek wielorodzinny","z":"budowa","o":"ul. Lasówka - budowa budynku mieszkalnego wielorodzinnego z 3 segmentami naziemnymi","p":6480}},{"type":"Feature","geometry":{"type":"Point","coordinates":[20.002278,50.009622]},"properties":{"d":"2025-02-04","r":"obiekt usługowy","z":"budowa","o":"Budowa budynku socjalnego dla kierowców komunikacji miejskiej na pętli autobusowej znajdującej się na ul. Macieja Jakubowskiego w Krakowie…","p":11780}},{"type":"Feature","geometry":{"type":"Point","coordinates":[20.118999,50.045356]},"properties":{"d":"2025-07-03","r":"dom jednorodzinny","z":"budowa","o":"Budowa budynku mieszkalnego jednorodzinnego z infrastrukturą techniczną i zagospodarowaniem terenu na działce nr 264/2 obr. 39 Nowa Huta…","p":1000}},{"type":"Feature","geometry":{"type":"Point","coordinates":[20.167677,50.051252]},"properties":{"d":"2025-04-30","r":"dom jednorodzinny","z":"budowa","o":"Budowa budynku mieszkalnego jednorodzinnego z wewnętrznymi instalacjami: wody, kanalizacji sanitarnej, energii elektrycznej, centralnego…","p":900}},{"type":"Feature","geometry":{"type":"Point","coordinates":[19.859215,50.007505]},"properties":{"d":"2025-03-31","r":"dom jednorodzinny","z":"budowa","o":"Budowa budynku mieszkalnego jednorodzinnego wraz z przynależną infrastrukturą techniczną i zagospodarowaniem terenu z bezodpływowym…","p":5770}},{"type":"Feature","geometry":{"type":"Point","coordinates":[19.94698,49.985532]},"properties":{"d":"2025-04-17","r":"dom jednorodzinny","z":"budowa","o":"Budowa budynku mieszkalnego jednorodzinnego z wewnętrznymi instalacjami en elektr. wod.-kan., c. o., wentylacji mechanicznej z rekuperacją,…","p":2150}},{"type":"Feature","geometry":{"type":"Point","coordinates":[19.935984,50.090343]},"properties":{"d":"2025-04-24","r":"obiekt publiczny","z":"rozbudowa","o":"ul. Prądnicka - Przebudowa i rozbudowa Pawilonu M-III Krakowskiego Szpitala Specjalistycznego im. św. Jana Pawła II dla potrzeb poradni…","p":103700}},{"type":"Feature","geometry":{"type":"Point","coordinates":[20.110064,50.1031]},"properties":{"d":"2025-03-12","r":"dom jednorodzinny","z":"budowa","o":"Budowa dwóch budynków mieszkalnych jednorodzinnych wraz z instalacjami zewnętrznymi: kanalizacji sanitarnej, kanalizacji deszczowej wraz z…","p":1010}},{"type":"Feature","geometry":{"type":"Point","coordinates":[19.860304,50.037221]},"properties":{"d":"2025-04-15","r":"dom jednorodzinny","z":"budowa","o":"\"Budowa budynku mieszkalnego jednorodzinnego z wewnętrznymi instalacjami: wod.-kan., c.o., gazową, elektryczną, wentylacją mechaniczną,…","p":600}},{"type":"Feature","geometry":{"type":"Point","coordinates":[20.01389,50.056752]},"properties":{"d":"2025-04-10","r":"obiekt usługowy","z":"budowa","o":null,"p":15400}},{"type":"Feature","geometry":{"type":"Point","coordinates":[19.89531,50.110809]},"properties":{"d":"2025-04-10","r":"dom jednorodzinny","z":"budowa","o":"Budowa budynku mieszkalnego jednorodzinnego wraz z niezbędną infrastrukturą techniczną na dz. nr 169/1, 169/2, 170 obr. 33 jedn. ewid.…","p":3180}},{"type":"Feature","geometry":{"type":"Point","coordinates":[19.885391,50.1117]},"properties":{"d":"2025-09-30","r":"dom jednorodzinny","z":"budowa","o":"ul. Gaik - Budowa 8 budynków mieszkalnych jednorodzinnych w zabudowie bliźniaczej wraz z wewn. instalacjami wod.-kan., c.o., gaz,…","p":4250}},{"type":"Feature","geometry":{"type":"Point","coordinates":[20.010611,50.021412]},"properties":{"d":"2025-08-07","r":"budynek wielorodzinny","z":"budowa","o":"Budowa budynku mieszkalnego wielorodzinnego z częścią usługową przy ul. Bieżanowskiej w Krakowie na działce nr 128, obr. 56, jedn. ewid.…","p":1590}},{"type":"Feature","geometry":{"type":"Point","coordinates":[19.921134,50.094476]},"properties":{"d":"2025-08-01","r":"budynek wielorodzinny","z":"budowa","o":"ul. Henryka Pachońskiego - Budowa budynku mieszkalnego wielorodzinnego z garażem podziemnym wraz z instalacjami w terenie: wody,…","p":7080}},{"type":"Feature","geometry":{"type":"Point","coordinates":[19.950199,50.064447]},"properties":{"d":"2025-05-06","r":"budynek wielorodzinny","z":"nadbudowa","o":"UL. STRZELECKA 17 \"Przebudowa i nadbudowa w zakresie zmiany nachylenia połaci tylnej dachu z podniesieniem linii okapu, doświetleniem,…","p":280}},{"type":"Feature","geometry":{"type":"Point","coordinates":[20.029095,50.088804]},"properties":{"d":"2025-07-04","r":"dom jednorodzinny","z":"rozbudowa","o":"Rozbudowa i przebudowa budynku mieszkalnego jednorodzinnego wraz z wewnętrznymi instalacjami (wod-kan, elektryki, gazową, c.o.) z…","p":1320}},{"type":"Feature","geometry":{"type":"Point","coordinates":[19.998186,50.034023]},"properties":{"d":"2025-04-15","r":"inny","z":"rozbudowa","o":"Rozbudowa budynku garażowego na działce nr 246/3 obręb 28 jedn. ewid. Podgórze przy ul. Koziej 10b w Krakowie.","p":1170}},{"type":"Feature","geometry":{"type":"Point","coordinates":[20.181783,50.094886]},"properties":{"d":"2025-04-25","r":"dom jednorodzinny","z":"budowa","o":"ul. Pysocice 49 - Rozbiórka istniejącego budynku gospodarczego i budowa budynku mieszkalnego jednorodzinnego dwulokalowego oraz budynku…","p":10020}},{"type":"Feature","geometry":{"type":"Point","coordinates":[20.046249,50.013048]},"properties":{"d":"2025-05-29","r":"dom jednorodzinny","z":"budowa","o":"ul. Mogiłki - Budowa budynku mieszkalnego jednorodzinnego wraz z instalacjami wewnętrznymi wod-kan, co, gazu, prądu, instalacją kanalizacji…","p":670}},{"type":"Feature","geometry":{"type":"Point","coordinates":[20.182765,50.083307]},"properties":{"d":"2025-03-25","r":"dom jednorodzinny","z":"budowa","o":"Budowa budynku mieszkalnego jednorodzinnego z instalacjami wewnętrznymi: wody, kanalizacji sanitarnej, energii elektrycznej i centralnego…","p":910}},{"type":"Feature","geometry":{"type":"Point","coordinates":[19.866566,50.007799]},"properties":{"d":"2025-09-17","r":"dom jednorodzinny","z":"budowa","o":"Budowa budynku mieszkalnego jednorodzinnego, wraz z instalacjami wewnętrznymi: wod-kan, c.o., prądu i wentylacji mechanicznej, oraz…","p":660}},{"type":"Feature","geometry":{"type":"Point","coordinates":[20.005724,50.060156]},"properties":{"d":"2025-03-07","r":"inny","z":"budowa","o":"ul. Galicyjska - Budowa dwóch budynków handlowo-usługowych - AU-01-3.6740.1.1898.2019.JWI zmieniona na AU-01-3.6740.1.2154.2020.JWI -…","p":39980}},{"type":"Feature","geometry":{"type":"Point","coordinates":[19.877508,49.97598]},"properties":{"d":"2025-04-04","r":"inny","z":"budowa","o":"BUDOWA GARAŻU DWUSTANOWISKOWEGO Z WEWNĘTRZNĄ I ZEWNĘTRZNĄ INSTALACJĄ ELEKTRYCZNĄ ORAZ CZĘŚCIOWYM UTWARDZENIEM TERENU.","p":1160}},{"type":"Feature","geometry":{"type":"Point","coordinates":[19.897926,50.01372]},"properties":{"d":"2025-05-27","r":"budynek wielorodzinny","z":"budowa","o":"Budowa budynku mieszkalnego wielorodzinnego z usługami w parterze i podziemnym garażem wielostanowiskowym oraz wewnętrznymi instalacjami:…","p":2270}},{"type":"Feature","geometry":{"type":"Point","coordinates":[20.147344,50.096215]},"properties":{"d":"2025-04-01","r":"dom jednorodzinny","z":"budowa","o":"Budowa budynku mieszkalnego jednorodzinnego, dwulokalowego wraz z instalacjami wewnętrznymi: wod-kan, gaz, c.o., wentylacją mechaniczną,…","p":9380}},{"type":"Feature","geometry":{"type":"Point","coordinates":[19.908002,49.995244]},"properties":{"d":"2025-05-13","r":"dom jednorodzinny","z":"budowa","o":"Budowa budynku mieszkalnego jednorodzinnego z instalacjami wewnętrznymi: (wod-kan, gaz, elektrycznymi, c.o.), oraz zewnętrznymi odcinkami…","p":5350}},{"type":"Feature","geometry":{"type":"Point","coordinates":[20.044822,50.061657]},"properties":{"d":"2025-03-05","r":"dom jednorodzinny","z":"budowa","o":"Budowa budynku mieszkalnego jednorodzinnego w zabudowie bliźniaczej wraz z niezbędną infrastrukturą techniczną na dz.nr 359 przy ul.…","p":850}},{"type":"Feature","geometry":{"type":"Point","coordinates":[20.102266,50.105344]},"properties":{"d":"2025-03-26","r":"dom jednorodzinny","z":"budowa","o":"Budowa budynku mieszkalnego jednorodzinnego wraz z instalacjami wewnętrznymi wod.-kan, gazu, c.o. energii elektrycznej i wentylacji…","p":4780}},{"type":"Feature","geometry":{"type":"Point","coordinates":[19.946536,49.973561]},"properties":{"d":"2025-07-01","r":"dom jednorodzinny","z":"budowa","o":"Budowa czterech budynków mieszkalnych jednorodzinnych (w tym dwa dwulokalowe) w zabudowie bliźniaczej wraz z murem oporowym, zewnętrznymi…","p":1310}},{"type":"Feature","geometry":{"type":"Point","coordinates":[20.10406,50.093892]},"properties":{"d":"2025-03-27","r":"dom jednorodzinny","z":"budowa","o":"Budowa budynku mieszkalnego jednorodzinnego z wewnętrznymi instalacjami: energii elektrycznej, wody, kanalizacji, centralnego ogrzewania,…","p":640}},{"type":"Feature","geometry":{"type":"Point","coordinates":[20.102561,50.106376]},"properties":{"d":"2025-05-19","r":"dom jednorodzinny","z":"budowa","o":"Budowa czterech budynków mieszkalnych jednorodzinnych z instalacjami wewnętrznymi: wodną, kanalizacji sanitarnej, energii elektrycznej,…","p":1600}},{"type":"Feature","geometry":{"type":"Point","coordinates":[19.94641,49.973772]},"properties":{"d":"2025-07-01","r":"dom jednorodzinny","z":"budowa","o":"Budowa czterech budynków mieszkalnych jednorodzinnych (w tym dwa dwulokalowe) w zabudowie bliźniaczej wraz z murem oporowym, zjazdem z…","p":1680}},{"type":"Feature","geometry":{"type":"Point","coordinates":[19.955536,50.093079]},"properties":{"d":"2025-07-18","r":"budynek wielorodzinny","z":"budowa","o":"Budowa budynku mieszkalnego wielorodzinnego (składającego się z segmentu A i B) wraz z garażem podziemnym i zagospodarowaniem terenu oraz…","p":7970}},{"type":"Feature","geometry":{"type":"Point","coordinates":[20.039975,50.045812]},"properties":{"d":"2025-05-22","r":"dom jednorodzinny","z":"budowa","o":"Budowa budynku mieszkalnego jednorodzinnego z wewnętrznymi odcinkami w budynku i na zewnątrz instalacji elektrycznej, gazowej, wody,…","p":1200}},{"type":"Feature","geometry":{"type":"Point","coordinates":[19.875475,50.098196]},"properties":{"d":"2025-07-04","r":"dom jednorodzinny","z":"budowa","o":"Dz. 594/2, 601/2 obr. K-34. Budowa: czterech budynków jednorodzinnych w zabudowie bliźniaczej, dwulokalowych, wiaty parkingowej, zbiornika…","p":1410}},{"type":"Feature","geometry":{"type":"Point","coordinates":[20.129175,50.046355]},"properties":{"d":"2025-05-26","r":"dom jednorodzinny","z":"budowa","o":"Budowa budynku mieszkalnego jednorodzinnego w zabudowie wolnostojącej wraz z instalacjami wod.-kan., gaz, c.o. i elektryczną wraz z…","p":1750}},{"type":"Feature","geometry":{"type":"Point","coordinates":[20.138356,50.093055]},"properties":{"d":"2025-04-11","r":"dom jednorodzinny","z":"budowa","o":"Budowa czterech budynków mieszkalnych jednorodzinnych dwulokalowych (budynki nr 1, 2, 5, 6) w zabudowie bliźniaczej wraz z instalacjami…","p":2160}},{"type":"Feature","geometry":{"type":"Point","coordinates":[19.911943,50.019793]},"properties":{"d":"2025-05-14","r":"dom jednorodzinny","z":"budowa","o":"Budowa budynku mieszkalnego jednorodzinnego wolnostojącego z garażem jednostanowiskowym na działce nr 9/4 obręb P-43 Podgórze przy ul.…","p":420}},{"type":"Feature","geometry":{"type":"Point","coordinates":[20.125491,50.07149]},"properties":{"d":"2025-03-24","r":"obiekt usługowy","z":"budowa","o":"Budowa hali produkcyjno - magazynowej z częścią biurową wraz z wewnętrznymi instalacjami: elektryczną, wodną, kanalizacyjną, c.o.,…","p":38970}},{"type":"Feature","geometry":{"type":"Point","coordinates":[19.899403,50.079657]},"properties":{"d":"2025-05-09","r":"dom jednorodzinny","z":"nadbudowa","o":"ul. Henryka Rodakowskiego 6 - Nadbudowa i przebudowa budynku mieszkalnego jednorodzinnego wraz z rozbudową wewnętrznej instalacji…","p":320}},{"type":"Feature","geometry":{"type":"Point","coordinates":[20.031914,50.009092]},"properties":{"d":"2025-04-23","r":"dom jednorodzinny","z":"budowa","o":"ul. Teodora Rygiera - zmiana pozwolenia na budowę nr: 35/6740.1/2024 z dnia 15.01.2024 r. znak sprawy: AU-01-4.6740.1.204.2023.MSO.","p":490}},{"type":"Feature","geometry":{"type":"Point","coordinates":[20.016222,50.067575]},"properties":{"d":"2025-06-13","r":"budynek wielorodzinny","z":"budowa","o":"Budowa budynku mieszkalnego wielorodzinnego z wbudowanym garażem podziemnym i infrastrukturą techniczną oraz budową zjazdu zwykłego z drogi…","p":1730}},{"type":"Feature","geometry":{"type":"Point","coordinates":[19.860244,50.03749]},"properties":{"d":"2025-05-16","r":"dom jednorodzinny","z":"budowa","o":"Budowa budynku mieszkalnego jednorodzinnego z instalacjami wewnętrznymi: wod- kan, gaz, elektryczna, c.o., wentylacji mechanicznej, wraz z…","p":1270}},{"type":"Feature","geometry":{"type":"Point","coordinates":[19.8653,50.0913]},"properties":{"d":"2025-06-25","r":"dom jednorodzinny","z":"budowa","o":"Budowa dwóch budynków mieszkalnych jednorodzinnych dwulokalowych w zabudowie bliźniaczej z instalacjami wewnętrznymi: wod.- kan., co.,…","p":1060}},{"type":"Feature","geometry":{"type":"Point","coordinates":[19.929923,50.003097]},"properties":{"d":"2025-03-28","r":"dom jednorodzinny","z":"budowa","o":"Budowa budynku mieszkalnego jednorodzinnego z garażem i instalacjami wewnętrznymi: wod-kan, c.o., elektryczną, wewn. instalacjami na…","p":1210}},{"type":"Feature","geometry":{"type":"Point","coordinates":[19.96872,50.03077]},"properties":{"d":"2025-05-05","r":"dom jednorodzinny","z":"nadbudowa","o":"ul. Wiktora Heltmana 7 - adaptacja poddasza na cele mieszkalne wraz z przebudową i nadbudową budynku mieszkalnego jednorodzinnego…","p":840}},{"type":"Feature","geometry":{"type":"Point","coordinates":[20.000202,50.058405]},"properties":{"d":"2025-06-24","r":"obiekt usługowy","z":"budowa","o":"ul. Nowohucka 52 - Montaż budynku automatycznego skupu butelek na terenie C.H. Selgros.","p":21900}},{"type":"Feature","geometry":{"type":"Point","coordinates":[20.109851,50.11255]},"properties":{"d":"2025-04-24","r":"dom jednorodzinny","z":"budowa","o":"\"Budowa budynku mieszkalnego jednorodzinnego z instalacjami wewnętrznymi: wody, kanalizacji sanitarnej, energii elektrycznej, gazu, ,…","p":950}},{"type":"Feature","geometry":{"type":"Point","coordinates":[20.019204,50.054411]},"properties":{"d":"2025-05-20","r":"obiekt usługowy","z":"budowa","o":"ul. Isep - Budowa budynku biurowo-socjalnego z częścią magazynową z wewnętrznymi instalacjami: wodociągową, kanalizacji sanitarnej, gazu,…","p":3370}},{"type":"Feature","geometry":{"type":"Point","coordinates":[20.06094,50.05941]},"properties":{"d":"2025-05-22","r":"dom jednorodzinny","z":"budowa","o":"Budowa budynku mieszkalnego jednorodzinnego dwulokalowego wraz z instalacjami wewnętrznymi wod.-kan., c.o., prądu, instalacjami…","p":2800}},{"type":"Feature","geometry":{"type":"Point","coordinates":[19.917757,50.069346]},"properties":{"d":"2025-06-05","r":"budynek wielorodzinny","z":"nadbudowa","o":"UL. SPOKOJNA 21 - Przebudowa i nadbudowa poddasza wraz z budową okien połaciowych oraz zmianą sposobu użytkowania na mieszkania wraz z…","p":350}},{"type":"Feature","geometry":{"type":"Point","coordinates":[19.854373,50.030199]},"properties":{"d":"2025-05-13","r":"dom jednorodzinny","z":"budowa","o":"Budowa dwóch budynków mieszkalnych jednorodzinnych dwulokalowych, wraz z wewnętrznymi instalacjami: wod-kan., ogrzewania, wentylacji…","p":1290}},{"type":"Feature","geometry":{"type":"Point","coordinates":[20.142004,50.06931]},"properties":{"d":"2025-05-09","r":"dom jednorodzinny","z":"rozbudowa","o":null,"p":4340}},{"type":"Feature","geometry":{"type":"Point","coordinates":[19.927795,49.988794]},"properties":{"d":"2025-04-25","r":"dom jednorodzinny","z":"budowa","o":"\"Budowa budynku mieszkalnego jednorodzinnego wraz z infrastrukturą techniczną: instalacją wewnętrzną kanalizacji sanitarnej i bezodpływowym…","p":890}},{"type":"Feature","geometry":{"type":"Point","coordinates":[19.95878,49.999439]},"properties":{"d":"2025-09-03","r":"dom jednorodzinny","z":"rozbudowa","o":"ul. Podgórki 7 - Przebudowa i rozbudowa budynku mieszkalnego jednorodzinnego.","p":1160}},{"type":"Feature","geometry":{"type":"Point","coordinates":[20.005789,49.994095]},"properties":{"d":"2025-05-26","r":"dom jednorodzinny","z":"budowa","o":"Budynku mieszkalnego jednorodzinnego z wbudowanym garażem wraz z wewnętrznymi instalacjami w budynku: wody, kanalizacji sanitarnej,…","p":1520}},{"type":"Feature","geometry":{"type":"Point","coordinates":[20.005739,50.058719]},"properties":{"d":"2025-05-27","r":"budynek mieszkalno-usługowy","z":"budowa","o":"Budowa budynku usługowo-gastronomicznego z wewnętrznymi instalacjami: wod-kan, wentylacji mechanicznej, klimatyzacji, grzewczej,…","p":31040}},{"type":"Feature","geometry":{"type":"Point","coordinates":[20.160977,50.078769]},"properties":{"d":"2025-04-30","r":"dom jednorodzinny","z":"budowa","o":"Budowa budynku mieszkalnego jednorodzinnego z instalacjami wewnętrznymi: wody, kanalizacji sanitarnej, energii elektrycznej, gazu i…","p":3050}},{"type":"Feature","geometry":{"type":"Point","coordinates":[20.10829,50.069448]},"properties":{"d":"2025-04-24","r":"obiekt usługowy","z":"rozbudowa","o":"Rozbudowa i przebudowa polegająca na dobudowie schodów zewnętrznych oraz wykonaniu zadaszenia nad tarasem, w istniejącym przy budynku…","p":1250}},{"type":"Feature","geometry":{"type":"Point","coordinates":[19.975485,50.084124]},"properties":{"d":"2025-07-04","r":"obiekt usługowy","z":"budowa","o":"Budowa budynku biurowo-usługowego ASTRIS PARK wraz z instalacjami wewnętrznymi oraz zagospodarowaniem terenu, infrastrukturą techniczną i…","p":27990}},{"type":"Feature","geometry":{"type":"Point","coordinates":[19.851869,50.073784]},"properties":{"d":"2025-04-24","r":"dom jednorodzinny","z":"budowa","o":"ul. Pylna - Budowa budynku mieszkalnego jednorodzinnego wraz z zagospodarowaniem terenu i instalacjami zewn. (kanalizacji deszczowej,…","p":620}},{"type":"Feature","geometry":{"type":"Point","coordinates":[19.971398,50.022935]},"properties":{"d":"2025-05-06","r":"dom jednorodzinny","z":"budowa","o":"ul. Pierackiego - Wniosek o wydane decyzji o zmianie pozwolenia na budowę nr 921/6740.1/2024 z dnia 07.10.2024 r. - sprawa znak:…","p":500}},{"type":"Feature","geometry":{"type":"Point","coordinates":[19.878836,49.996773]},"properties":{"d":"2025-08-11","r":"obiekt publiczny","z":"budowa","o":"\"Budowa budynku żłobka wraz z instalacją wodociągową do studni wodomierzowej, instalacją kanalizacji sanitarnej wraz z 4 zbiornikami…","p":7520}},{"type":"Feature","geometry":{"type":"Point","coordinates":[20.061309,50.099083]},"properties":{"d":"2025-07-09","r":"inny","z":"budowa","o":"Budowa budynku żłobka wraz z instalacjami wewnętrznymi, szczelnym zbiornikiem na wody opadowe wraz z murami oporowymi oraz infrastrukturą…","p":1520}},{"type":"Feature","geometry":{"type":"Point","coordinates":[19.931126,50.05956]},"properties":{"d":"2025-06-11","r":"obiekt publiczny","z":"rozbudowa","o":"ul. Smoleńsk - Projekt zamienny w zakresie poszerzenia zakresu robót budowlanych objętych pozwoleniem na budowę decyzja nr 827/6740.2/2020…","p":2840}},{"type":"Feature","geometry":{"type":"Point","coordinates":[19.883877,50.018738]},"properties":{"d":"2025-06-10","r":"dom jednorodzinny","z":"budowa","o":"Budowa budynku mieszkalnego jednorodzinnego, dwulokalowego z instalacjami wewnętrznymi: wod- kan, gaz, energii elektrycznej, c.o., oraz…","p":1500}},{"type":"Feature","geometry":{"type":"Point","coordinates":[19.904228,50.014966]},"properties":{"d":"2025-07-11","r":"budynek wielorodzinny","z":"budowa","o":"Budowa zespołu siedmiu budynków mieszkalnych wielorodzinnych z usługami w parterze wraz z zagospodarowaniem trenu i infrastrukturą…","p":15500}},{"type":"Feature","geometry":{"type":"Point","coordinates":[19.951515,50.003282]},"properties":{"d":"2025-08-21","r":"budynek wielorodzinny","z":"budowa","o":"Budowa budynku mieszkalnego jednorodzinnego z garażem wbudowanym oraz budowa budynku mieszkalnego wielorodzinnego z garażem podziemnym wraz…","p":3330}},{"type":"Feature","geometry":{"type":"Point","coordinates":[19.917309,50.020594]},"properties":{"d":"2025-08-13","r":"budynek wielorodzinny","z":"budowa","o":"Budowa zespołu budynków mieszkalnych wielorodzinnych z garażami podziemnymi, instalacjami wewnętrznymi w budynku i na zewnątrz budynku,…","p":11650}},{"type":"Feature","geometry":{"type":"Point","coordinates":[19.991048,50.021879]},"properties":{"d":"2025-06-04","r":"dom jednorodzinny","z":"nadbudowa","o":"Nadbudowa i przebudowa części budynku mieszkalnego jednorodzinnego wraz z wewn. instalacjami: c.o. elektryczną, zewn. instalacją…","p":970}},{"type":"Feature","geometry":{"type":"Point","coordinates":[19.937259,50.026744]},"properties":{"d":"2025-12-18","r":"budynek wielorodzinny","z":"rozbudowa","o":"Przebudowa, rozbudowa i nadbudowa budynku mieszkalnego jednorodzinnego na budynek wielorodzinny, wraz z wewnętrznymi instalacjami: wod -…","p":790}},{"type":"Feature","geometry":{"type":"Point","coordinates":[19.983555,50.09127]},"properties":{"d":"2025-03-28","r":"dom jednorodzinny","z":"budowa","o":"zmiana pozwolenia na budowę nr decyzji: 663/6740.1/2024 z dnia 19.07.2024 r. znak sprawy: AU-01-2.6740.1.106.2023.BLE dla zamierzenia…","p":530}},{"type":"Feature","geometry":{"type":"Point","coordinates":[19.958788,50.04509]},"properties":{"d":"2025-08-01","r":"budynek wielorodzinny","z":"budowa","o":"ul. Henryka Dąbrowskiego 12 - Zmiana pozwolenia na budowę nr dec.: 753/6740.1/2024 z dnia 13.08.2024 r. znak sprawy:…","p":1060}},{"type":"Feature","geometry":{"type":"Point","coordinates":[19.881143,50.014755]},"properties":{"d":"2025-04-28","r":"budynek wielorodzinny","z":"budowa","o":"Zmiana decyzji Prezydenta Miasta Krakowa Nr 864/6740.1/2024 z dnia 19.09.2024r. znak : AU-01-5.6740.1.99.2024.JKU, przeniesionej decyzją nr…","p":11080}},{"type":"Feature","geometry":{"type":"Point","coordinates":[19.929815,50.074378]},"properties":{"d":"2025-12-01","r":"budynek wielorodzinny","z":"budowa","o":"ul. Mazowiecka 21 - Budowa budynku mieszkalnego wielorodzinnego z usługami, garażem podziemnym, instalacjami wewnętrznymi w budynku.","p":4450}},{"type":"Feature","geometry":{"type":"Point","coordinates":[19.845231,50.082045]},"properties":{"d":"2025-05-30","r":"dom jednorodzinny","z":"nadbudowa","o":"ul. DOLIŃSKIEGO - Nadbudowa i przebudowa budynku mieszkalnego jednorodzinnego z wewnętrznymi instalacjami wod.-kan. gaz, elektryka na…","p":340}},{"type":"Feature","geometry":{"type":"Point","coordinates":[20.040918,50.106286]},"properties":{"d":"2025-05-28","r":"dom jednorodzinny","z":"budowa","o":"Budowa budynku mieszkalnego jednorodzinnego dwulokalowego z instalacjami wewnętrznymi: elektryczną, gazową, wod.-kan. i c.o., z…","p":2940}},{"type":"Feature","geometry":{"type":"Point","coordinates":[19.930693,50.061164]},"properties":{"d":"2025-06-03","r":"budynek wielorodzinny","z":"nadbudowa","o":"ul. JABŁONOWSKICH 7 - Zmiana sposobu użytkowania poddasza nieużytkowego na cele mieszkalne z jego nadbudową oraz przebudowa i rozbudową…","p":400}},{"type":"Feature","geometry":{"type":"Point","coordinates":[19.946143,50.097223]},"properties":{"d":"2025-08-05","r":"dom jednorodzinny","z":"budowa","o":"ul. Kajetana Stefanowicza - Budynek mieszkalny jednorodzinny wolnostojący z wbudowanym garażem na dwa stanowiska postojowe z wewnętrznymi…","p":630}},{"type":"Feature","geometry":{"type":"Point","coordinates":[19.973071,50.026736]},"properties":{"d":"2025-05-16","r":"dom jednorodzinny","z":"budowa","o":"ul. Uśmiech - Budowa budynku mieszkalnego jednorodzinnego z garażem wbudowanym wraz z wewnętrznymi instalacjami w budynku: wod.-kan., c.o.,…","p":930}},{"type":"Feature","geometry":{"type":"Point","coordinates":[19.866243,49.98825]},"properties":{"d":"2025-04-15","r":"dom jednorodzinny","z":"budowa","o":"Budowa budynku mieszkalnego jednorodzinnego wraz z instalacjami zewnętrznymi: gazu, energii elektrycznej, kanalizacji sanitarnej oraz…","p":3330}},{"type":"Feature","geometry":{"type":"Point","coordinates":[20.033947,50.045111]},"properties":{"d":"2025-05-05","r":"dom jednorodzinny","z":"budowa","o":"Budowa budynku mieszkalnego jednorodzinnego wolnostojącego z instalacjami wewnętrznymi (wod.-kan., c.o., gaz, went. mech., elektr.) i…","p":580}},{"type":"Feature","geometry":{"type":"Point","coordinates":[20.054556,50.005466]},"properties":{"d":"2025-12-22","r":"dom jednorodzinny","z":"budowa","o":"Budowa 2 budynków mieszkalnych jednorodzinnych dwulokalowych w zabudowie bliźniaczej wraz z instalacjami wewnętrznymi: c.o., wod-kan,…","p":540}},{"type":"Feature","geometry":{"type":"Point","coordinates":[19.939501,50.082908]},"properties":{"d":"2025-08-01","r":"obiekt publiczny","z":"rozbudowa","o":"ul. Prądnicka - Rozbudowa szpitalnego oddziału ratunkowego przy Szpitalu Miejskim Specjalistycznym im. G. Narutowicza w Krakowie z…","p":37230}},{"type":"Feature","geometry":{"type":"Point","coordinates":[19.933514,49.987492]},"properties":{"d":"2025-06-03","r":"dom jednorodzinny","z":"budowa","o":"Budowa budynku mieszkalnego jednorodzinnego wraz z zagospodarowaniem i częściowym utwardzeniem terenu, zbiornikami na wody opadowe,…","p":280}},{"type":"Feature","geometry":{"type":"Point","coordinates":[19.957456,49.971975]},"properties":{"d":"2025-08-20","r":"dom jednorodzinny","z":"budowa","o":"Budowa budynku mieszkalnego jednorodzinnego z dwoma miejscami postojowymi na terenie działki, z wewnętrznymi terenami utwardzonymi dojść i…","p":2530}},{"type":"Feature","geometry":{"type":"Point","coordinates":[19.919957,50.040889]},"properties":{"d":"2025-05-20","r":"dom jednorodzinny","z":"budowa","o":"Budowa budynku mieszkalnego jednorodzinnego wraz z instalacjami wewnętrznymi: wod.-kan., c.o., energii elektrycznej, wentylacji…","p":880}},{"type":"Feature","geometry":{"type":"Point","coordinates":[19.916149,50.029188]},"properties":{"d":"2025-03-18","r":"inny","z":"budowa","o":"Budowa tymczasowego obiektu budowlanego (do jednego roku)  kiosku handlowego, niepołączonego trwale z gruntem, na części działek nr 80/29 i…","p":26670}},{"type":"Feature","geometry":{"type":"Point","coordinates":[20.048862,50.043918]},"properties":{"d":"2025-09-03","r":"dom jednorodzinny","z":"budowa","o":"Budowa budynku mieszkalnego jednorodzinnego z wewnętrzną instalacją gazową, wraz z odcinkiem wewnętrznej kanalizacji opadowej ze…","p":900}},{"type":"Feature","geometry":{"type":"Point","coordinates":[19.927407,50.005169]},"properties":{"d":"2025-06-16","r":"obiekt usługowy","z":"budowa","o":"Budowa budynku usługowo-handlowego wraz z instalacjami wewnętrznymi: wody, kanalizacji sanitarnej, c.o., elektryczną, gazową, wentylacji…","p":4830}},{"type":"Feature","geometry":{"type":"Point","coordinates":[20.188241,50.096021]},"properties":{"d":"2025-05-05","r":"dom jednorodzinny","z":"budowa","o":"Budowa budynku mieszkalnego jednorodzinnego z wewnętrznymi instalacjami: energii elektrycznej, wodociągową, kanalizacji sanitarnej, gazową,…","p":1320}},{"type":"Feature","geometry":{"type":"Point","coordinates":[19.924367,50.022331]},"properties":{"d":"2025-09-22","r":"inny","z":"budowa","o":"\"Budowa budynku garażowego wraz z wewnętrzną i zewnętrzną instalacją energii elektrycznej, dojściem i dojazdem, na działce nr 415/9, obr.…","p":940}},{"type":"Feature","geometry":{"type":"Point","coordinates":[19.887878,50.033382]},"properties":{"d":"2025-07-08","r":"dom jednorodzinny","z":"budowa","o":"Budowa budynku mieszkalnego jednorodzinnego wraz z instalacjami wewnętrznymi: elektryczna, wod.  kan., c.o., wentylacji mechanicznej,…","p":600}},{"type":"Feature","geometry":{"type":"Point","coordinates":[19.810522,50.014125]},"properties":{"d":"2025-05-14","r":"dom jednorodzinny","z":"budowa","o":"Zmiana pozwolenia na budowę nr: 1010/6740.1/2024 z dnia 30.10.2024 r. znak sprawy: AU-01-5.6740.1.132.2024.JGA dla zamierzenia budowlanego…","p":1720}},{"type":"Feature","geometry":{"type":"Point","coordinates":[20.028825,50.05426]},"properties":{"d":"2025-06-26","r":"dom jednorodzinny","z":"budowa","o":"Budowa budynku mieszkalnego jednorodzinnego z garażem w bryle budynku wraz z instalacjami wewnętrznymi na zewnątrz: kanalizacji sanitarnej,…","p":1350}},{"type":"Feature","geometry":{"type":"Point","coordinates":[19.942587,49.990479]},"properties":{"d":"2025-08-20","r":"dom jednorodzinny","z":"budowa","o":"Budowa dwóch budynków mieszkalnych jednorodzinnych dwulokalowych w zabudowie wolnostojącej, wraz z instalacjami wewnętrznymi : wod.-kan.,…","p":3600}},{"type":"Feature","geometry":{"type":"Point","coordinates":[19.897706,50.010454]},"properties":{"d":"2025-05-08","r":"dom jednorodzinny","z":"rozbudowa","o":"Rozbudowa budynku mieszkalnego jednorodzinnego z przeznaczeniem na cele mieszkalne, z utwardzeniem części terenu działki nr 346, 282/14,…","p":380}},{"type":"Feature","geometry":{"type":"Point","coordinates":[19.971902,50.022962]},"properties":{"d":"2025-06-03","r":"dom jednorodzinny","z":"budowa","o":"Budowa budynku mieszkalnego jednorodzinnego jednolokalowego z garażem wbudowanym wraz z instalacjami wewnętrznymi: wody, kanalizacji…","p":490}},{"type":"Feature","geometry":{"type":"Point","coordinates":[19.928802,50.063197]},"properties":{"d":"2025-07-28","r":"obiekt publiczny","z":"budowa","o":"ul. KRUPNICZA 26 - Remont konserwatorski i przebudowa budynku muzealnego Domu Józefa Mehoffera. Rozbiórka oficyny i budowa nowego budynku…","p":2160}},{"type":"Feature","geometry":{"type":"Point","coordinates":[19.909552,50.052265]},"properties":{"d":"2025-07-25","r":"dom jednorodzinny","z":"rozbudowa","o":"ul. Księcia Józefa 29a - Przebudowa i rozbudowa budynku mieszkalnego jednorodzinnego oraz rozbiórka budynku garażowego na działce nr 252…","p":990}},{"type":"Feature","geometry":{"type":"Point","coordinates":[20.173505,50.082687]},"properties":{"d":"2025-04-14","r":"dom jednorodzinny","z":"budowa","o":"Budowa budynku mieszkalnego jednorodzinnego z garażem wbudowanym wraz z wewnętrznymi instalacjami: wod.-kan., c.o., pompa ciepła, en.…","p":2370}},{"type":"Feature","geometry":{"type":"Point","coordinates":[19.986861,50.071035]},"properties":{"d":"2025-07-02","r":"budynek wielorodzinny","z":"budowa","o":"Budowa budynku mieszkalnego wielorodzinnego z garażem podziemnym wraz z budową zewnętrznych odcinków wewnętrznych instalacji kanalizacji…","p":3200}},{"type":"Feature","geometry":{"type":"Point","coordinates":[19.886713,49.983461]},"properties":{"d":"2025-04-24","r":"dom jednorodzinny","z":"rozbudowa","o":"Rozbudowa budynku mieszkalnego jednorodzinnego w poziomie parteru (o garaż dla części mieszkalnej) wraz z rozbudową instalacji elektrycznej…","p":2070}},{"type":"Feature","geometry":{"type":"Point","coordinates":[20.194806,50.055392]},"properties":{"d":"2025-06-16","r":"obiekt publiczny","z":"budowa","o":"Budowa budynku żłobka samorządowego wraz z budową miejsc postojowych, wiaty śmietnikowej oraz zagospodarowaniem terenu i infrastrukturą…","p":11610}},{"type":"Feature","geometry":{"type":"Point","coordinates":[19.858626,50.02606]},"properties":{"d":"2025-05-14","r":"dom jednorodzinny","z":"budowa","o":"\"Budowa dwóch budynków mieszkalnych jednorodzinnych z wewnętrznymi instalacjami: wod.-kan., c.o., gazu, energii elektrycznej oraz…","p":2290}},{"type":"Feature","geometry":{"type":"Point","coordinates":[19.969379,50.085525]},"properties":{"d":"2025-08-21","r":"obiekt usługowy","z":"budowa","o":"Budowa budynku hotelu z parkingiem podziemnym, wewnętrznymi instalacjami wewnątrz budynku: wentylacji mechanicznej, chłodniczej, c.o.,…","p":10630}},{"type":"Feature","geometry":{"type":"Point","coordinates":[20.196967,50.054763]},"properties":{"d":"2025-05-20","r":"dom jednorodzinny","z":"budowa","o":"Budowa budynku mieszkalnego jednorodzinnego z wbudowanym garażem z instalacjami wewnętrznymi: wodociągową, kanalizacyjną, centralnego…","p":1560}},{"type":"Feature","geometry":{"type":"Point","coordinates":[19.905544,50.051967]},"properties":{"d":"2025-06-10","r":"inny","z":"rozbudowa","o":"Aleja Jerzego Waszyngtona - Rozbudowa istniejącego obiektu budowlanego - cmentarza na dz. nr 179/34 obr. 13 jedn. ewid. Krowodrza.","p":7700}},{"type":"Feature","geometry":{"type":"Point","coordinates":[19.896566,50.08126]},"properties":{"d":"2025-07-17","r":"dom jednorodzinny","z":"budowa","o":"ul. Błażeja Czepca 16 - Budowa dwóch budynków mieszkalnych jednorodzinnych wraz z infrastrukturą techniczną na dz. nr 59, obr. 0002, jedn.…","p":230}},{"type":"Feature","geometry":{"type":"Point","coordinates":[19.896566,50.08126]},"properties":{"d":"2025-07-17","r":"dom jednorodzinny","z":"budowa","o":"ul. Błażeja Czepca 16 - Budowa dwóch budynków mieszkalnych jednorodzinnych wraz z infrastrukturą techniczną na dz. nr 59, obr. 0002, jedn.…","p":230}},{"type":"Feature","geometry":{"type":"Point","coordinates":[19.943878,50.109632]},"properties":{"d":"2025-04-29","r":"dom jednorodzinny","z":"budowa","o":"Budowa budynku mieszkalnego jednorodzinnego wolnostojącego z instalacjami wewnętrznymi: wody, kanalizacji sanitarnej, gazu, energii…","p":860}},{"type":"Feature","geometry":{"type":"Point","coordinates":[19.890332,50.00839]},"properties":{"d":"2025-07-01","r":"dom jednorodzinny","z":"budowa","o":"Budowa budynku mieszkalnego, jednorodzinnego, z wbudowanym garażem, oraz instalacjami wewnętrznymi: wod-kan, c.o., gaz, instalacja…","p":1210}},{"type":"Feature","geometry":{"type":"Point","coordinates":[20.114878,50.097989]},"properties":{"d":"2025-07-03","r":"dom jednorodzinny","z":"budowa","o":"Budowa budynku mieszkalnego jednorodzinnego z wewnętrznymi instalacjami: energii elektrycznej, wody, kanalizacji sanitarnej, wentylacji…","p":1400}},{"type":"Feature","geometry":{"type":"Point","coordinates":[20.069934,50.099619]},"properties":{"d":"2025-07-23","r":"dom jednorodzinny","z":"budowa","o":"Budowa budynku mieszkalnego jednorodzinnego z instalacjami wewnętrznymi: wodociągową, kanalizacyjną, gazową i elektryczną na działce nr…","p":780}},{"type":"Feature","geometry":{"type":"Point","coordinates":[19.926287,50.020402]},"properties":{"d":"2025-08-27","r":"dom jednorodzinny","z":"budowa","o":"Budowa budynku mieszkalnego, jednorodzinnego z garażem wbudowanym z instalacjami wewnętrznymi: wod-kan., gazową, c.o., elektryczną, oraz…","p":890}},{"type":"Feature","geometry":{"type":"Point","coordinates":[19.916221,50.019102]},"properties":{"d":"2025-07-14","r":"budynek wielorodzinny","z":"budowa","o":"Budowa budynku mieszkalnego wielorodzinnego z dwoma segmentami nadziemnymi, dwupoziomowym garażem podziemnym, z instalacjami wew.:…","p":8270}},{"type":"Feature","geometry":{"type":"Point","coordinates":[19.948629,50.061392]},"properties":{"d":"2025-09-23","r":"inny","z":"rozbudowa","o":"ROZBUDOWA I PRZEBUDOWA BUDYNKU DYDAKTYCZNEGO UNIWERSYTETU IGNATIANUM (UIK) JAKO: ROZBIÓRKA CZĘŚCI ISTNIEJĄCEGO BUDYNKU SZPITALNEGO (CZĘŚĆ…","p":2350}},{"type":"Feature","geometry":{"type":"Point","coordinates":[19.952772,50.044148]},"properties":{"d":"2025-12-23","r":"budynek wielorodzinny","z":"nadbudowa","o":"UL.KRAKUSA 8 - PRZEBUDOWA I NADBUDOWA O DWIE KONDYGNACJIE ISTNIEJĄCEJ OFICYNY BOCZNEJ O FUNKCJI USŁUGOWEJ WRAZ ZE ZMIANĄ SPOSOSBU…","p":750}},{"type":"Feature","geometry":{"type":"Point","coordinates":[20.017262,50.057817]},"properties":{"d":"2025-05-27","r":"budynek mieszkalno-usługowy","z":"budowa","o":"Ul. Na Załęczu - Budowa budynku usługowo-magazynowego z wewnętrznymi instalacjami: wod-kan., wentylacji mechanicznej, klimatyzacji,…","p":11330}},{"type":"Feature","geometry":{"type":"Point","coordinates":[20.180634,50.112285]},"properties":{"d":"2025-05-30","r":"dom jednorodzinny","z":"budowa","o":"Budowa budynku mieszkalnego jednorodzinnego z wewnętrznymi instalacjami: elektryczną, wod.-kan., c.o., gazową, went. mech., oraz…","p":950}},{"type":"Feature","geometry":{"type":"Point","coordinates":[19.898784,50.095825]},"properties":{"d":"2025-10-09","r":"dom jednorodzinny","z":"rozbudowa","o":"ul. Piaskowa - Przebudowa i rozbudowa budynku mieszkalnego jednorodzinnego w zabudowie bliźniaczej","p":330}},{"type":"Feature","geometry":{"type":"Point","coordinates":[19.961749,50.048924]},"properties":{"d":"2025-07-11","r":"budynek wielorodzinny","z":"budowa","o":"Budowa budynku mieszkalnego wielorodzinnego z usługami w parterze, garażem podziemnym wraz z instalacjami wewnętrznymi (wody, kanalizacji…","p":1640}},{"type":"Feature","geometry":{"type":"Point","coordinates":[19.8918,50.047258]},"properties":{"d":"2025-09-15","r":"obiekt publiczny","z":"budowa","o":"ul. KSIĘCIA JÓZEFA - Budowa budynku żłobka wraz z instalacjami wewnętrznymi: wod.-kan., hydrantową co, gazową, wentylacji, elektryczną,…","p":15960}},{"type":"Feature","geometry":{"type":"Point","coordinates":[19.850064,50.053558]},"properties":{"d":"2025-07-02","r":"inny","z":"budowa","o":"ul. aleja Kasy Oszczędności Miasta Krakowa 14 - Budowa 3 budynków inwentarskich na pobyt zwierząt wraz z wybiegami zewnętrznymi,…","p":167840}},{"type":"Feature","geometry":{"type":"Point","coordinates":[20.139414,50.058434]},"properties":{"d":"2025-05-26","r":"dom jednorodzinny","z":"budowa","o":"Budowa budynku mieszkalnego jednorodzinnego z wewnętrznymi instalacjami: wody, kanalizacji sanitarnej, energii elektrycznej, gazu,…","p":1230}},{"type":"Feature","geometry":{"type":"Point","coordinates":[19.986192,49.998853]},"properties":{"d":"2025-06-12","r":"dom jednorodzinny","z":"budowa","o":"ul. Orszańska - Budowa budynku mieszkalnego jednorodzinnego wolnostojącego wraz z instalacjami zewnętrznymi, oraz instalacjami wewnętrznymi…","p":3570}},{"type":"Feature","geometry":{"type":"Point","coordinates":[20.095786,50.063908]},"properties":{"d":"2025-08-20","r":"obiekt usługowy","z":"budowa","o":"zmiana decyzji Prezydenta Miasta Krakowa nr 848/6740.1/2023 z dnia 20.07.2023 r. znak: AU-01-3.6740.1.1972.2021.AGR udzielającej pozwolenie…","p":70160}},{"type":"Feature","geometry":{"type":"Point","coordinates":[20.008349,50.071815]},"properties":{"d":"2025-06-18","r":"dom jednorodzinny","z":"budowa","o":"Budowa dwóch budynków mieszkalnych jednorodzinnych w zabudowie bliźniaczej z garażami w poziomie parterów z instalacjami wewnętrznymi:…","p":2340}},{"type":"Feature","geometry":{"type":"Point","coordinates":[20.055924,50.046695]},"properties":{"d":"2025-05-08","r":"dom jednorodzinny","z":"budowa","o":"Budowa budynku mieszkalnego jednorodzinnego z wewnętrznymi instalacjami: wody, kanalizacji, gazu, en. elektrycznej, c.o., zewnętrznymi…","p":630}},{"type":"Feature","geometry":{"type":"Point","coordinates":[19.952153,50.018639]},"properties":{"d":"2025-06-26","r":"budynek wielorodzinny","z":"budowa","o":"Budowa budynku mieszkalnego wielorodzinnego z garażem podziemnym wraz z budową wewnętrznych instalacji: elektrycznej, wodociągowej,…","p":880}},{"type":"Feature","geometry":{"type":"Point","coordinates":[19.940742,50.024003]},"properties":{"d":"2025-07-23","r":"dom jednorodzinny","z":"budowa","o":"\"Budowa budynku mieszkalnego jednorodzinnego wraz z utwardzonym dojściem i dojazdem oraz zewnętrznym odcinkiem instalacji kanalizacji…","p":340}},{"type":"Feature","geometry":{"type":"Point","coordinates":[19.875764,49.986997]},"properties":{"d":"2025-07-01","r":"dom jednorodzinny","z":"budowa","o":"Budowa czterech budynków mieszkalnych jednorodzinnych w zabudowie bliźniaczej wraz z instalacjami wewnętrznymi, oraz zewnętrznymi odcinkami…","p":1760}},{"type":"Feature","geometry":{"type":"Point","coordinates":[19.982813,49.994448]},"properties":{"d":"2025-07-02","r":"dom jednorodzinny","z":"budowa","o":"Budowa dwóch budynków mieszkalnych jednorodzinnych (dwulokalowych) wraz z zewnętrznymi odcinkami wewnętrznych instalacji: kanalizacji…","p":3920}},{"type":"Feature","geometry":{"type":"Point","coordinates":[19.885007,50.067064]},"properties":{"d":"2025-06-25","r":"dom jednorodzinny","z":"budowa","o":"ul. Korbutowej-Budowa 2 budynków mieszkalnych jednorodzinnych w zabudowie bliźniaczej z garażem podziemnym, infrastrukturą techniczną i…","p":3070}},{"type":"Feature","geometry":{"type":"Point","coordinates":[20.075902,50.104379]},"properties":{"d":"2025-05-26","r":"dom jednorodzinny","z":"budowa","o":"Zmiana pozwolenia na budowę nr dec.: 1393/6740.1/2021 z dnia 25.10.2021 r. znak sprawy: AU-01-3.6740.1.1369.2021.AZI dla inwestycji pn.:…","p":2180}},{"type":"Feature","geometry":{"type":"Point","coordinates":[19.93905,50.020792]},"properties":{"d":"2025-07-18","r":"dom jednorodzinny","z":"nadbudowa","o":"Nadbudowa, przebudowa i termomodernizacja budynku mieszkalnego jednorodzinnego wraz z instalacjami wewnętrznymi na dz. nr 326 obręb 46…","p":1270}},{"type":"Feature","geometry":{"type":"Point","coordinates":[19.883101,50.013607]},"properties":{"d":"2025-06-09","r":"obiekt usługowy","z":"budowa","o":"Budowa budynku usługowego o funkcji wypożyczalni sprzętu sportowego obsługującej tereny zieleni publicznej wraz z odcinkiem wewnętrznej…","p":2600}},{"type":"Feature","geometry":{"type":"Point","coordinates":[20.108796,50.105091]},"properties":{"d":"2025-04-11","r":"dom jednorodzinny","z":"budowa","o":"Budowa budynku mieszkalnego jednorodzinnego z instalacjami wewnętrznymi: wody, kanalizacji, centralnego ogrzewania, wentylacji…","p":1040}},{"type":"Feature","geometry":{"type":"Point","coordinates":[20.117986,50.072953]},"properties":{"d":"2025-05-23","r":"obiekt usługowy","z":"budowa","o":"Budowa budynku socjalnego dla kierowców transportu publicznego z wewnętrznymi instalacjami: wod-kan, elektryczna, wentylacji mechanicznej…","p":14630}},{"type":"Feature","geometry":{"type":"Point","coordinates":[20.009957,50.063115]},"properties":{"d":"2025-07-21","r":"budynek wielorodzinny","z":"budowa","o":"Budowa budynku mieszkalnego, wielorodzinnego, wraz z częścią usługową i garażem podziemnym, wewnętrznymi instalacjami: wodociągową,…","p":2420}},{"type":"Feature","geometry":{"type":"Point","coordinates":[20.124036,50.053237]},"properties":{"d":"2025-09-04","r":"dom jednorodzinny","z":"budowa","o":"ul. Kąkolowa - Budowa budynku mieszkalnego  jednorodzinnego w m. Kraków.","p":1400}},{"type":"Feature","geometry":{"type":"Point","coordinates":[19.948166,50.039342]},"properties":{"d":"2025-09-16","r":"obiekt publiczny","z":"budowa","o":"Rozbiórka niecki basenowej, rozbiórka fragmentu istniejącego ogrodzenia i budowa żłobka przy ul. Krzemionki wraz z instalacjami…","p":4580}},{"type":"Feature","geometry":{"type":"Point","coordinates":[19.970534,50.008298]},"properties":{"d":"2025-07-17","r":"dom jednorodzinny","z":"budowa","o":"ul. Kijanki - Budowa budynku mieszkalnego jednorodzinnego z dwoma lokalami mieszkalnymi wraz z instalacjami wewnętrznymi przebudową budynku…","p":690}},{"type":"Feature","geometry":{"type":"Point","coordinates":[19.853795,50.074494]},"properties":{"d":"2025-04-14","r":"inny","z":"budowa","o":"ul. Pylna - Budowa dwóch budynków mieszkalnych jednorodzinnych jednolokalowych wolnostojących wraz z infrastrukturą techniczną tj.:…","p":1200}},{"type":"Feature","geometry":{"type":"Point","coordinates":[19.843121,50.066534]},"properties":{"d":"2025-07-16","r":"dom jednorodzinny","z":"budowa","o":"UL.PRZYSZŁOŚCI 14 - Budowa budynku mieszkalnego jednorodzinnego (nr 1) oraz przebudowa i rozbudowa budynku mieszkalnego jednorodzinnego nr…","p":1360}},{"type":"Feature","geometry":{"type":"Point","coordinates":[19.910984,50.005797]},"properties":{"d":"2025-07-16","r":"dom jednorodzinny","z":"rozbudowa","o":"Przebudowa i rozbudowa budynku mieszkalnego jednorodzinnego, wolnostojącego z garażem wbudowanym jednostanowiskowym, wraz z instalacjami…","p":600}},{"type":"Feature","geometry":{"type":"Point","coordinates":[19.866553,50.039161]},"properties":{"d":"2025-06-12","r":"dom jednorodzinny","z":"budowa","o":"Budowa budynku mieszkalnego dwulokalowego wraz z infrastrukturą techniczną, kanalizacją deszczową i dwoma zbiornikami retencyjnymi oraz…","p":5970}},{"type":"Feature","geometry":{"type":"Point","coordinates":[19.903347,50.096165]},"properties":{"d":"2025-06-18","r":"dom jednorodzinny","z":"budowa","o":"ul. Piaskowa - Rozbiórka budynku mieszkalnego rozbiórka budynku gospodarczego, budowa budynku mieszkalnego jednorodzinnego dwulokalowego z…","p":390}},{"type":"Feature","geometry":{"type":"Point","coordinates":[20.048031,50.062241]},"properties":{"d":"2025-08-22","r":"dom jednorodzinny","z":"budowa","o":"Budowa budynku mieszkalnego jednorodzinnego wraz z instalacją elektryczną, gazową, wod.-kan., c.o., kanalizacji deszczowej, wentylacji…","p":2110}},{"type":"Feature","geometry":{"type":"Point","coordinates":[19.922413,50.069012]},"properties":{"d":"2025-12-08","r":"budynek wielorodzinny","z":"nadbudowa","o":"ul. Fryderyka Chopina - Przebudowa i nadbudowa ze zmianą sposobu użytkowania poddasza na 2 lokale mieszkalne wraz z rozbudową wewnętrznych…","p":530}},{"type":"Feature","geometry":{"type":"Point","coordinates":[19.933311,49.981745]},"properties":{"d":"2025-05-07","r":"dom jednorodzinny","z":"budowa","o":"Wniosek w sprawie zmiany ostatecznej decyzji Prezydenta Miasta Krakowa Nr 103/6740.1/2025 z dnia 7 lutego 2025 r., zatwierdzającej projekt…","p":5190}},{"type":"Feature","geometry":{"type":"Point","coordinates":[20.00691,50.069612]},"properties":{"d":"2025-04-29","r":"obiekt usługowy","z":"rozbudowa","o":"Przebudowa i rozbudowa budynku stacji paliw, usytuowanego na działce nr 356 obręb 49 jednostka ewidencyjna Nowa Huta przy ul. Nowohuckiej 1…","p":52710}},{"type":"Feature","geometry":{"type":"Point","coordinates":[19.892902,50.032664]},"properties":{"d":"2025-07-01","r":"dom jednorodzinny","z":"budowa","o":"Budowa budynku mieszkalnego jednorodzinnego wraz z niezbędną infrastrukturą techniczną na działce ewid. nr 559, obr. 0007, jedn. ewid.…","p":690}},{"type":"Feature","geometry":{"type":"Point","coordinates":[19.838382,50.06988]},"properties":{"d":"2025-08-11","r":"dom jednorodzinny","z":"budowa","o":"ul. Władysława Raczkiewicza - Budowa budynku mieszkalnego jednorodzinnego z garażem wbudowanym, wewnętrznymi instalacjami (energii…","p":1090}},{"type":"Feature","geometry":{"type":"Point","coordinates":[19.848363,50.067332]},"properties":{"d":"2025-06-18","r":"dom jednorodzinny","z":"budowa","o":"ul. Oświęcimska - Budowa budynku mieszkalnego jednorodzinnego z garażem wbudowanym wraz z wew. instalacjami: wod-kan, en. elektrycznej,…","p":600}},{"type":"Feature","geometry":{"type":"Point","coordinates":[19.988332,50.088099]},"properties":{"d":"2025-08-18","r":"obiekt usługowy","z":"budowa","o":"Budowa budynku hotelowego z instalacjami wewnętrznymi: wodną do celów socjalnych i ochrony przeciwpożarowej, kanalizacji sanitarnej i…","p":15210}},{"type":"Feature","geometry":{"type":"Point","coordinates":[19.968916,49.992811]},"properties":{"d":"2025-07-29","r":"dom jednorodzinny","z":"budowa","o":"ul. Grawerska - Wniosek o wydanie decyzja o zmianie pozwolenia na budowę nr 2215/2015 z dnia 03.09.2015 r. - sprawa znak:…","p":1700}},{"type":"Feature","geometry":{"type":"Point","coordinates":[20.067435,50.048227]},"properties":{"d":"2025-06-12","r":"dom jednorodzinny","z":"budowa","o":"Budowa budynku mieszkalnego jednorodzinnego z wewn. instalacjami wod-kan., c.o., gazową i energii elektrycznej, wentylacji mechanicznej,…","p":2850}},{"type":"Feature","geometry":{"type":"Point","coordinates":[20.07677,50.106421]},"properties":{"d":"2025-10-23","r":"dom jednorodzinny","z":"budowa","o":"Budowa sześciu budynków mieszkalnych jednorodzinnych budowa sześciu budynków mieszkalnych jednorodzinnych z infrastrukturą techniczną i…","p":2240}},{"type":"Feature","geometry":{"type":"Point","coordinates":[19.891028,50.005112]},"properties":{"d":"2025-06-10","r":"dom jednorodzinny","z":"nadbudowa","o":"Przebudowa i nadbudowa poddasza budynku mieszkalnego jednorodzinnego wraz z budową wewnętrznej instalacji wentylacji mechanicznej z…","p":2060}},{"type":"Feature","geometry":{"type":"Point","coordinates":[19.882154,50.068815]},"properties":{"d":"2025-09-29","r":"dom jednorodzinny","z":"budowa","o":"Ul. Zarudawie / Orna - Budowa budynku mieszkalnego, jednorodzinnego, wolnostojącego wraz z budową instal. wewnętrznych: wodociągową,…","p":4080}},{"type":"Feature","geometry":{"type":"Point","coordinates":[19.867914,50.032834]},"properties":{"d":"2025-06-03","r":"dom jednorodzinny","z":"budowa","o":"Budowa budynku mieszkalnego jednorodzinnego wolnostojącego wraz z instalacjami zewnętrznymi: kanalizacji sanitarnej, kanalizacji deszczowej…","p":1380}},{"type":"Feature","geometry":{"type":"Point","coordinates":[19.916415,50.006856]},"properties":{"d":"2025-06-06","r":"dom jednorodzinny","z":"budowa","o":"Budowa 7 budynków mieszkalnych jednorodzinnych, w tym 4 w zabudowie bliźniaczej (2 budynki dwulokalowe i 2 budynki jednolokalowe) oraz 3…","p":7610}},{"type":"Feature","geometry":{"type":"Point","coordinates":[20.089489,50.094803]},"properties":{"d":"2025-06-30","r":"dom jednorodzinny","z":"budowa","o":"Budowa 4 budynków mieszkalnych jednorodzinnych dwulokalowych w zabudowie bliźniaczej z instalacją gazu oraz infrastrukturą techniczną,…","p":3920}},{"type":"Feature","geometry":{"type":"Point","coordinates":[19.958838,50.107759]},"properties":{"d":"2025-08-04","r":"inny","z":"budowa","o":"Budowa budynku mieszkalnego jednorodzinnego z garażem podziemnym wraz z instalacjami wewnętrznymi: wentylacji, wodną, kanalizacji…","p":1100}},{"type":"Feature","geometry":{"type":"Point","coordinates":[19.880124,50.080984]},"properties":{"d":"2025-11-07","r":"budynek wielorodzinny","z":"budowa","o":null,"p":2020}},{"type":"Feature","geometry":{"type":"Point","coordinates":[19.860189,50.081682]},"properties":{"d":"2025-10-06","r":"budynek wielorodzinny","z":"budowa","o":"Zabudowa mieszkalna wielorodzinna, polegająca na budowie 4 budynków mieszkalnych wielorodzinnych (B1, B2, B3, B4) oraz budynku usługowego…","p":18510}},{"type":"Feature","geometry":{"type":"Point","coordinates":[19.890536,50.092181]},"properties":{"d":"2025-06-10","r":"budynek wielorodzinny","z":"budowa","o":"ul. Sosnowiecka - Zmiana pozwolenia na budowę nr dec.: 107/6740.1/2024 z dnia 9.02.2024 r. znak sprawy: AU-01-1.6740.1.309.2023.ASZ,…","p":21420}},{"type":"Feature","geometry":{"type":"Point","coordinates":[19.926087,50.000499]},"properties":{"d":"2025-06-30","r":"dom jednorodzinny","z":"budowa","o":"Wniosek w sprawie zmiany ostatecznej decyzji Prezydenta Miasta Krakowa Nr 689/6740.1/2023 z dnia 12 czerwca 2023 r., zatwierdzającej…","p":1490}},{"type":"Feature","geometry":{"type":"Point","coordinates":[20.166554,50.08287]},"properties":{"d":"2025-07-09","r":"dom jednorodzinny","z":"budowa","o":"Budowa budynku mieszkalnego jednorodzinnego wraz z wewnętrznymi instalacjami: elektryczną, c.o., wod.-kan. wewnętrzne instalacje…","p":1220}},{"type":"Feature","geometry":{"type":"Point","coordinates":[19.921339,49.990397]},"properties":{"d":"2025-08-04","r":"dom jednorodzinny","z":"budowa","o":"Budowa budynku mieszkalnego jednorodzinnego, instalacji wewnętrznej elektrycznej, dojścia i dojazdu, na działce nr 80/4 obr. 88 Podgórze,…","p":1330}},{"type":"Feature","geometry":{"type":"Point","coordinates":[19.873912,50.021625]},"properties":{"d":"2025-07-10","r":"dom jednorodzinny","z":"budowa","o":"Budowa budynku mieszkalnego jednorodzinnego wraz z instalacjami wewnętrznymi (wody, kanalizacji sanitarnej, c.o., wentylacji z odzyskiem…","p":1000}},{"type":"Feature","geometry":{"type":"Point","coordinates":[19.924632,50.024783]},"properties":{"d":"2025-07-25","r":"dom jednorodzinny","z":"budowa","o":"Budowa trzech budynków mieszkalnych jednorodzinnych dwulokalowych i jednego budynku mieszkalnego jednorodzinnego z instalacjami…","p":1170}},{"type":"Feature","geometry":{"type":"Point","coordinates":[20.054614,50.082681]},"properties":{"d":"2025-06-18","r":"dom jednorodzinny","z":"budowa","o":"Budowa budynku mieszkalnego jednorodzinnego wraz z instalacjami wewnętrznymi: wodociągową, kanalizacji sanitarnej, gazu, centralnego…","p":3710}},{"type":"Feature","geometry":{"type":"Point","coordinates":[19.866284,50.078773]},"properties":{"d":"2025-06-09","r":"obiekt publiczny","z":"rozbudowa","o":"ul. Balicka - Przebudowa, rozbudowa budynku dydaktycznego","p":53540}},{"type":"Feature","geometry":{"type":"Point","coordinates":[20.156592,50.07445]},"properties":{"d":"2025-08-18","r":"dom jednorodzinny","z":"budowa","o":"Budowa sześciu budynków mieszkalnych jednorodzinnych z wewnętrznymi instalacjami: wody, kanalizacji, centralnego ogrzewania, gazu,…","p":3350}},{"type":"Feature","geometry":{"type":"Point","coordinates":[20.03976,50.037709]},"properties":{"d":"2025-05-07","r":"obiekt usługowy","z":"budowa","o":"ul. Półłanki 33 - budowy hali magazynowej wraz z infrastrukturą techniczną w zagospodarowaniu terenu na działkach ewidencyjnych nr 237/8,…","p":7880}},{"type":"Feature","geometry":{"type":"Point","coordinates":[19.8866,50.031019]},"properties":{"d":"2025-11-12","r":"dom jednorodzinny","z":"nadbudowa","o":"Przebudowa i nadbudowa budynku mieszkalnego jednorodzinnego wraz z montażem podnośnika platformowego na działce nr 99/5, 99/6, 99/1 obr. 6…","p":3040}},{"type":"Feature","geometry":{"type":"Point","coordinates":[19.840483,50.070122]},"properties":{"d":"2025-05-08","r":"dom jednorodzinny","z":"budowa","o":"BUDOWA DWÓCH BUDYNKÓW MIESZKALNYCH JEDNORODZINNYCH W ZABUDOWIE BLIŹNIACZEJ WRAZ Z INFRASTRUKTURĄ TECHNICZNĄ (W ZAKRESIE INSTALACJI…","p":590}},{"type":"Feature","geometry":{"type":"Point","coordinates":[19.909878,49.983061]},"properties":{"d":"2025-07-30","r":"dom jednorodzinny","z":"budowa","o":"Budowa budynku mieszkalnego jednorodzinnego z zewnętrznymi instalacjami: kanalizacji sanitarnej i wodociągową oraz dojściami i dojazdami na…","p":1530}},{"type":"Feature","geometry":{"type":"Point","coordinates":[20.037671,50.056851]},"properties":{"d":"2025-06-12","r":"dom jednorodzinny","z":"budowa","o":"Budowa budynku mieszkalnego jednorodzinnego (dwulokalowego) z instalacjami wewnętrznymi: wody, kanalizacji, gazu, centralnego ogrzewania,…","p":1740}},{"type":"Feature","geometry":{"type":"Point","coordinates":[19.891551,50.01079]},"properties":{"d":"2025-11-13","r":"budynek wielorodzinny","z":"budowa","o":"Budowa budynku mieszkalnego wielorodzinnego z instalacjami wewnętrznymi, garażem podziemnym, naziemnymi miejscami parkingowymi,…","p":17060}},{"type":"Feature","geometry":{"type":"Point","coordinates":[19.826344,50.045432]},"properties":{"d":"2025-09-23","r":"dom jednorodzinny","z":"budowa","o":"BUDOWA BUDYNKU MIESZKALNEGO JEDNORODZINNEGO WOLNOSTOJĄCEGO Z NAZIEMNYM MIEJSCEM POSTOJOWYM, INFRASTRUKTURĄ TECHNICZNĄ I KOMUNIKACYJNĄ ORAZ…","p":790}},{"type":"Feature","geometry":{"type":"Point","coordinates":[19.854761,50.030567]},"properties":{"d":"2025-06-10","r":"dom jednorodzinny","z":"budowa","o":"\"Budowa budynku mieszkalnego jednorodzinnego z wewnętrznymi instalacjami: wody, kanalizacji, energii elektrycznej, gazu, c.o., wentylacji…","p":1160}},{"type":"Feature","geometry":{"type":"Point","coordinates":[19.875634,49.97529]},"properties":{"d":"2025-07-02","r":"dom jednorodzinny","z":"budowa","o":",,Budowa budynku mieszkalnego jednorodzinnego z instalacjami wewnętrznymi: gazu, wody, kanalizacji, energii elektrycznej, wentylacji…","p":2620}},{"type":"Feature","geometry":{"type":"Point","coordinates":[19.900341,50.013656]},"properties":{"d":"2025-06-16","r":"inny","z":"budowa","o":"Budowa budynku mieszkalnego jednorodzinnego na działce nr 67/5, obr. 42 Podgórze, ul. Kobierzyńska w Krakowie wraz z wewnętrzną w terenie…","p":450}},{"type":"Feature","geometry":{"type":"Point","coordinates":[19.947237,50.053758]},"properties":{"d":"2025-07-24","r":"budynek wielorodzinny","z":"budowa","o":"ul. Miodowa 32 - Budowa daszku nad wejściem oficyny w kamienicy.","p":370}},{"type":"Feature","geometry":{"type":"Point","coordinates":[19.86567,50.09124]},"properties":{"d":"2025-10-06","r":"dom jednorodzinny","z":"budowa","o":"ul. Witkiewicza - Budowa dwóch budynków mieszkalnych jednorodzinnych w zabudowie bliźniaczej z instalacjami wewnętrznymi wraz z terenem…","p":920}},{"type":"Feature","geometry":{"type":"Point","coordinates":[19.932593,49.980766]},"properties":{"d":"2025-08-04","r":"dom jednorodzinny","z":"budowa","o":"\"Budowa zespołu trzech budynków mieszkalnych jednorodzinnych dwulokalowych (A,B,C), jednego budynku mieszkalnego jednorodzinnego (D) wraz z…","p":1330}},{"type":"Feature","geometry":{"type":"Point","coordinates":[19.973848,50.062664]},"properties":{"d":"2025-07-03","r":"obiekt usługowy","z":"budowa","o":"ul. Fabryczna - Zmiana pozwolenia na budowę nr dec.: 1291/6740.1/2023 z dnia 22.11.2023 r. znak sprawy: AU-01-2.6740.1.95.2023.MAM.","p":23560}},{"type":"Feature","geometry":{"type":"Point","coordinates":[20.058294,50.080987]},"properties":{"d":"2025-07-08","r":"dom jednorodzinny","z":"budowa","o":"Budowa budynku mieszkalnego jednorodzinnego z wewn. instalacjami wod.-kan., c.o., gazową i energii elektrycznej, wentylacja mechaniczna,…","p":1810}},{"type":"Feature","geometry":{"type":"Point","coordinates":[20.176258,50.090232]},"properties":{"d":"2025-10-24","r":"dom jednorodzinny","z":"budowa","o":"Budowa budynku mieszkalnego jednorodzinnego wraz z niezbędną infrastrukturą techniczną oraz zagospodarowaniem terenu, działki nr 312/1 i…","p":3640}},{"type":"Feature","geometry":{"type":"Point","coordinates":[19.948209,50.103775]},"properties":{"d":"2025-08-18","r":"dom jednorodzinny","z":"nadbudowa","o":"Nadbudowa budynku mieszkalnego jednorodzinnego polegająca na zmianie geometrii dachu, zlokalizowanego na działce nr 275/1, obr. 29,…","p":570}},{"type":"Feature","geometry":{"type":"Point","coordinates":[20.151304,50.107377]},"properties":{"d":"2025-09-10","r":"dom jednorodzinny","z":"budowa","o":"Budowa budynku mieszkalnego jednorodzinnego oraz garażu wolnostojącego wraz z wewnętrznymi instalacjami: wod.-kan., c.o., energii…","p":1980}},{"type":"Feature","geometry":{"type":"Point","coordinates":[19.862896,50.030088]},"properties":{"d":"2025-07-25","r":"dom jednorodzinny","z":"budowa","o":"Budowa pięciu budynków jednorodzinnych dwulokalowych w zabudowie bliźniaczej oraz jednego budynku mieszkalnego jednorodzinnego…","p":5090}},{"type":"Feature","geometry":{"type":"Point","coordinates":[19.939942,50.089775]},"properties":{"d":"2025-07-29","r":"dom jednorodzinny","z":"nadbudowa","o":"ul. Biała - Przebudowa budynku mieszkalnego jednorodzinnego dwulokalowego w zakresie elementów konstrukcyjnych, nadbudowie ścian…","p":810}},{"type":"Feature","geometry":{"type":"Point","coordinates":[19.852306,50.070033]},"properties":{"d":"2025-09-09","r":"inny","z":"budowa","o":"ul. Wiosenna - Budowa budynku mieszkalnego jednorodzinnego, wolnostojącego z wbudowanym garażem, instalacjami wewnętrznymi (wodną,…","p":740}},{"type":"Feature","geometry":{"type":"Point","coordinates":[19.90461,49.981679]},"properties":{"d":"2025-07-15","r":"dom jednorodzinny","z":"budowa","o":"Budowa budynku mieszkalnego jednorodzinnego z wbudowanym garażem wraz z wewnętrznymi instalacjami w budynku: wody, kanalizacji sanitarnej,…","p":1000}},{"type":"Feature","geometry":{"type":"Point","coordinates":[19.888133,49.984838]},"properties":{"d":"2025-06-13","r":"dom jednorodzinny","z":"budowa","o":"Budowa budynku mieszkalnego jednorodzinnego z garażem wbudowanym wraz z instalacjami wewnętrznymi : wod.-kan., c.o., gazową, elektryczną,…","p":1240}},{"type":"Feature","geometry":{"type":"Point","coordinates":[19.951312,50.06902]},"properties":{"d":"2025-08-18","r":"obiekt usługowy","z":"nadbudowa","o":"ul. Rakowicka - Przebudowa, nadbudowa, rozbudowa istniejącego budynku biurowo-usługowego, zmiana zagospodarowania terenu, rozbiórka…","p":16840}},{"type":"Feature","geometry":{"type":"Point","coordinates":[19.847332,50.07613]},"properties":{"d":"2025-10-17","r":"dom jednorodzinny","z":"budowa","o":"ul. Pylna - Budowa 3 budynków jednorodzinnych wraz z instalacjami wewn. wewn. instalacjami na zewnętrz budynku wodno-kanalizacyjną wraz ze…","p":1500}},{"type":"Feature","geometry":{"type":"Point","coordinates":[20.169365,50.067637]},"properties":{"d":"2025-09-03","r":"dom jednorodzinny","z":"budowa","o":"Budowa budynku mieszkalnego jednorodzinnego wolnostojącego z garażem wbudowanym, instalacjami wewnętrznymi: c.o., wod.-kan., elektryczną,…","p":1410}},{"type":"Feature","geometry":{"type":"Point","coordinates":[20.069036,50.096933]},"properties":{"d":"2025-10-08","r":"dom jednorodzinny","z":"budowa","o":null,"p":3120}},{"type":"Feature","geometry":{"type":"Point","coordinates":[19.959767,50.099715]},"properties":{"d":"2025-07-22","r":"budynek wielorodzinny","z":"budowa","o":"Zmiana pozwolenia na budowę nr 324/6740.1/2024 znak AU-01-1.6740.1.285.2023.DMT - ul. Kuźnicy Kołłątajowskiej.","p":4120}},{"type":"Feature","geometry":{"type":"Point","coordinates":[20.059022,50.036369]},"properties":{"d":"2025-10-20","r":"obiekt usługowy","z":"rozbudowa","o":"ul. Wrobela - Rozbudowa i przebudowa ze zmianą sposobu użytkowania istniejącego budynku na serwis samochodowy z zapleczem oraz wewn.…","p":14170}},{"type":"Feature","geometry":{"type":"Point","coordinates":[19.885034,50.097482]},"properties":{"d":"2025-12-05","r":"dom jednorodzinny","z":"nadbudowa","o":"ul. Stawowa - Przebudowa i nadbudowa budynku mieszkalnego jednorodzinnego wraz ze zmianą konstrukcji dachu","p":440}},{"type":"Feature","geometry":{"type":"Point","coordinates":[19.861938,50.081614]},"properties":{"d":"2025-08-22","r":"budynek wielorodzinny","z":"budowa","o":"BUDOWA 2 BUDYNKÓW MIESZKALNYCH WIELORODZINNYCH Z GARAŻAMI PODZIEMNYMI I LOKALAMI USŁUGOWYMI W PARTERACH WRAZ Z INSTALACJAMI WEWNĘTRZNYMI…","p":13260}},{"type":"Feature","geometry":{"type":"Point","coordinates":[19.88234,50.097416]},"properties":{"d":"2025-08-14","r":"inny","z":"budowa","o":"o pozwolenie na budowę- budowa garażu jednostanowiskowego wraz ze zmianą zagospodarowania terenu, ul. Stawowa 184A, działka nr 1158,…","p":800}},{"type":"Feature","geometry":{"type":"Point","coordinates":[19.938602,50.042056]},"properties":{"d":"2025-12-18","r":"budynek wielorodzinny","z":"nadbudowa","o":"Remont, przebudowa i nadbudowa budynku mieszkalnego wielorodzinnego (wraz z wewn. inst. Elektryki, wentylacji mechanicznej, klimatyzacji i…","p":300}},{"type":"Feature","geometry":{"type":"Point","coordinates":[19.984716,50.023904]},"properties":{"d":"2025-08-06","r":"dom jednorodzinny","z":"budowa","o":null,"p":560}},{"type":"Feature","geometry":{"type":"Point","coordinates":[19.857565,50.070663]},"properties":{"d":"2025-05-23","r":"dom jednorodzinny","z":"budowa","o":"ul. Królowej Jadwigi - Budowa 6 budynków mieszkalnych jednorodzinnych w zabudowie bliźniaczej wraz z infrastrukturą techniczną .","p":1840}},{"type":"Feature","geometry":{"type":"Point","coordinates":[19.966225,50.066158]},"properties":{"d":"2025-10-08","r":"budynek wielorodzinny","z":"budowa","o":"Przebudowa i rozbudowa budynku usługowego-biurowego o cześć mieszkalną wielorodzinną z usługami w parterze i wielopoziomowym garażem…","p":6790}},{"type":"Feature","geometry":{"type":"Point","coordinates":[19.912962,50.024007]},"properties":{"d":"2025-09-08","r":"dom jednorodzinny","z":"rozbudowa","o":null,"p":700}},{"type":"Feature","geometry":{"type":"Point","coordinates":[19.918064,50.0264]},"properties":{"d":"2025-07-18","r":"budynek wielorodzinny","z":"budowa","o":"zmiana decyzji pozwolenia na budowę nr 1262/6740.1/2023 z dnia 13 listopada 2023 r. znak: AU015.6740.1.88.2023.MOS zmienionej decyzją nr…","p":530}},{"type":"Feature","geometry":{"type":"Point","coordinates":[20.070134,50.104591]},"properties":{"d":"2025-06-24","r":"obiekt usługowy","z":"budowa","o":"postępowanie w sprawie zmiany decyzji nr 52/6740.1/2025 z dnia 23.01.2025 r. znak sprawy AU-01- 3.6740.1.294.2024.MHA zatwierdzającej…","p":23800}},{"type":"Feature","geometry":{"type":"Point","coordinates":[20.137963,50.06829]},"properties":{"d":"2025-06-13","r":"dom jednorodzinny","z":"budowa","o":"Budowa dziesięciu budynków mieszkalnych jednorodzinnych wolnostojących (budynek M1-M10) wraz z wewnętrznymi instalacjami: wentylacji…","p":4880}},{"type":"Feature","geometry":{"type":"Point","coordinates":[19.934409,50.026478]},"properties":{"d":"2025-10-30","r":"budynek wielorodzinny","z":"budowa","o":"Budowa budynku mieszkalnego, wielorodzinnego, składającego się z dwóch brył nadziemnych, wraz z dwukondygnacyjnym garażem podziemnym,…","p":4080}},{"type":"Feature","geometry":{"type":"Point","coordinates":[19.900541,50.097059]},"properties":{"d":"2025-08-12","r":"dom jednorodzinny","z":"budowa","o":"ul. Stelmachów - Budowa dwóch budynków mieszkalnych jednorodzinnych dwulokalowych z instalacjami wewnętrznymi wraz z terenem utwardzonym i…","p":7470}},{"type":"Feature","geometry":{"type":"Point","coordinates":[19.900865,50.057427]},"properties":{"d":"2025-08-11","r":"dom jednorodzinny","z":"budowa","o":"ul. Królowej Jadwigi - Budowa budynku mieszkalnego jednorodzinnego dwulokalowego wraz z towarzyszącą infrastrukturą: dojazdem, dojściem,…","p":1240}},{"type":"Feature","geometry":{"type":"Point","coordinates":[19.953286,50.044316]},"properties":{"d":"2025-08-22","r":"budynek wielorodzinny","z":"budowa","o":"ul. Krakusa 8 - termomodernizacja elewacji północnej budynku oficyny kamienicy","p":8300}},{"type":"Feature","geometry":{"type":"Point","coordinates":[19.917823,50.055057]},"properties":{"d":"2025-08-11","r":"budynek wielorodzinny","z":"rozbudowa","o":"ROZBUDOWA POLEGAJĄCA NA OCIEPLENIU ŚCIAN BUDYNKU MIESZKALNEGO WIELORODZINNEGO ZLOKALIZOWANEGO W KRAKOWIE NA DZIAŁCE NR 117/1 OBR. 014…","p":520}},{"type":"Feature","geometry":{"type":"Point","coordinates":[20.121362,50.096399]},"properties":{"d":"2025-09-11","r":"dom jednorodzinny","z":"budowa","o":"Budowa czterech budynków mieszkalnych jednorodzinnych w zabudowie bliźniaczej wraz z zewnętrzną instalacją elektryczną, gazową, wodną,…","p":1310}},{"type":"Feature","geometry":{"type":"Point","coordinates":[20.123457,50.083441]},"properties":{"d":"2025-10-28","r":"obiekt usługowy","z":"budowa","o":"Budowa 4 budynków magazynowo- produkcyjnych z częściami biurowo-socjalnymi, budynku pompowni pożarowej z częścią administracyjną, zbiornika…","p":480790}},{"type":"Feature","geometry":{"type":"Point","coordinates":[20.074048,50.106556]},"properties":{"d":"2025-12-17","r":"obiekt usługowy","z":"budowa","o":"Budowa budynku handlowo - usługowego z zagospodarowaniem terenu, infrastrukturą techniczną, szyldami i tablicami reklamowymi umieszczonymi…","p":3930}},{"type":"Feature","geometry":{"type":"Point","coordinates":[20.113105,50.11384]},"properties":{"d":"2025-05-30","r":"dom jednorodzinny","z":"budowa","o":"Budowa budynku mieszkalnego jednorodzinnego wraz z instalacjami wewnętrznymi: wod-kan, gaz, c.o., energią elektryczną; instalacjami…","p":6940}},{"type":"Feature","geometry":{"type":"Point","coordinates":[20.204989,50.058979]},"properties":{"d":"2025-06-24","r":"dom jednorodzinny","z":"budowa","o":"Budowa budynku mieszkalnego jednorodzinnego z wewnętrznymi instalacjami: wody, kanalizacji, energii elektrycznej, c.o. wraz z pompą ciepła…","p":1000}},{"type":"Feature","geometry":{"type":"Point","coordinates":[19.996287,50.103719]},"properties":{"d":"2025-07-29","r":"dom jednorodzinny","z":"budowa","o":"Budowa budynku mieszkalnego jednorodzinnego wraz z instalacjami wewnętrznymi (wodociągowa, kanalizacyjna, elektroenergetyczna) i…","p":3850}},{"type":"Feature","geometry":{"type":"Point","coordinates":[20.122103,50.046933]},"properties":{"d":"2025-07-16","r":"dom jednorodzinny","z":"budowa","o":",,Budowa budynku mieszkalnego jednorodzinnego wolnostojącego z wbudowanym garażem jednostanowiskowym z wewnętrznymi instalacjami wod.-kan.,…","p":1400}},{"type":"Feature","geometry":{"type":"Point","coordinates":[20.027967,50.047324]},"properties":{"d":"2025-10-22","r":"dom jednorodzinny","z":"budowa","o":"Budowa budynku mieszkalnego jednorodzinnego z garażem wbudowanym, zagospodarowaniem terenu i infrastrukturą techniczną tj.: dojściem i…","p":920}},{"type":"Feature","geometry":{"type":"Point","coordinates":[20.16796,50.080062]},"properties":{"d":"2025-08-11","r":"dom jednorodzinny","z":"budowa","o":"Budowa 15 budynków jednorodzinnych (12 w zabudowie bliźniaczej i 3 wolnostojących) wraz instalacjami wewnętrznymi: wodną, kanalizacji…","p":11080}},{"type":"Feature","geometry":{"type":"Point","coordinates":[19.939356,50.022515]},"properties":{"d":"2025-10-21","r":"dom jednorodzinny","z":"budowa","o":"\"Budowa sześciu budynków mieszkalnych jednorodzinnych dwulokalowych w zabudowie bliźniaczej wraz z infrastrukturą techniczną (wewnętrzną…","p":2060}},{"type":"Feature","geometry":{"type":"Point","coordinates":[19.848188,49.996114]},"properties":{"d":"2025-09-08","r":"dom jednorodzinny","z":"budowa","o":"Budowa budynku mieszkalnego jednorodzinnego dwulokalowego z zagospodarowaniem terenu na działce nr 63/43 obręb 80, jedn. ewid. podgórze…","p":480}},{"type":"Feature","geometry":{"type":"Point","coordinates":[20.130861,50.098332]},"properties":{"d":"2025-07-31","r":"dom jednorodzinny","z":"budowa","o":"Budowa budynku mieszkalnego jednorodzinnego z inst. wewn.. (wod-kan, CO, elektr., gazu, went. mech.); instalacji zewn. (wody, kan.sanit,…","p":2210}},{"type":"Feature","geometry":{"type":"Point","coordinates":[19.885898,50.103413]},"properties":{"d":"2025-09-01","r":"obiekt publiczny","z":"budowa","o":"Budowa budynku Domu Kultury z Klubem Seniora w Bronowicach Wielkich, wiata parkingowa ze śmietnikiem, instalacje wewnętrzne: elektryczna,…","p":2170}},{"type":"Feature","geometry":{"type":"Point","coordinates":[20.024011,50.09985]},"properties":{"d":"2025-10-08","r":"budynek wielorodzinny","z":"budowa","o":"Budowa zespołu budynków mieszkalnych wielorodzinnych wraz z usługami w parterze, garażami podziemnymi, infrastrukturą techniczną i…","p":5750}},{"type":"Feature","geometry":{"type":"Point","coordinates":[19.885618,50.094893]},"properties":{"d":"2025-07-07","r":"dom jednorodzinny","z":"budowa","o":"ul. Sosnowiecka 17 - Wniosek o projekt zamienny dot. rozbudowa i przebudowa istniejącego budynku mieszkalnego jednorodzinnego budowy nowego…","p":1540}},{"type":"Feature","geometry":{"type":"Point","coordinates":[19.985598,50.052386]},"properties":{"d":"2025-07-18","r":"budynek wielorodzinny","z":"budowa","o":"ul. Na Zakolu Wisły - Budowa budynku wielorodzinnego z dwoma segmentami nadziemnymi na wspólnym garażu podziemnym z instalacjami…","p":9440}},{"type":"Feature","geometry":{"type":"Point","coordinates":[20.05723,50.046121]},"properties":{"d":"2025-07-31","r":"dom jednorodzinny","z":"budowa","o":"Budowa budynku mieszkalnego jednorodzinnego z instalacjami wewnętrznymi : wody, kanalizacji sanitarnej, energii elektrycznej, gazu,…","p":990}},{"type":"Feature","geometry":{"type":"Point","coordinates":[19.85818,50.071736]},"properties":{"d":"2025-12-22","r":"dom jednorodzinny","z":"budowa","o":"BUDOWA OSIEMNASTU BUDYNKÓW MIESZKALNYCH JEDNORODZINNYCH, DWULOKALOWYCH W ZAJBUDOWIE BLIZNIACZEJ (BUDYNEK M1-M18) Z WEWNĘTRZNYMI…","p":6130}},{"type":"Feature","geometry":{"type":"Point","coordinates":[19.907682,49.995681]},"properties":{"d":"2025-08-05","r":"dom jednorodzinny","z":"budowa","o":"Budowa budynku mieszkalnego jednorodzinnego z instalacjami wewnętrznymi: elektryczną, gazową, wod.-kan. i c.o, oraz budową wewnętrznych…","p":1440}},{"type":"Feature","geometry":{"type":"Point","coordinates":[20.132121,50.072057]},"properties":{"d":"2025-11-21","r":"obiekt usługowy","z":"budowa","o":"Igołomska - Budowa budynku hali produkcyjno-usługowej z częścią biurowo-socjalną wraz z niezbędną infrastrukturą techniczną: zewnętrzną…","p":4350}},{"type":"Feature","geometry":{"type":"Point","coordinates":[19.975573,50.005303]},"properties":{"d":"2025-06-30","r":"dom jednorodzinny","z":"budowa","o":"ul. Nazaretańska - Budowa budynku jednorodzinnego, dwulokalowego z zabudowie wolnostojącej","p":1940}},{"type":"Feature","geometry":{"type":"Point","coordinates":[20.017297,50.068098]},"properties":{"d":"2025-09-04","r":"dom jednorodzinny","z":"budowa","o":"Budowa zespołu czterech budynku mieszkalnych, jednorodzinnych dwulokalowych z wbudowanymi garażami (A, B, C, D) - Budowa drogi wewn. z…","p":2930}},{"type":"Feature","geometry":{"type":"Point","coordinates":[20.176203,50.060292]},"properties":{"d":"2025-08-21","r":"dom jednorodzinny","z":"budowa","o":"ul. Drożyska - Wniosek o pozwolenie na budowę - Budowa budynku mieszkalnego jednorodzinnego wraz z inst.","p":5820}},{"type":"Feature","geometry":{"type":"Point","coordinates":[20.103681,50.106113]},"properties":{"d":"2025-09-03","r":"dom jednorodzinny","z":"budowa","o":"ul. Łuczanowicka - wniosek o pozwolenie na budowę -budowa budynku mieszkalnego jednorodzinnego z instalacjami wewnętrznymi: wody,…","p":1100}},{"type":"Feature","geometry":{"type":"Point","coordinates":[20.126773,50.098565]},"properties":{"d":"2025-07-10","r":"dom jednorodzinny","z":"budowa","o":"Budowa budynku mieszkalnego jednorodzinnego wraz z instalacjami wewnętrznymi: wod.-kan., gaz, c.o., wentylacją mechaniczną, energią…","p":1780}},{"type":"Feature","geometry":{"type":"Point","coordinates":[19.980178,50.073326]},"properties":{"d":"2025-12-02","r":"budynek mieszkalno-usługowy","z":"budowa","o":"Budowa budynku mieszkalno-usługowego wraz z zewnętrzną instalacją kanalizacji sanitarnej, kanalizacji deszczowej wraz ze szczelnym…","p":340}},{"type":"Feature","geometry":{"type":"Point","coordinates":[19.880726,50.018268]},"properties":{"d":"2025-08-29","r":"dom jednorodzinny","z":"nadbudowa","o":"ul. Braterstwa Broni-wniosek o wydanie decyzji o zmianie pozwolenia na budowę znak sprawy AU-01-5.6740.2019.DPA/KGO dec. nr 701/6740.2/2019…","p":750}},{"type":"Feature","geometry":{"type":"Point","coordinates":[20.042917,50.06771]},"properties":{"d":"2025-07-25","r":"inny","z":"budowa","o":"Przebudowa i remont wewnętrznego układu komunikacyjnego, przebudowa podestów wejściowych do budynku, remont nawierzchni chodnika, budowa…","p":5810}},{"type":"Feature","geometry":{"type":"Point","coordinates":[19.924574,50.101182]},"properties":{"d":"2025-11-21","r":"budynek wielorodzinny","z":"budowa","o":"ul. Zygmunta Glogera - Budowa budynku wielorodzinnego wraz z infrastrukturą.","p":1380}},{"type":"Feature","geometry":{"type":"Point","coordinates":[20.106872,50.104992]},"properties":{"d":"2025-08-25","r":"dom jednorodzinny","z":"budowa","o":"Budowa budynku mieszkalnego jednorodzinnego z instalacjami wewnętrznymi, z zewnętrznymi odcinkami instalacji wewnętrznych energii…","p":970}},{"type":"Feature","geometry":{"type":"Point","coordinates":[20.060597,50.044611]},"properties":{"d":"2025-08-05","r":"dom jednorodzinny","z":"budowa","o":"Budowa budynku mieszkalnego jednorodzinnego z instalacjami wewnętrznymi: wodociągową, kanalizacji sanitarnej, gazową, centralnego…","p":1010}},{"type":"Feature","geometry":{"type":"Point","coordinates":[19.970219,50.00658]},"properties":{"d":"2025-08-18","r":"obiekt usługowy","z":"budowa","o":"Budowa budynku biurowo usługowego wraz ze zbiornikiem retencyjnym na wody opadowe i instalacjami wewnętrznymi na zewnątrz budynku: gazową,…","p":740}},{"type":"Feature","geometry":{"type":"Point","coordinates":[19.916484,50.057284]},"properties":{"d":"2025-10-14","r":"budynek wielorodzinny","z":"budowa","o":"ul. Bolesława Prusa - Zmiana pozwolenia na budowę nr dec.: 343/6740.1/2022 z dnia 24.03.2022 r. znak sprawy: AU-01-2.6740.1.49.2022.DŚZ","p":610}},{"type":"Feature","geometry":{"type":"Point","coordinates":[19.925361,50.065326]},"properties":{"d":"2025-10-27","r":"budynek wielorodzinny","z":"budowa","o":"ul. Czarnowiejska 6 - budowa budynku mieszkalnego wielorodzinnego z usługami w parterze wraz z instalacjami wewnętrznymi i infrastrukturą…","p":1020}},{"type":"Feature","geometry":{"type":"Point","coordinates":[19.898089,50.034926]},"properties":{"d":"2025-07-18","r":"dom jednorodzinny","z":"nadbudowa","o":"Nadbudowa istniejącego budynku mieszkalnego jednorodzinnego, na działce nr 194/2 obr. 7 Podgórze, przy ul. Sodowej 34b w Krakowie","p":510}},{"type":"Feature","geometry":{"type":"Point","coordinates":[19.858345,49.990845]},"properties":{"d":"2025-11-17","r":"dom jednorodzinny","z":"budowa","o":"\"Budowa budynku mieszkalnego jednorodzinnego z dojściem i dojazdem wraz z instalacjami wewnętrznymi: wod.-kan., c.o., elektryczną,…","p":1010}},{"type":"Feature","geometry":{"type":"Point","coordinates":[19.994735,50.004701]},"properties":{"d":"2025-09-05","r":"dom jednorodzinny","z":"budowa","o":"Wniosek o pozwolenie na budowę, 24 budynki mieszkalne jednorodzinne, wolnostojące oraz 16 garaży zamkniętych, wolnostojących z…","p":15690}},{"type":"Feature","geometry":{"type":"Point","coordinates":[19.987906,50.081745]},"properties":{"d":"2025-06-18","r":"inny","z":"budowa","o":"Budowa zadaszenia na istniejącą pergolą na działce nr 14/242 obr. 4 jedn. ewid. Śródmieście przy Al. Jana Pawła II w Krakowie","p":36440}},{"type":"Feature","geometry":{"type":"Point","coordinates":[19.965597,49.996858]},"properties":{"d":"2025-08-12","r":"dom jednorodzinny","z":"budowa","o":"Budowa budynku mieszkalnego jednorodzinnego wraz z instalacjami wewnętrznymi w obrębie budynku: wodociągową, kanalizacji sanitarnej,…","p":2710}},{"type":"Feature","geometry":{"type":"Point","coordinates":[20.069516,50.099507]},"properties":{"d":"2025-11-20","r":"dom jednorodzinny","z":"budowa","o":"ul. Obwodowa - Budowa budynku mieszkalnego jednorodzinnego wraz z instalacjami wewnętrznymi: wod-kan, elektryczną, c.o, gazu, wentylacją…","p":1510}},{"type":"Feature","geometry":{"type":"Point","coordinates":[20.050824,50.012074]},"properties":{"d":"2025-09-26","r":"dom jednorodzinny","z":"budowa","o":"ul. Potrzask - Budowa budynku mieszkalnego jednorodzinnego i budynku garażu z instalacjami wewnętrznymi (elektryczną, wod-kan, gaz, c.o.,…","p":920}},{"type":"Feature","geometry":{"type":"Point","coordinates":[19.824665,50.045184]},"properties":{"d":"2025-08-07","r":"dom jednorodzinny","z":"budowa","o":"Budowa budynku mieszkalnego jednorodzinnego wraz z infrastrukturą techniczną, dojściem i dojazdem, zagospodarowaniem terenu na działkach nr…","p":2180}},{"type":"Feature","geometry":{"type":"Point","coordinates":[20.182669,50.053441]},"properties":{"d":"2025-10-03","r":"dom jednorodzinny","z":"budowa","o":"Budowa budynku mieszkalnego jednorodzinnego z instalacjami wewnętrznymi : wody, kanalizacji sanitarnej, energii elektrycznej, gazu i…","p":2120}},{"type":"Feature","geometry":{"type":"Point","coordinates":[19.845268,50.083363]},"properties":{"d":"2025-09-19","r":"inny","z":"budowa","o":"Zmiana decyzji pozwolenia na budowę nr: 1158/6740.1/2024 z dnia 20.12.2024 r., znak sprawy: AU-01-2.6740.1.236.2024.APB dla inwestycji pn.:…","p":12620}},{"type":"Feature","geometry":{"type":"Point","coordinates":[20.094525,50.095391]},"properties":{"d":"2025-08-28","r":"obiekt publiczny","z":"budowa","o":"\"Budowa żłobka wraz z pracami rozbiórkowymi, zagospodarowaniem terenu oraz niezbędną infrastrukturą techniczną na działkach nr 377/1,…","p":13430}},{"type":"Feature","geometry":{"type":"Point","coordinates":[19.865745,50.008605]},"properties":{"d":"2025-10-30","r":"dom jednorodzinny","z":"budowa","o":"ul. Pawła Jasienicy - BUDOWA BUDYNKU MIESZKALNEGO JEDNORODZINNEGO Z GARAŻEM WBUDOWANYM WRAZ Z WEWNĘTRZNYMI INSTALACJAMI W BUDYNKU:…","p":830}},{"type":"Feature","geometry":{"type":"Point","coordinates":[19.921733,49.992077]},"properties":{"d":"2025-09-19","r":"dom jednorodzinny","z":"budowa","o":"Budowa budynku mieszkalnego jednorodzinnego, wolnostojącego wraz z instalacjami wewnętrznymi: gazu, prądu, wody, kan. sanitarnej,…","p":1160}},{"type":"Feature","geometry":{"type":"Point","coordinates":[20.157441,50.07233]},"properties":{"d":"2025-10-01","r":"dom jednorodzinny","z":"budowa","o":"Budowa budynku mieszkalnego jednorodzinnego z wewnętrznymi instalacjami: wody, energii elektrycznej, gazu i kanalizacji sanitarnej, z…","p":4420}},{"type":"Feature","geometry":{"type":"Point","coordinates":[20.167316,50.052069]},"properties":{"d":"2025-09-19","r":"dom jednorodzinny","z":"budowa","o":"Budowa budynku mieszkalnego jednorodzinnego z wbudowanym garażem; wraz z wewn. instalacjami: wod.-kan., c.o., went. mech., energii…","p":840}},{"type":"Feature","geometry":{"type":"Point","coordinates":[19.902715,50.112453]},"properties":{"d":"2025-06-25","r":"dom jednorodzinny","z":"budowa","o":"ul. Na Mostkach - Budowa dwóch budynków mieszkalnych jednorodzinnych dwulokalowych w zabudowie bliźniaczej","p":1780}},{"type":"Feature","geometry":{"type":"Point","coordinates":[20.05124,50.011871]},"properties":{"d":"2025-09-10","r":"dom jednorodzinny","z":"budowa","o":"Budowa budynku mieszkalnego jednorodzinnego z garażem wbudowanym wraz z instalacjami wewnętrznymi: wody, kanalizacji sanitarnej, gazu en.…","p":380}},{"type":"Feature","geometry":{"type":"Point","coordinates":[19.955349,50.065844]},"properties":{"d":"2025-07-29","r":"inny","z":"budowa","o":"Ul. Lubicz - Budowa podnośnika platformy zewnętrznej dla osób niepełnosprawnych, budowa spocznika przed platformą, przebudowa elewacji…","p":2700}},{"type":"Feature","geometry":{"type":"Point","coordinates":[20.153401,50.059804]},"properties":{"d":"2025-07-25","r":"dom jednorodzinny","z":"budowa","o":"Budowa budynku mieszkalnego jednorodzinnego wolnostojącego (z instalacją wewn: elektryczną, wod.-kan., c.o. wentylacji mechanicznej z…","p":700}},{"type":"Feature","geometry":{"type":"Point","coordinates":[20.057784,50.042073]},"properties":{"d":"2025-09-25","r":"dom jednorodzinny","z":"budowa","o":"Ul. Bartników - Budowa budynku mieszkalnego jednorodzinnego, wodociągowej instalacji zasilającej, instalacji odbiorczej kanalizacji…","p":580}},{"type":"Feature","geometry":{"type":"Point","coordinates":[20.06065,50.066988]},"properties":{"d":"2025-09-19","r":"obiekt usługowy","z":"budowa","o":"Budowa jednego, wolnostojącego, jednokondygnacyjnego budynku usługowego, gastronomicznego wraz z budową stacji transformatorowej, małej…","p":3400}},{"type":"Feature","geometry":{"type":"Point","coordinates":[20.163797,50.084658]},"properties":{"d":"2025-11-06","r":"dom jednorodzinny","z":"budowa","o":"Budowa budynku mieszkalnego jednorodzinnego wolnostojącego z instalacjami wewnętrznymi: wody, kanalizacji sanitarnej, gazu, c.o., energii…","p":1260}},{"type":"Feature","geometry":{"type":"Point","coordinates":[20.119807,50.047417]},"properties":{"d":"2025-09-25","r":"dom jednorodzinny","z":"budowa","o":"ul. Kłosowa - Budowa budynku mieszkalnego jednorodzinnego BJ-Z wraz z infrastrukturą: instalacjami wewnętrznymi na zewnątrz-instalacja…","p":6170}},{"type":"Feature","geometry":{"type":"Point","coordinates":[20.119807,50.047417]},"properties":{"d":"2025-09-25","r":"dom jednorodzinny","z":"budowa","o":"ul. Kłosowa - Budowa budynku mieszkalnego jednorodzinnego BJ-R wraz z infrastruktura: instalacjami wewnętrznymi na zewnątrz - instalacja…","p":6170}},{"type":"Feature","geometry":{"type":"Point","coordinates":[20.011667,50.105329]},"properties":{"d":"2025-10-27","r":"budynek wielorodzinny","z":"budowa","o":"ul. P. Kołodzieja - Zmiana pozwolenia na budowę nr dec.: 352/6740.1/2018 z dnia 26.02.2018 r. sygn.: AU-01-1.6740.1.2945.2017.EKO zmieniona…","p":4270}},{"type":"Feature","geometry":{"type":"Point","coordinates":[19.91413,49.99869]},"properties":{"d":"2025-10-01","r":"dom jednorodzinny","z":"budowa","o":"Budowa dwóch budynków mieszkalnych jednorodzinnych w zabudowie bliźniaczej (proj. typowy Dom w Klematisach 19b ) wraz z budową wewnętrznych…","p":850}},{"type":"Feature","geometry":{"type":"Point","coordinates":[20.077851,50.099898]},"properties":{"d":"2025-08-05","r":"dom jednorodzinny","z":"budowa","o":"Budynek mieszkalny jednorodzinny jednolokalowy wraz z instalacjami wewnetrznymi i zewnetrznymi: wod.-kan., c.o., elektroenergetyczną wraz…","p":1420}},{"type":"Feature","geometry":{"type":"Point","coordinates":[19.892361,50.009498]},"properties":{"d":"2025-08-28","r":"dom jednorodzinny","z":"budowa","o":"BUDOWA BUDYNKU MIESZKALNEGO JEDNORODZINNEGO Z WBUDOWANYM GARAŻEM WRAZ Z ZEWNĘTRZNMI ODCINKAMI INSTALACJI WEWNĘTRZNYCH: ELEKTRYCZNEJ, WODY,…","p":1390}},{"type":"Feature","geometry":{"type":"Point","coordinates":[19.942089,50.019574]},"properties":{"d":"2025-09-26","r":"dom jednorodzinny","z":"nadbudowa","o":"Nadbudowa, rozbudowa i przebudowa budynku mieszkalnego jednorodzinnego dwulokalowego wraz z instalacjami wewnętrznymi: energii…","p":560}},{"type":"Feature","geometry":{"type":"Point","coordinates":[19.871599,50.017083]},"properties":{"d":"2025-08-11","r":"dom jednorodzinny","z":"budowa","o":"Budowa budynku mieszkalnego jednorodzinnego wraz z instalacjami wewnętrznymi w obrębie budynku : wodociągową, kanalizacji sanitarnej,…","p":630}},{"type":"Feature","geometry":{"type":"Point","coordinates":[19.86974,50.01288]},"properties":{"d":"2025-09-03","r":"dom jednorodzinny","z":"budowa","o":"Budowa budynku mieszkalnego jednorodzinnego wraz z infrastrukturą techniczną, murami oporowymi oraz z zagospodarowaniem terenu na części…","p":980}},{"type":"Feature","geometry":{"type":"Point","coordinates":[19.881363,50.016031]},"properties":{"d":"2025-10-13","r":"dom jednorodzinny","z":"budowa","o":"Budowa budynku mieszkalnego jednorodzinnego z instalacjami wewnętrznymi w budynku (elektryczną, wody, kanalizacji, c.o., gazu,…","p":1360}},{"type":"Feature","geometry":{"type":"Point","coordinates":[20.107471,50.111458]},"properties":{"d":"2025-09-10","r":"dom jednorodzinny","z":"budowa","o":"Budowa dwóch budynków mieszkalnych jednorodzinnych, dwulokalowych w zabudowie wolnostojącej z instalacjami wewnętrznymi: wody, kanalizacji…","p":1610}},{"type":"Feature","geometry":{"type":"Point","coordinates":[20.154634,50.109072]},"properties":{"d":"2025-09-12","r":"dom jednorodzinny","z":"budowa","o":"Budowa budynku mieszkalnego jednorodzinnego z garażem wbudowanym, z instalacjami wewnętrznymi: wody, energii elektrycznej, gazu i…","p":660}},{"type":"Feature","geometry":{"type":"Point","coordinates":[19.895586,50.098502]},"properties":{"d":"2025-08-12","r":"dom jednorodzinny","z":"budowa","o":"Ul. Stelmachów - Budowa dwóch budynków mieszkalnych jednorodzinnych z instalacjami wewnętrznymi wraz z terenem utwardzonym i zjazdem.","p":1160}},{"type":"Feature","geometry":{"type":"Point","coordinates":[19.918821,49.999735]},"properties":{"d":"2025-12-12","r":"dom jednorodzinny","z":"budowa","o":"ul. Forteczna 16 - Rozbiórka istniejącego budynku mieszkalnego jednorodzinnego oraz budowa nowego budynku mieszkalnego jednorodzinnego wraz…","p":820}},{"type":"Feature","geometry":{"type":"Point","coordinates":[20.092551,50.094745]},"properties":{"d":"2025-10-24","r":"dom jednorodzinny","z":"nadbudowa","o":"\"Przebudowa, nadbudowa istniejącego budynku mieszkalnego jednorodzinnego wraz ze zmianą sposobu użytkowania strychu na cele mieszkalne wraz…","p":2230}},{"type":"Feature","geometry":{"type":"Point","coordinates":[19.944729,50.051606]},"properties":{"d":"2025-09-11","r":"inny","z":"nadbudowa","o":"Plac Nowy 4A - Nadbudowa obiektu małej architektury służącego utrzymaniu porządku (śmietnik) na Placu Nowym 4A w Krakowie, dz. nr 120/4,…","p":2780}},{"type":"Feature","geometry":{"type":"Point","coordinates":[19.878471,50.062977]},"properties":{"d":"2025-10-13","r":"dom jednorodzinny","z":"budowa","o":"Budowa budynku mieszkalnego jednorodzinnego z instalacjami wody, kanalizacji sanitarnej, kanalizacji deszczowej, gazu, elektryki wraz z…","p":540}},{"type":"Feature","geometry":{"type":"Point","coordinates":[20.077196,50.095055]},"properties":{"d":"2025-08-13","r":"dom jednorodzinny","z":"rozbudowa","o":"Rozbudowa, przebudowa budynku mieszkalnego jednorodzinnego jednolokalowego z wbudowanym garażem jednostanowiskowym na budynek dwulokalowy z…","p":1010}},{"type":"Feature","geometry":{"type":"Point","coordinates":[19.947246,50.064331]},"properties":{"d":"2025-12-04","r":"obiekt usługowy","z":"rozbudowa","o":"Rozbudowa istniejącego budynku hotelowego polegająca na budowie budynku hotelowego z przewiązką do budynku istniejącego z garażem…","p":2210}},{"type":"Feature","geometry":{"type":"Point","coordinates":[19.886719,50.100579]},"properties":{"d":"2025-12-18","r":"obiekt usługowy","z":"rozbudowa","o":"Rozbudowa budynku usługowego - salonu sprzedaży i serwisu samochodów hyundai wraz z infrastrukturą techniczną i zagospodarowaniem terenu…","p":193730}},{"type":"Feature","geometry":{"type":"Point","coordinates":[20.071802,50.04053]},"properties":{"d":"2025-11-19","r":"dom jednorodzinny","z":"budowa","o":null,"p":640}},{"type":"Feature","geometry":{"type":"Point","coordinates":[19.879401,50.097112]},"properties":{"d":"2025-09-26","r":"dom jednorodzinny","z":"budowa","o":"Budowa zespołu zabudowy jednorodzinnej w zabudowie bliźniaczej wraz z infrastrukturą techniczną, budową dojść i dojazdów na dz. nr 637/9,…","p":2290}},{"type":"Feature","geometry":{"type":"Point","coordinates":[19.985731,50.048783]},"properties":{"d":"2025-10-24","r":"budynek wielorodzinny","z":"budowa","o":"wniosek o wydanie decyzji o zmianie decyzji o pozwoleniu na budowę nr 122/6740.1/2024 z dnia 14.02.2024 r. sprawa…","p":2810}},{"type":"Feature","geometry":{"type":"Point","coordinates":[20.001089,50.011681]},"properties":{"d":"2025-10-07","r":"inny","z":"budowa","o":"Budowa budynku garażu wielokondygnacyjnego na potrzeby Uniwersyteckiego Szpitala Dziecięcego w Krakowie, przebudowa i rozbudowa sieci…","p":107210}},{"type":"Feature","geometry":{"type":"Point","coordinates":[20.168362,50.065146]},"properties":{"d":"2025-10-03","r":"dom jednorodzinny","z":"budowa","o":"ul. Wyciąska - Budowa budynku mieszkalnego jednorodzinnego w zabudowie wolnostojącej (parterowego, niepodpiwniczonego, z użytkowym…","p":850}},{"type":"Feature","geometry":{"type":"Point","coordinates":[19.993517,50.106291]},"properties":{"d":"2025-09-04","r":"dom jednorodzinny","z":"budowa","o":"Budowa zespołu trzech budynków mieszkalnych jednorodzinnych wraz z instalacjami wewnętrznymi: wody, kanalizacji sanitarnej, energii…","p":2520}},{"type":"Feature","geometry":{"type":"Point","coordinates":[20.06388,50.046448]},"properties":{"d":"2025-09-25","r":"dom jednorodzinny","z":"budowa","o":"Budowa 2 budynków mieszkalnych jednorodzinnych dwulokalowych w zabudowie wolnostojącej wraz z wewnętrznymi instalacjami (wodną, kanalizacji…","p":1010}},{"type":"Feature","geometry":{"type":"Point","coordinates":[19.810024,50.014276]},"properties":{"d":"2025-08-14","r":"dom jednorodzinny","z":"budowa","o":"\"Budowa budynku mieszkalnego jednorodzinnego wraz z instalacjami wewnętrznymi (woda, kanalizacja, sanitarna, c.o., elektryka, wentylacja…","p":620}},{"type":"Feature","geometry":{"type":"Point","coordinates":[19.901552,50.089636]},"properties":{"d":"2025-12-12","r":"obiekt usługowy","z":"budowa","o":"Wniosek o pozwolenie na budowę- Budowa dwóch budynków biurowo-usługowych z garażem podziemnym, instalacjami wewnętrznymi (w tym instalacja…","p":9690}},{"type":"Feature","geometry":{"type":"Point","coordinates":[19.920285,50.097992]},"properties":{"d":"2025-11-07","r":"obiekt publiczny","z":"budowa","o":"Budowa szkoły oraz boiska wielofunkcyjnego z drogą wewnętrzną, naziemnymi miejscami postojowymi, infrastrukturą techniczną oraz…","p":4250}},{"type":"Feature","geometry":{"type":"Point","coordinates":[19.972834,49.988251]},"properties":{"d":"2025-10-21","r":"dom jednorodzinny","z":"budowa","o":"Budowa prefabrykowanego budynku mieszkalnego jednorodzinnego wraz z wewn. inst. wod-kan, gaz, c.o., elektryczną w budynku, wewn. inst.…","p":1260}},{"type":"Feature","geometry":{"type":"Point","coordinates":[20.057721,50.078112]},"properties":{"d":"2025-08-04","r":"dom jednorodzinny","z":"budowa","o":"zmiana pozwolenia na budowę nr 520/6740.1/2025 z dnia 18.06.2025r., znak: AU-01-3.6740.1.356.2024.DMT zatwierdzającego projekt…","p":4550}},{"type":"Feature","geometry":{"type":"Point","coordinates":[19.896522,50.077659]},"properties":{"d":"2025-10-31","r":"dom jednorodzinny","z":"budowa","o":"Budowa budynku mieszkalnego jednorodzinnego, wraz z wiatą na miejsce postojowe oraz miejscem gromadzenia odpadów stałych, z instalacjami…","p":520}},{"type":"Feature","geometry":{"type":"Point","coordinates":[19.984585,50.006032]},"properties":{"d":"2025-10-27","r":"dom jednorodzinny","z":"budowa","o":"Budowa budynku mieszkalnego jednorodzinnego wraz z instalacjami wewn: wod-kan, gazu, c.o., energii elektrycznej, wentylacji mechanicznej z…","p":660}},{"type":"Feature","geometry":{"type":"Point","coordinates":[20.18013,50.052287]},"properties":{"d":"2025-11-03","r":"dom jednorodzinny","z":"nadbudowa","o":"Rozbiórka dwóch obiektów gospodarczych typu wiata magazynowa na działce nr 229 oraz przebudowa z rozbudową i nadbudową oraz zmiana sposobu…","p":7680}},{"type":"Feature","geometry":{"type":"Point","coordinates":[19.878776,50.01241]},"properties":{"d":"2025-09-03","r":"dom jednorodzinny","z":"budowa","o":"\"Budowa budynku mieszkalnego jednorodzinnego z garażem dwustanowiskowym w bryle budynku wraz z wewnętrznymi instalacjami (wod.-kan.,…","p":930}},{"type":"Feature","geometry":{"type":"Point","coordinates":[20.003109,50.00513]},"properties":{"d":"2025-12-05","r":"budynek wielorodzinny","z":"budowa","o":"ul. Kosocicka 58D - Budowa budynku mieszkalnego wielorodzinnego o trzech częściach nadziemnych, z garażem podziemnym, zagospodarowaniem…","p":10550}},{"type":"Feature","geometry":{"type":"Point","coordinates":[20.013666,50.072178]},"properties":{"d":"2025-08-06","r":"budynek wielorodzinny","z":"budowa","o":"zmiana pozwolenia na budowę nr 2163/6740.1/2019 z dnia 05.11.2019 r. znak: AU-01-3.6740.1.1547.2019.MAM wydanego dla zamierzenia…","p":620}},{"type":"Feature","geometry":{"type":"Point","coordinates":[20.038737,50.045555]},"properties":{"d":"2025-08-22","r":"obiekt publiczny","z":"budowa","o":"Budowa budynku żłobka wraz z instalacją wodociągową do studni wodomierzowej, instalacją kanalizacji sanitarnej do studzienki, instalacją…","p":17480}},{"type":"Feature","geometry":{"type":"Point","coordinates":[19.896588,50.011329]},"properties":{"d":"2025-07-17","r":"dom jednorodzinny","z":"budowa","o":"Budowa pięciu budynków mieszkalnych 1-rodzinnych 2-lokalowych w zabudowie szeregowej, wraz z wewnętrznymi instalacjami: wentylacji…","p":1050}},{"type":"Feature","geometry":{"type":"Point","coordinates":[20.16565,50.087267]},"properties":{"d":"2025-09-11","r":"dom jednorodzinny","z":"budowa","o":"ul. Narcyza Wiatra - wniosek o pozwolenie na budowę-budowa budynku mieszkalnego jednorodzinnego z instalacjami wewnętrznymi i zewnętrznymi","p":1230}},{"type":"Feature","geometry":{"type":"Point","coordinates":[19.892319,50.061313]},"properties":{"d":"2025-10-24","r":"dom jednorodzinny","z":"budowa","o":"ul. Stanisława Tondosa 5 - Budowa budynku mieszkalnego jednorodzinnego wraz z infrastrukturą techniczną, budowa trzech murów oporowych oraz…","p":500}},{"type":"Feature","geometry":{"type":"Point","coordinates":[19.846516,50.067004]},"properties":{"d":"2025-12-11","r":"dom jednorodzinny","z":"budowa","o":"\"Budowa trzech budynków mieszkalnych jednorodzinnych dwulokalowych z garażami podziemnymi (dwa budynki w zabudowie bliźniaczej oraz jeden…","p":1160}},{"type":"Feature","geometry":{"type":"Point","coordinates":[20.178528,50.097947]},"properties":{"d":"2025-10-03","r":"dom jednorodzinny","z":"budowa","o":null,"p":1040}},{"type":"Feature","geometry":{"type":"Point","coordinates":[19.893902,50.012872]},"properties":{"d":"2025-12-12","r":"dom jednorodzinny","z":"budowa","o":null,"p":610}},{"type":"Feature","geometry":{"type":"Point","coordinates":[19.949941,49.978123]},"properties":{"d":"2025-09-05","r":"dom jednorodzinny","z":"budowa","o":"Budowa budynku mieszkalnego jednorodzinnego z instalacjami wewnętrznymi: wody, kanalizacji sanitarnej, centralnego ogrzewania, energii…","p":810}},{"type":"Feature","geometry":{"type":"Point","coordinates":[19.948014,50.084817]},"properties":{"d":"2025-09-05","r":"dom jednorodzinny","z":"budowa","o":"ul. Żabiniec - Budowa budynku mieszkalnego jednorodzinnego z przyłączem wodociągowym, energii elektrycznej, kanalizacji ogólnospławnej.","p":1590}},{"type":"Feature","geometry":{"type":"Point","coordinates":[19.826335,50.074419]},"properties":{"d":"2025-10-21","r":"dom jednorodzinny","z":"budowa","o":"\"Budowa dwóch budynków mieszkalnych jednorodzinnych wolnostojących wraz z instalacjami wewnętrznymi: wod.-kan., c.o., energii elektrycznej,…","p":2320}},{"type":"Feature","geometry":{"type":"Point","coordinates":[19.83101,50.057873]},"properties":{"d":"2025-09-05","r":"dom jednorodzinny","z":"budowa","o":"Budowa budynku mieszkalnego, jednorodzinnego, w zabudowie wolnostojącej, dwukondygnacyjnego z poddaszem użytkowym wraz z instalacjami…","p":1590}},{"type":"Feature","geometry":{"type":"Point","coordinates":[19.850064,50.053558]},"properties":{"d":"2025-09-12","r":"obiekt usługowy","z":"budowa","o":"Rozbiórka obiektu gastronomicznego oraz budowa budynku usługowego kawiarni z infrastrukturą techniczną w terenie, dojściami i dojazdem oraz…","p":167840}},{"type":"Feature","geometry":{"type":"Point","coordinates":[19.986441,50.07126]},"properties":{"d":"2025-07-02","r":"budynek wielorodzinny","z":"budowa","o":"Budowa budynku mieszkalnego wielorodzinnego z garażem podziemnym wraz z budową zewnętrznych odcinków wewnętrznych instalacji kanalizacji…","p":2930}},{"type":"Feature","geometry":{"type":"Point","coordinates":[19.90763,50.112276]},"properties":{"d":"2025-08-21","r":"dom jednorodzinny","z":"budowa","o":"BUDOWA BUDYNKU MIESZKALNEGO JEDNORODZINNEGO WOLNOSTOJĄCEGO ORAZ BUDYNKU GOSPODARCZEGO Z GARAŻEM DWUSTANOWIKSYM WRAZ Z INSTALACJAMI,…","p":1890}},{"type":"Feature","geometry":{"type":"Point","coordinates":[19.863772,50.078945]},"properties":{"d":"2025-07-25","r":"obiekt publiczny","z":"rozbudowa","o":"Ul. Balicka 120 - Przebudowa, rozbudowa i nadbudowa budynku dydaktycznego","p":9780}},{"type":"Feature","geometry":{"type":"Point","coordinates":[19.819415,50.017837]},"properties":{"d":"2025-12-10","r":"dom jednorodzinny","z":"budowa","o":"Budowa budynku mieszkalnego jednorodzinnego z wolnostojącym budynkiem gospodarczym wraz z instalacjami wewnętrznymi, c.o., elektryczną,…","p":1300}},{"type":"Feature","geometry":{"type":"Point","coordinates":[19.990111,49.974428]},"properties":{"d":"2025-11-05","r":"dom jednorodzinny","z":"budowa","o":"ul. Jarockiego - Budowa budynku mieszkalnego jednorodzinnego wraz z instalacjami wewnętrznymi : wody, kanalizacji sanitarnej, energii…","p":2090}},{"type":"Feature","geometry":{"type":"Point","coordinates":[19.934032,50.060473]},"properties":{"d":"2025-11-07","r":"obiekt publiczny","z":"rozbudowa","o":"Ul. Gołębia - Przebudowa, rozbudowa i nadbudowa budynków Wydziału Polonistyki UJ wraz ze zmianą sposobu użytkowania strychu kamienicy nr 16…","p":1760}},{"type":"Feature","geometry":{"type":"Point","coordinates":[20.09206,50.093888]},"properties":{"d":"2025-10-01","r":"dom jednorodzinny","z":"budowa","o":"\"Budowa budynku mieszkalnego jednorodzinnego wraz z zewnętrznymi instalacjami: gazu, energii elektrycznej, kanalizacji sanitarnej, wody…","p":5030}},{"type":"Feature","geometry":{"type":"Point","coordinates":[19.801704,50.011001]},"properties":{"d":"2025-12-01","r":"dom jednorodzinny","z":"budowa","o":"Budynek mieszkalny jednorodzinny z garażem wbudowanym dwustanowiskowym \"HomeKONCEPT 72 G2\" wewnętrznymi instalacjami: wod.-kan., c.o., gaz,…","p":3370}},{"type":"Feature","geometry":{"type":"Point","coordinates":[20.060383,50.043549]},"properties":{"d":"2025-11-28","r":"dom jednorodzinny","z":"budowa","o":"Budowa trzech budynków mieszkalnych jednorodzinnych dwulokalowych wolnostojących nr B1, nr B2, nr B3 z instalacjami wewnętrznymi: energii…","p":1530}},{"type":"Feature","geometry":{"type":"Point","coordinates":[19.96805,50.063777]},"properties":{"d":"2025-08-01","r":"obiekt usługowy","z":"budowa","o":null,"p":10960}},{"type":"Feature","geometry":{"type":"Point","coordinates":[19.955458,50.093561]},"properties":{"d":"2025-10-21","r":"dom jednorodzinny","z":"budowa","o":"Rozbiórka istniejącego budynku mieszkalnego jednorodzinnego i budowa budynku mieszkalnego jednorodzinnego z wewnętrznymi instalacjami:…","p":330}},{"type":"Feature","geometry":{"type":"Point","coordinates":[19.948481,50.06017]},"properties":{"d":"2025-10-24","r":"inny","z":"budowa","o":"ul. Blich 6 - zadaszenie nad stojakami rowerowymi na zewnętrznym podwórku kamienicy.","p":1170}},{"type":"Feature","geometry":{"type":"Point","coordinates":[19.921489,50.046845]},"properties":{"d":"2025-12-15","r":"obiekt publiczny","z":"budowa","o":"Zmiana decyzji Prezydenta Miasta Krakowa o pozwoleniu na budowę Nr 159/6740./2019 z dnia 28.01.2019r. znak : AU-01-5.6740.1.1897.2018.JKU,…","p":28710}},{"type":"Feature","geometry":{"type":"Point","coordinates":[20.074574,50.041079]},"properties":{"d":"2025-12-15","r":"dom jednorodzinny","z":"budowa","o":"ul. Łutnia - wniosek o pozwolenie na budowę - budowa budynku mieszkalnego jednorodzinnego parterowego wraz z wewnętrznymi instalacjami w…","p":2470}},{"type":"Feature","geometry":{"type":"Point","coordinates":[19.941374,50.037526]},"properties":{"d":"2025-08-06","r":"budynek wielorodzinny","z":"budowa","o":"Budowa budynku mieszkalnego wielorodzinnego wraz z garażem podziemnym i infrastrukturą techniczną: zewnętrzne odcinki instalacji…","p":250}},{"type":"Feature","geometry":{"type":"Point","coordinates":[20.154367,50.109243]},"properties":{"d":"2025-10-07","r":"dom jednorodzinny","z":"budowa","o":"Budowa budynku mieszkalnego jednorodzinnego z garażem wbudowanym (dwustanowiskowym) z wewnętrznymi odcinkami wewnętrznych instalacji: wody,…","p":720}},{"type":"Feature","geometry":{"type":"Point","coordinates":[20.128293,50.099385]},"properties":{"d":"2025-10-14","r":"dom jednorodzinny","z":"budowa","o":"Budowa budynku mieszkalnego jednorodzinnego. Instalacje wewnętrzne wody, kanalizacji sanitarnej, centralnego ogrzewania, energii…","p":1930}},{"type":"Feature","geometry":{"type":"Point","coordinates":[19.94947,50.049244]},"properties":{"d":"2025-12-19","r":"budynek mieszkalno-usługowy","z":"budowa","o":"Podgórska - Budowa budynku usługowo-mieszkalnego z dwukondygnacyjnym garażem podziemnym z zagospodarowaniem terenu dojściem i dojazdem oraz…","p":2840}},{"type":"Feature","geometry":{"type":"Point","coordinates":[19.877846,50.001805]},"properties":{"d":"2025-09-16","r":"dom jednorodzinny","z":"budowa","o":"ul. Kurzmanna -Budowa budynku mieszkalnego jednorodzinnego wraz z zewnętrznymi instalacjami: energii elektrycznej, kanalizacji sanitarnej z…","p":660}},{"type":"Feature","geometry":{"type":"Point","coordinates":[19.91926,50.065804]},"properties":{"d":"2025-09-25","r":"inny","z":"budowa","o":"Budowa kontenerowego budynku o funkcji magazynu powietrznego energii na cele badawcze Wydziału Energetyki i Paliw Akademii…","p":143650}},{"type":"Feature","geometry":{"type":"Point","coordinates":[20.003888,50.011498]},"properties":{"d":"2025-08-07","r":"obiekt usługowy","z":"budowa","o":"Budowa budynku usługowo - gastronomicznego z drogą wewnętrzną, miejscami postojowymi, śmietnikiem, stacją trafo oraz zewnętrznymi…","p":1860}},{"type":"Feature","geometry":{"type":"Point","coordinates":[19.875401,50.090557]},"properties":{"d":"2025-11-03","r":"dom jednorodzinny","z":"budowa","o":"Budowa budynku mieszkalnego, jednorodzinnego z instalacjami wewnętrznymi: elektryczną, gazową, wod-kan, c.o., wraz z odcinkami zewnętrznymi…","p":1330}},{"type":"Feature","geometry":{"type":"Point","coordinates":[19.858224,50.065859]},"properties":{"d":"2025-11-19","r":"dom jednorodzinny","z":"budowa","o":null,"p":850}},{"type":"Feature","geometry":{"type":"Point","coordinates":[19.99403,50.010983]},"properties":{"d":"2025-11-18","r":"obiekt usługowy","z":"budowa","o":"Budowa kontenerowego budynku magazynowego do pasywnego składowania substancji niebezpiecznych dla potrzeb Wydziału Farmacji UJ-CM z…","p":8890}},{"type":"Feature","geometry":{"type":"Point","coordinates":[19.899919,50.009739]},"properties":{"d":"2025-11-06","r":"obiekt publiczny","z":"budowa","o":"Budowa 3 kortów tenisowych z przekryciem namiotowym o dachu łukowym z zapleczem socjalno-szatniowo-technicznym wraz z instalacjami…","p":14950}},{"type":"Feature","geometry":{"type":"Point","coordinates":[19.943819,50.020545]},"properties":{"d":"2025-10-31","r":"dom jednorodzinny","z":"budowa","o":"Budowa wolnostojącego budynku mieszkalnego jednorodzinnego dwulokalowego wraz z wewnętrzną linią zasilającą elektroenergetyczną, zewnętrzną…","p":790}},{"type":"Feature","geometry":{"type":"Point","coordinates":[19.871731,49.999455]},"properties":{"d":"2025-12-04","r":"dom jednorodzinny","z":"budowa","o":null,"p":1450}},{"type":"Feature","geometry":{"type":"Point","coordinates":[19.864736,50.01436]},"properties":{"d":"2025-10-27","r":"dom jednorodzinny","z":"budowa","o":"zmiana decyzji pozwolenia na budowę nr 832/6740.1/2022 z dnia 04.07.2022r. znak: AU-01-5.6740.1.415.2022.KDU, przeniesionej decyzją nr…","p":380}},{"type":"Feature","geometry":{"type":"Point","coordinates":[20.043799,50.068631]},"properties":{"d":"2025-08-05","r":"inny","z":"budowa","o":"Budowa wiaty śmietnikowej wraz z utwardzeniem terenu dla budynków mieszkaniowych wielorodzinnych położonych na Osiedlu Na Skarpie 16 i 18 w…","p":3460}},{"type":"Feature","geometry":{"type":"Point","coordinates":[20.149592,50.103153]},"properties":{"d":"2025-11-04","r":"dom jednorodzinny","z":"budowa","o":"ul. Węgrzynowicka - Budowa budynku mieszkalnego jednorodzinnego wraz z zewnętrznymi odcinkami wewnętrznych instalacji, budowa murków…","p":800}},{"type":"Feature","geometry":{"type":"Point","coordinates":[19.907001,49.997266]},"properties":{"d":"2025-10-24","r":"dom jednorodzinny","z":"nadbudowa","o":"ul. Leona Tochowicza 28 - Nadbudowa części budynku mieszkalnego jednorodzinnego w zabudowie szeregowej.  126104_9.0069.263/198","p":500}},{"type":"Feature","geometry":{"type":"Point","coordinates":[19.878608,49.975291]},"properties":{"d":"2025-11-03","r":"dom jednorodzinny","z":"budowa","o":"Budowa budynku mieszkalnego, jednorodzinnego, wraz z wewnętrznymi instalacjami: wod-kan, c.o., elektryczną, wentylacji mechanicznej, oraz…","p":2190}},{"type":"Feature","geometry":{"type":"Point","coordinates":[19.983555,50.09127]},"properties":{"d":"2025-11-03","r":"dom jednorodzinny","z":"budowa","o":"zmiana pozwolenia na budowę nr 663/6740.1/2024 z dnia 19.07.2024 r., znak sprawy: AU-01-2.6740.1.106.2023.BLE udzielającego pozwolenia na…","p":530}},{"type":"Feature","geometry":{"type":"Point","coordinates":[20.033193,50.010415]},"properties":{"d":"2025-11-06","r":"dom jednorodzinny","z":"budowa","o":"ul. ŁACZKA - \"BUDOWA BUDYNKU MIESZKALNEGO JEDNORODZINNEGO Z WBUDOWANYM GARAŻEM DWUSTANOWISKOWYM, Z INSTALACJAMI WEWNĘTRZNYMI, ZEWNĘTRZNĄ…","p":1040}},{"type":"Feature","geometry":{"type":"Point","coordinates":[19.933675,50.041794]},"properties":{"d":"2025-10-28","r":"budynek wielorodzinny","z":"budowa","o":"Wniosek o zmianę pozwolenia na budowę nr 1913/10 z dnia 03.09.2010 r. znak sprawy: AU-01-2.EJA/MTO.73531-1677/07, przeniesionej na obecnego","p":10070}},{"type":"Feature","geometry":{"type":"Point","coordinates":[20.064726,50.041943]},"properties":{"d":"2025-11-12","r":"obiekt publiczny","z":"budowa","o":"Budowa budynku sceny plenerowej z zadaszeniem i zapleczem, zewnętrzna instalacja elektryczna, wewnętrznymi instalacjami elektryczna,…","p":5420}},{"type":"Feature","geometry":{"type":"Point","coordinates":[19.86486,50.062603]},"properties":{"d":"2025-11-21","r":"dom jednorodzinny","z":"budowa","o":"ul. Świerkowa 3 - Budowa dwóch budynków mieszkalnych jednorodzinnych wolnostojących dwulokalowych wraz z instalacjami wewnętrznymi wod-kan,…","p":1530}},{"type":"Feature","geometry":{"type":"Point","coordinates":[19.946161,50.105253]},"properties":{"d":"2025-08-21","r":"dom jednorodzinny","z":"rozbudowa","o":"Rozbudowa, nadbudowa i przebudowa budynku mieszkalnego jednorodzinnego na działce nr 62 obręb 29 jednostka ewidencyjna Krowodrza przy ul.…","p":1420}},{"type":"Feature","geometry":{"type":"Point","coordinates":[20.163253,50.071452]},"properties":{"d":"2025-10-10","r":"dom jednorodzinny","z":"budowa","o":"ul. Tymiankowa - budowa budynku mieszkalnego jednorodzinnego wraz z instalacjami wewnętrznymi, zewnętrznymi. oraz utwardz. terenu","p":16400}},{"type":"Feature","geometry":{"type":"Point","coordinates":[20.120294,50.056196]},"properties":{"d":"2025-09-11","r":"dom jednorodzinny","z":"budowa","o":"ul. Branicka - Budowa budynku mieszkalnego jednorodzinnego z instalacjami wewnętrznymi, z zewnętrznymi odcinkami instalacji wewnętrznych; z…","p":520}},{"type":"Feature","geometry":{"type":"Point","coordinates":[19.819461,50.016421]},"properties":{"d":"2025-12-04","r":"dom jednorodzinny","z":"budowa","o":null,"p":1260}},{"type":"Feature","geometry":{"type":"Point","coordinates":[20.174572,50.086717]},"properties":{"d":"2025-08-22","r":"dom jednorodzinny","z":"budowa","o":"Budowa dwóch budynków mieszkalnych jednorodzinnych w zabudowie bliźniaczej z wewnętrznymi instalacjami: wod.-kan., c.o., went. mech.,…","p":6400}},{"type":"Feature","geometry":{"type":"Point","coordinates":[19.966095,50.010447]},"properties":{"d":"2025-11-13","r":"dom jednorodzinny","z":"budowa","o":"ul. Tuchowska - budowa budynku mieszkalnego jednorodzinnego wolnostojącego i infrastrukturą techniczną, rozbiórka istniejącego budynku","p":1480}},{"type":"Feature","geometry":{"type":"Point","coordinates":[19.968703,50.009254]},"properties":{"d":"2025-08-22","r":"dom jednorodzinny","z":"budowa","o":"Budowa zespołu trzech budynków mieszkalnych jednorodzinnych, ciągu pieszo-jezdnego i miejsc parkingowych wraz z infrastrukturą techniczną…","p":980}},{"type":"Feature","geometry":{"type":"Point","coordinates":[19.958322,49.97191]},"properties":{"d":"2025-12-19","r":"dom jednorodzinny","z":"budowa","o":"ul. Zdzisława Opiala - Budynek mieszkalny jednorodzinny z zagospodarowaniem terenu i infrastrukturą techniczną w tym zbiornikiem…","p":1470}},{"type":"Feature","geometry":{"type":"Point","coordinates":[20.180312,50.099036]},"properties":{"d":"2025-10-29","r":"dom jednorodzinny","z":"budowa","o":"Budowa budynku mieszkalnego jednorodzinnego z garażem wbudowanym, z wewnętrznymi instalacjami: wody, kanalizacji sanitarnej, energii…","p":2040}},{"type":"Feature","geometry":{"type":"Point","coordinates":[20.056494,50.041524]},"properties":{"d":"2025-08-27","r":"dom jednorodzinny","z":"budowa","o":"Budowa budynku mieszkalnego jednorodzinnego z instalacjami wewnętrznymi: wod-kan., c.o., elektryczną, wentylacji mechanicznej i…","p":770}},{"type":"Feature","geometry":{"type":"Point","coordinates":[19.98321,50.093244]},"properties":{"d":"2025-10-10","r":"dom jednorodzinny","z":"budowa","o":"ul. Jana Sabały - wniosek o pozwolenie na budowę budynku mieszkalnego jednorodzinnego wyposażonego w z instalacje wewnętrzne","p":640}},{"type":"Feature","geometry":{"type":"Point","coordinates":[19.982096,49.992024]},"properties":{"d":"2025-11-18","r":"dom jednorodzinny","z":"budowa","o":"Budowa budynku mieszkalnego jednorodzinnego wolnostojącego wraz z wewnętrznymi instalacjami: wody, kan. sanitarnej, wentylacji…","p":590}},{"type":"Feature","geometry":{"type":"Point","coordinates":[19.942587,49.990479]},"properties":{"d":"2025-12-31","r":"dom jednorodzinny","z":"budowa","o":"Budowa budynku mieszkalnego jednorodzinnego, murów oporowych wraz z przebudową i rozbudową garażu indywidualnego oraz rozbiórką…","p":3600}},{"type":"Feature","geometry":{"type":"Point","coordinates":[20.026859,50.011277]},"properties":{"d":"2025-09-25","r":"dom jednorodzinny","z":"budowa","o":"ul. Jana Smolenia - Budowa budynku mieszkalnego jednorodzinnego z wbudowanym garażem wraz z instalacjami wewnętrznymi oraz rozbiórką…","p":2770}},{"type":"Feature","geometry":{"type":"Point","coordinates":[19.904081,50.109758]},"properties":{"d":"2025-09-22","r":"dom jednorodzinny","z":"rozbudowa","o":"ul. Gryczana 3A - Rozbudowa budynku mieszkalnego jednorodzinnego wolnostojącego o taras zewnętrzny w kondygnacji poddasza.","p":340}},{"type":"Feature","geometry":{"type":"Point","coordinates":[19.976787,50.018167]},"properties":{"d":"2025-12-11","r":"budynek wielorodzinny","z":"budowa","o":"zmiana decyzji pozwolenia na budowę nr 395/6740.1/2024 z dnia 10.05.2024r. znak: AU-01-4.6740.1.191.2023.AWA wydanej dla zamierzenia…","p":2550}},{"type":"Feature","geometry":{"type":"Point","coordinates":[20.04507,50.048268]},"properties":{"d":"2025-12-01","r":"dom jednorodzinny","z":"budowa","o":"Budowa budynku mieszkalnego jednorodzinnego z wbudowanym garażem i instalacjami wewnętrznymi wod.-kan., c.o., elektryczną, wentylacji…","p":1280}},{"type":"Feature","geometry":{"type":"Point","coordinates":[19.858278,49.990994]},"properties":{"d":"2025-10-07","r":"dom jednorodzinny","z":"budowa","o":"Wniosek w sprawie zmiany ostatecznej decyzji Prezydenta Miasta Krakowa Nr 1989/6740.1/2019 z dnia 16 października 2019 r., zatwierdzającej…","p":4260}},{"type":"Feature","geometry":{"type":"Point","coordinates":[19.944624,49.992201]},"properties":{"d":"2025-11-28","r":"dom jednorodzinny","z":"budowa","o":"Budowa budynku mieszkalnego jednorodzinnego z instalacjami zewnętrznymi: elektryczną i kanalizacji sanitarnej, zlokalizowanego na działce…","p":1550}},{"type":"Feature","geometry":{"type":"Point","coordinates":[19.950428,50.103122]},"properties":{"d":"2025-10-16","r":"dom jednorodzinny","z":"budowa","o":null,"p":3040}},{"type":"Feature","geometry":{"type":"Point","coordinates":[20.14481,50.060535]},"properties":{"d":"2025-09-08","r":"inny","z":"budowa","o":"\"Budowa budynku gospodarczego wraz z wewn. instalacją energetyczną, rozbiórka i budowa zalicznikowej zewn. instalacji kanalizacji…","p":4990}},{"type":"Feature","geometry":{"type":"Point","coordinates":[19.930852,49.986501]},"properties":{"d":"2025-11-06","r":"dom jednorodzinny","z":"budowa","o":"ul. Kazimierza Moszyńskiego - Budowa budynku mieszkalnego jednorodzinnego wolnostojącego z garażem i instalacjami wewnętrznymi","p":860}},{"type":"Feature","geometry":{"type":"Point","coordinates":[19.951418,50.045676]},"properties":{"d":"2025-12-12","r":"budynek wielorodzinny","z":"budowa","o":"Budowa budynku mieszkalnego wielorodzinnego z częścią usługową i wbudowanym garażem podziemnym wraz z instalacjami wewnętrznymi. Likwidacją…","p":1530}},{"type":"Feature","geometry":{"type":"Point","coordinates":[19.92966,50.022674]},"properties":{"d":"2025-10-29","r":"dom jednorodzinny","z":"budowa","o":"Budowa dwóch budynków mieszkalnych jednorodzinnych, dwulokalowych w zabudowie bliźniaczej wraz z instal. wew.: c.o., wod-kan, elektr. gaz.,…","p":1450}},{"type":"Feature","geometry":{"type":"Point","coordinates":[20.165777,50.083573]},"properties":{"d":"2025-12-04","r":"dom jednorodzinny","z":"budowa","o":"Budowa budynku mieszkalnego jednorodzinnego wraz z zagospodarowaniem terenu, dojściem i dojazdem. (dz. nr 459 obr. 22 jedn. ewid. Nowa Huta)","p":1140}},{"type":"Feature","geometry":{"type":"Point","coordinates":[19.824683,50.041357]},"properties":{"d":"2025-10-21","r":"dom jednorodzinny","z":"budowa","o":"Wniosek w sprawie zmiany decyzji Prezydenta Miasta Krakowa Nr 338/2016 z dnia 15 lutego 2016 r., zatwierdzającej projekt budowlany i…","p":240}},{"type":"Feature","geometry":{"type":"Point","coordinates":[19.970824,50.099589]},"properties":{"d":"2025-12-02","r":"budynek wielorodzinny","z":"budowa","o":"Budowa budynku mieszkalnego wielorodzinnego z usługami z garażem podziemnym dwukondygnacyjnym, wewnętrznymi instalacjami oraz…","p":4580}},{"type":"Feature","geometry":{"type":"Point","coordinates":[20.012482,50.004656]},"properties":{"d":"2025-10-17","r":"dom jednorodzinny","z":"budowa","o":"ul. Kosocicka - Budowa budynku mieszkalnego jednorodzinnego wraz z wewnętrznymi instalacjami w budynku, budowa wewnętrznych instalacji poza…","p":470}},{"type":"Feature","geometry":{"type":"Point","coordinates":[19.923063,50.011665]},"properties":{"d":"2025-12-09","r":"dom jednorodzinny","z":"nadbudowa","o":"Przebudowa i nadbudowa budynku mieszkalnego jednorodzinnego przy ul. Orzechowej 20, na działce nr 104, obr. 44 Podgórze w Krakowie ().","p":560}},{"type":"Feature","geometry":{"type":"Point","coordinates":[20.062942,50.046636]},"properties":{"d":"2025-12-08","r":"dom jednorodzinny","z":"budowa","o":"Budowa trzech budynków mieszkalnych jednorodzinnych wolnostojących dwulokalowych, każdy z wewnętrznymi instalacjami: wody, kanalizacji…","p":1750}},{"type":"Feature","geometry":{"type":"Point","coordinates":[19.944422,50.04072]},"properties":{"d":"2025-12-18","r":"budynek wielorodzinny","z":"budowa","o":"Przebudowa, adaptacja, zmiana sposobu użytkowania istniejącego budynku mieszkalno-usługowego wielorodzinnego, budowa budynku oficyny…","p":350}},{"type":"Feature","geometry":{"type":"Point","coordinates":[20.043252,50.010337]},"properties":{"d":"2025-11-17","r":"dom jednorodzinny","z":"budowa","o":"Przebudowa i rozbudowa: Budynek mieszkalny jednorodzinny wraz z instalacjami wewnętrznymi na działce nr 719/2, 719/3, 719/4 Podgórze obr.…","p":1170}},{"type":"Feature","geometry":{"type":"Point","coordinates":[20.034307,50.043509]},"properties":{"d":"2025-09-16","r":"obiekt publiczny","z":"budowa","o":"Budowa budynku usługowego  ośrodka wsparcia wraz z infrastrukturą techniczną i zagospodarowaniem terenu na dz. nr 201/3, 201/6, 201/7, obr.…","p":2480}},{"type":"Feature","geometry":{"type":"Point","coordinates":[20.055951,50.063612]},"properties":{"d":"2025-10-24","r":"dom jednorodzinny","z":"budowa","o":"ul. Żaglowa - Budowa budynku mieszkalnego jednorodzinnego z instalacjami wewnętrznymi, z zewnętrznymi odcinkami instalacji wewnętrznych, z…","p":2070}},{"type":"Feature","geometry":{"type":"Point","coordinates":[19.954831,50.029938]},"properties":{"d":"2025-12-04","r":"obiekt publiczny","z":"budowa","o":"ul. Kamińskiego - wniosek o wydanie zamiennego pozwolenia na budowę nr 1268/2014 z dnia 04.06.2014 r. ds. AU-01-2.73531-211/09.MFO","p":63940}},{"type":"Feature","geometry":{"type":"Point","coordinates":[20.139643,50.092981]},"properties":{"d":"2025-10-20","r":"dom jednorodzinny","z":"budowa","o":"Zmiana decyzji pozwolenia na budowę nr 121/6740.1/2022 z dnia 31.01.2022 r. znak sprawy AU-01-3.6740.1.1342.2021.MHA dla zamierzenia…","p":730}},{"type":"Feature","geometry":{"type":"Point","coordinates":[20.139643,50.092981]},"properties":{"d":"2025-10-20","r":"dom jednorodzinny","z":"budowa","o":"Zmiana decyzji pozwolenia na budowę nr 120/6740.1/2022 z dnia 31.01.2022 r. znak sprawy AU-01-3.6740.1.1337.2021.MHA dla zamierzenia…","p":730}},{"type":"Feature","geometry":{"type":"Point","coordinates":[19.9724,50.100401]},"properties":{"d":"2025-12-02","r":"budynek wielorodzinny","z":"budowa","o":"Budowa budynku mieszkalnego wielorodzinnego z usługami, z garażem podziemnym dwukondygnacyjnym; wewnętrznymi instalacjami oraz…","p":9370}},{"type":"Feature","geometry":{"type":"Point","coordinates":[20.018253,50.008748]},"properties":{"d":"2025-10-24","r":"dom jednorodzinny","z":"budowa","o":"Budowa budynku mieszkalnego jednorodzinnego wraz z instalacjami zewnętrznymi: wodną, kanalizacji sanitarnej, kanalizacji deszczowej wraz ze…","p":530}},{"type":"Feature","geometry":{"type":"Point","coordinates":[19.902187,50.047325]},"properties":{"d":"2025-12-15","r":"obiekt publiczny","z":"budowa","o":"Zmiana decyzji pozwolenia na budowę nr: 506/6740.1/2025 z dnia 13.06.2025 r. znak sprawy: AU-01-2.6740.1.216.2024.GGO dla inwestycji pn.:…","p":3400}},{"type":"Feature","geometry":{"type":"Point","coordinates":[20.009496,50.058684]},"properties":{"d":"2025-10-06","r":"inny","z":"budowa","o":"Budowa tymczasowej hali namiotowej dla celów ekspozycyjno-targowych w strefie autora na działce nr 216/309 obręb 54 jednostka ewidencyjna…","p":24190}},{"type":"Feature","geometry":{"type":"Point","coordinates":[19.886723,50.030321]},"properties":{"d":"2025-11-17","r":"dom jednorodzinny","z":"budowa","o":"Budowa budynku mieszkalnego jednorodzinnego wraz instalacjami wewnętrznymi w obrębie budynku: ivodoii4guną, kanalizacji sanitarnej,…","p":1590}},{"type":"Feature","geometry":{"type":"Point","coordinates":[19.839185,50.0735]},"properties":{"d":"2025-12-22","r":"dom jednorodzinny","z":"budowa","o":"Postępowanie w sprawie zmiany decyzji Prezydenta Miasta Krakowa o pozwoleniu na budowę Nr 26/6740.1/2025 z dnia 14.01.2025r. znak :…","p":510}},{"type":"Feature","geometry":{"type":"Point","coordinates":[20.057195,50.046805]},"properties":{"d":"2025-11-24","r":"dom jednorodzinny","z":"budowa","o":"w sprawie wydania decyzji o zmianie decyzji pozwolenia na budowę nr 98/6740.1/2025 z dn. 06.02.2025 r. dla inwestycji pn.: Budowa 9…","p":4430}},{"type":"Feature","geometry":{"type":"Point","coordinates":[20.162042,50.080667]},"properties":{"d":"2025-12-17","r":"dom jednorodzinny","z":"budowa","o":"BUDOWA BUDYNKU MIESZKALNEGO JEDNORODZINNEGO z infrastrukturą techniczną i zagospodarowaniem terenu NA części DZ. NR 337/3, OBRĘB: 0022,…","p":2270}},{"type":"Feature","geometry":{"type":"Point","coordinates":[20.154889,50.110755]},"properties":{"d":"2025-12-18","r":"dom jednorodzinny","z":"budowa","o":"Rozbiórka budynku mieszkalnego nr 80, utwardzeń, czterech budynków gospodarczych oraz budowa czterech budynków mieszkalnych jednorodzinnych…","p":9740}},{"type":"Feature","geometry":{"type":"Point","coordinates":[19.871436,50.017351]},"properties":{"d":"2025-10-17","r":"dom jednorodzinny","z":"budowa","o":"Budowa budynku mieszkalnego jednorodzinnego z instalacjami : wentylacji mechanicznej, gazową, elektryczną, wod.-kan., c.o., z utwardzeniem…","p":540}},{"type":"Feature","geometry":{"type":"Point","coordinates":[20.147344,50.096215]},"properties":{"d":"2025-10-20","r":"dom jednorodzinny","z":"budowa","o":"Zmiana dec. nr 288/6740.1/2025 z dnia 01.04.2025r. znak: AU-01-3.6740.1.37.2025.AZI obejmującej zamierzenie budowlane: \"Budowa budynku…","p":9380}},{"type":"Feature","geometry":{"type":"Point","coordinates":[20.051185,50.007963]},"properties":{"d":"2025-12-15","r":"inny","z":"budowa","o":"Budowa parterowego wolnostojącego dwustanowiskowego budynku garażu wraz z zagospodarowaniem terenu  z wewnętrznymi instalacjami:…","p":640}},{"type":"Feature","geometry":{"type":"Point","coordinates":[20.068763,50.038616]},"properties":{"d":"2025-11-21","r":"dom jednorodzinny","z":"budowa","o":"Budowa budynku mieszkalnego jednorodzinnego z garażem wbudowanym i instalacjami wewnętrznymi wod-kan, CO, elektrycznymi, wentylacją…","p":7270}},{"type":"Feature","geometry":{"type":"Point","coordinates":[19.945464,50.054926]},"properties":{"d":"2025-09-29","r":"budynek wielorodzinny","z":"nadbudowa","o":"Wniosek o wydanie decyzji o zmianie pozwolenia na budowę ul. św. Sebastiana 30 w sprawie zmiany decyzji pozwolenia na budowę nr…","p":900}},{"type":"Feature","geometry":{"type":"Point","coordinates":[19.864106,50.072918]},"properties":{"d":"2025-10-31","r":"dom jednorodzinny","z":"budowa","o":"Budowa budynku mieszkalnego jednorodzinnego wraz z infrastrukturą techniczną w zakresie instalacji wewnętrznych na zewnątrz budynku (tj.…","p":490}},{"type":"Feature","geometry":{"type":"Point","coordinates":[19.891657,50.064437]},"properties":{"d":"2025-12-01","r":"dom jednorodzinny","z":"budowa","o":"Budowa 3 budynków mieszkalnych jednorodzinnych wolnostojących oraz budowa 6 budynków mieszkalnych jednorodzinnych w zabudowie bliźniaczej…","p":3100}},{"type":"Feature","geometry":{"type":"Point","coordinates":[19.929021,50.084645]},"properties":{"d":"2025-12-12","r":"budynek wielorodzinny","z":"budowa","o":"Ul. Józefa Wybickiego/ Krowoderskich Zuchów - Budowa budynków mieszkalnych wielorodzinnych z usługami w budynku A i garażami podziemnymi…","p":6650}},{"type":"Feature","geometry":{"type":"Point","coordinates":[20.075963,50.038706]},"properties":{"d":"2025-12-10","r":"inny","z":"budowa","o":"Budowa 12 budynków mieszkalnych jednorodzinnych w zabudowie bliźniaczej 2-lokalowych (budynki M1-M4, M6-M13), budowa 2 budynków…","p":23220}},{"type":"Feature","geometry":{"type":"Point","coordinates":[19.856394,50.069851]},"properties":{"d":"2025-12-02","r":"dom jednorodzinny","z":"budowa","o":"Budowa dwóch budynków mieszkalnych jednorodzinnych dwulokalowych wraz z infrastrukturą techniczną w zakresie: utwardzonych gruntu…","p":1170}},{"type":"Feature","geometry":{"type":"Point","coordinates":[19.935596,49.983366]},"properties":{"d":"2025-12-16","r":"dom jednorodzinny","z":"budowa","o":"Budowa budynku mieszkalnego jednorodzinnego wolnostojącego częściowo podpiwniczonego z garażem dwustanowiskowym wbudowanym w bryle budynku…","p":1370}},{"type":"Feature","geometry":{"type":"Point","coordinates":[19.861169,50.037457]},"properties":{"d":"2025-12-12","r":"dom jednorodzinny","z":"budowa","o":"ul.Wielkanocna-wniosek o pozwolenie na budowę-budowa bud.mieszk.jednorodzinnego wolnostojącego wraz z instalacjami wewn. i zewn.-AU-01-5","p":1210}},{"type":"Feature","geometry":{"type":"Point","coordinates":[19.938318,50.048355]},"properties":{"d":"2025-11-06","r":"obiekt publiczny","z":"budowa","o":"ul. Skałeczna 15 - Budowa obiektów małej architektury wraz z utwardzeniem terenu i zielenią towarzyszącą w ramach zadania \"ogród…","p":24780}},{"type":"Feature","geometry":{"type":"Point","coordinates":[19.857549,50.072695]},"properties":{"d":"2025-10-06","r":"dom jednorodzinny","z":"budowa","o":"Budowa dwóch budynków mieszkalnych jednorodzinnych w zabudowie bliźniaczej wraz z infrastrukturą techniczną (w zakresie instalacji…","p":1630}},{"type":"Feature","geometry":{"type":"Point","coordinates":[19.943844,50.041442]},"properties":{"d":"2025-12-10","r":"inny","z":"budowa","o":"Budowa obiektów małej architektury w miejscu publicznym wraz z zagospodarowaniem terenuna działce nr 235 obr. 12 Podgórze wKrakowie przy ul…","p":640}},{"type":"Feature","geometry":{"type":"Point","coordinates":[20.118621,50.096493]},"properties":{"d":"2025-11-24","r":"dom jednorodzinny","z":"budowa","o":"Budowa budynku mieszkalnego jednorodzinnego z instalacjami wewnętrznymi : wody, kanalizacji sanitarnej, energii elektrycznej, gazu i…","p":2630}},{"type":"Feature","geometry":{"type":"Point","coordinates":[20.051136,50.008362]},"properties":{"d":"2025-11-14","r":"dom jednorodzinny","z":"budowa","o":"ul. Potrzask - Budowa budynku mieszkalnego jednorodzinnego wraz z instalacjami wewnętrznymi, utwardzenia dojścia, dojazdu","p":750}},{"type":"Feature","geometry":{"type":"Point","coordinates":[20.099423,50.100975]},"properties":{"d":"2025-11-12","r":"inny","z":"budowa","o":"ul. Łuczanowicka 30 - Rozbudowa i przebudowa istniejącej wiaty magazynowej jako zadaszenie nad istniejącym, otwartym placem składowym","p":24220}},{"type":"Feature","geometry":{"type":"Point","coordinates":[20.107773,50.10411]},"properties":{"d":"2025-11-17","r":"dom jednorodzinny","z":"budowa","o":null,"p":910}},{"type":"Feature","geometry":{"type":"Point","coordinates":[19.887375,50.063849]},"properties":{"d":"2025-10-07","r":"dom jednorodzinny","z":"budowa","o":"Budowa budynku mieszkalnego jednorodzinnego dwulokalowego z wbudowanym garażem jednostanowiskowym oraz instalacjami wewnętrznymi i…","p":2760}},{"type":"Feature","geometry":{"type":"Point","coordinates":[19.917996,50.033572]},"properties":{"d":"2025-10-09","r":"obiekt usługowy","z":"budowa","o":"Budowa publicznego parku wraz z budynkiem usługowym (z kawiarnią, wypożyczalnią sprzętu sportowego oraz wewnętrzną tężnią solankową),…","p":4550}},{"type":"Feature","geometry":{"type":"Point","coordinates":[19.89643,50.099842]},"properties":{"d":"2025-12-02","r":"dom jednorodzinny","z":"budowa","o":"Budowa budynku mieszkalnego jednorodzinnego wolnostojącego (z instalacją wewn.: elektryczną, wod.-kan., c.o. gazową, wentylacji…","p":6580}},{"type":"Feature","geometry":{"type":"Point","coordinates":[20.140234,50.074718]},"properties":{"d":"2025-10-30","r":"obiekt usługowy","z":"budowa","o":"Budowa budynku automatycznej myjni samochodowej z wewnętrznymi instalacjami infrastruktury technicznej oraz z zewnętrznymi odcinkami…","p":4380}},{"type":"Feature","geometry":{"type":"Point","coordinates":[19.915106,50.024656]},"properties":{"d":"2025-12-12","r":"dom jednorodzinny","z":"budowa","o":"Budowa dwóch budynków mieszkalnych jednorodzinnych, dwulokalowych w zabudowie bliźniaczej wraz z infrastrukturą techniczną w zakresie:…","p":890}},{"type":"Feature","geometry":{"type":"Point","coordinates":[20.179773,50.113435]},"properties":{"d":"2025-12-11","r":"dom jednorodzinny","z":"budowa","o":"Budowa budynku mieszkalnego jednorodzinnego wraz z instalacjami wewnętrznymi: wod.-kan., gaz, c.o., energią elektryczną; instalacjami…","p":960}},{"type":"Feature","geometry":{"type":"Point","coordinates":[19.894454,50.005942]},"properties":{"d":"2025-11-19","r":"dom jednorodzinny","z":"budowa","o":"\"Budowa budynku mieszkalnego jednorodzinnego, wolnostojącego wraz z wewnętrzną instalacją elektryczną w gruncie (od budynku do skrzynki w…","p":1290}},{"type":"Feature","geometry":{"type":"Point","coordinates":[19.822837,50.040573]},"properties":{"d":"2025-11-26","r":"dom jednorodzinny","z":"budowa","o":"Wniosek w sprawie zmiany ostatecznej decyzji Prezydenta Miasta Krakowa Nr 52/2014 z dnia 9 stycznia 2014 r., zatwierdzającej projekt…","p":340}},{"type":"Feature","geometry":{"type":"Point","coordinates":[19.967983,49.994018]},"properties":{"d":"2025-12-18","r":"dom jednorodzinny","z":"budowa","o":"ul. Grawerska - Budowa wolnostojącego budynku mieszkalnego jednorodzinnego z wbudowanym garażem","p":800}},{"type":"Feature","geometry":{"type":"Point","coordinates":[19.984588,50.004621]},"properties":{"d":"2025-12-19","r":"dom jednorodzinny","z":"budowa","o":"Budowa budynku mieszkalnego jednorodzinnego wolnostojącego z garażem wewnętrznym, niezbędnym zagospodarowaniem terenu w postaci dojścia,…","p":690}},{"type":"Feature","geometry":{"type":"Point","coordinates":[19.915265,50.091817]},"properties":{"d":"2025-12-17","r":"dom jednorodzinny","z":"rozbudowa","o":"Wniosek elektr. o pozwolenie na budowę- Rozbiórka budynku garażu, przebudowa i rozbudowa budynku mieszkalnego jednorodzinnego. Rozbudowa i…","p":1920}},{"type":"Feature","geometry":{"type":"Point","coordinates":[20.110793,50.055279]},"properties":{"d":"2025-12-01","r":"dom jednorodzinny","z":"budowa","o":"Budowa trzech budynków mieszkalnych jednorodzinnych (z instalacjami wewnętrznymi: elektryczną, wodociągową, kanalizacją sanitarną,…","p":6310}},{"type":"Feature","geometry":{"type":"Point","coordinates":[20.166755,50.081908]},"properties":{"d":"2025-10-10","r":"dom jednorodzinny","z":"budowa","o":"ul. Pysocice - Budynek mieszkalny jednorodzinny wraz z wewnętrznymi instalacjami (w budynku), wraz z wewnętrzną instalacją energii…","p":920}},{"type":"Feature","geometry":{"type":"Point","coordinates":[19.899151,50.013228]},"properties":{"d":"2025-12-03","r":"dom jednorodzinny","z":"budowa","o":"Budowa dwóch budynków mieszkalnych jednorodzinnych w zabudowie bliźniaczej A1 i A2, z wewnętrznymi instalacjami: wod-kan., wentylacji…","p":350}},{"type":"Feature","geometry":{"type":"Point","coordinates":[20.009499,50.036296]},"properties":{"d":"2025-12-19","r":"obiekt usługowy","z":"budowa","o":"ul. Biskupińska 2 - Budowa hali serwisu autobusów wodorowych w miejscu istniejącego budynku biurowego do rozbiórki z budową wewnętrznych…","p":35050}},{"type":"Feature","geometry":{"type":"Point","coordinates":[19.830684,50.028495]},"properties":{"d":"2025-11-28","r":"dom jednorodzinny","z":"budowa","o":"Wniosek w sprawie zmiany ostatecznej decyzji Prezydenta Miasta Krakowa Nr 1195/6740.1/2017 z dnia 10 lipca 2017 r., zatwierdzającej projekt…","p":3280}},{"type":"Feature","geometry":{"type":"Point","coordinates":[20.050207,50.014335]},"properties":{"d":"2025-11-07","r":"dom jednorodzinny","z":"budowa","o":"Budowa budynku mieszkalnego jednorodzinnego, wolnostojącego z wbudowanym garażem, wraz z zagospodarowaniem terenu, budową zjazdu z drogi…","p":900}},{"type":"Feature","geometry":{"type":"Point","coordinates":[20.195274,50.056874]},"properties":{"d":"2025-12-16","r":"dom jednorodzinny","z":"budowa","o":"Budowa budynku mieszkalnego jednorodzinnego wraz z instalacjami wewnętrznymi budynku (wod.-kan., gaz, c.o., en. elektryczna, rekuperacja)…","p":2660}},{"type":"Feature","geometry":{"type":"Point","coordinates":[20.166485,50.082083]},"properties":{"d":"2025-11-05","r":"dom jednorodzinny","z":"budowa","o":"ul. Pysocice - Budowa budynku mieszkalnego jednorodzinnego z instalacjami wewnętrznymi, z zewnętrznymi odcinkami instalacji wewnętrznych,…","p":920}},{"type":"Feature","geometry":{"type":"Point","coordinates":[20.166238,50.083075]},"properties":{"d":"2025-11-05","r":"dom jednorodzinny","z":"budowa","o":"ul. Pysocice - Budowa budynku mieszkalnego jednorodzinnego z instalacjami wewnętrznymi, z zewnętrznymi odcinkami instalacji wewnętrznych,…","p":910}},{"type":"Feature","geometry":{"type":"Point","coordinates":[20.165853,50.083225]},"properties":{"d":"2025-11-05","r":"dom jednorodzinny","z":"budowa","o":"ul. Pysocice - Budowa budynku mieszkalnego jednorodzinnego z instalacjami wewnętrznymi, z zewnętrznymi odcinkami instalacji wewnętrznych,…","p":1100}},{"type":"Feature","geometry":{"type":"Point","coordinates":[19.980573,50.006699]},"properties":{"d":"2025-11-05","r":"dom jednorodzinny","z":"rozbudowa","o":"ul. Cechowa 129 - wniosek o pozwolenie na budowę - rozbudowa istniejącego budynku mieszkalnego jednorodzinnego dwulokalowego","p":1470}},{"type":"Feature","geometry":{"type":"Point","coordinates":[19.812065,50.017561]},"properties":{"d":"2025-11-06","r":"dom jednorodzinny","z":"nadbudowa","o":"Przebudowa i nadbudowa budynku mieszkalnego jednorodzinnego dwulokalowego wraz z budową wewnętrznej instalacji energii elektrycznej na…","p":790}},{"type":"Feature","geometry":{"type":"Point","coordinates":[19.940446,50.104151]},"properties":{"d":"2025-12-19","r":"dom jednorodzinny","z":"rozbudowa","o":null,"p":800}},{"type":"Feature","geometry":{"type":"Point","coordinates":[20.010738,50.054158]},"properties":{"d":"2025-12-18","r":"obiekt usługowy","z":"budowa","o":"zmiany decyzji Prezydenta Miasta Krakowa pozwolenia na budowę nr 1100/6740.1/2014 z dnia 05.12.2024 r. znak sprawy:…","p":464300}},{"type":"Feature","geometry":{"type":"Point","coordinates":[19.893802,49.981465]},"properties":{"d":"2025-11-17","r":"inny","z":"budowa","o":"Budowa trzech budynków mieszkalnych jednorodzinnych dwulokalowych (bud. 1, 2, 3) i jednego budynku mieszkalnego jednorodzinnego…","p":10430}},{"type":"Feature","geometry":{"type":"Point","coordinates":[19.893668,49.982443]},"properties":{"d":"2025-11-17","r":"dom jednorodzinny","z":"budowa","o":"Budowa budynku mieszkalnego jednorodzinnego z wbudowanym garażem, z zewnętrznymi instalacjami: wody, kan. sanitarnej, c.o., z pompą ciepła,…","p":1100}},{"type":"Feature","geometry":{"type":"Point","coordinates":[19.883092,50.099257]},"properties":{"d":"2025-12-09","r":"dom jednorodzinny","z":"budowa","o":"Budowa dwóch budynków mieszkalnych jednorodzinnych dwulokalowych w zabudowie bliźniaczej wraz z infrastrukturą i urządzeniami budowlanymi ;…","p":1260}},{"type":"Feature","geometry":{"type":"Point","coordinates":[19.996073,50.10673]},"properties":{"d":"2025-11-20","r":"dom jednorodzinny","z":"budowa","o":null,"p":1020}},{"type":"Feature","geometry":{"type":"Point","coordinates":[19.900631,50.011517]},"properties":{"d":"2025-12-29","r":"dom jednorodzinny","z":"nadbudowa","o":"Nadbudowa parterowej części budynku mieszkalnego jednorodzinnego wolnostojącego (tarasu) o całoroczny aluminiowo-szklany ogród zimowy…","p":790}},{"type":"Feature","geometry":{"type":"Point","coordinates":[20.070054,50.063925]},"properties":{"d":"2025-11-20","r":"dom jednorodzinny","z":"budowa","o":"Budowa budynku mieszkalnego jednorodzinnego (w miejscu wyburzonego budynku) z murem oporowym z instalacjami wewnętrznymi: wody,…","p":460}},{"type":"Feature","geometry":{"type":"Point","coordinates":[20.137412,50.070289]},"properties":{"d":"2025-12-12","r":"budynek wielorodzinny","z":"budowa","o":"Budowa zespołu dwóch budynków mieszkalnych wielorodzinnych z usługami w parterze i garażami podziemnymi (budynek nr 3 i 4) wraz z…","p":10150}},{"type":"Feature","geometry":{"type":"Point","coordinates":[19.968065,50.063784]},"properties":{"d":"2025-12-12","r":"obiekt usługowy","z":"budowa","o":null,"p":10960}},{"type":"Feature","geometry":{"type":"Point","coordinates":[19.818225,50.014765]},"properties":{"d":"2025-12-15","r":"dom jednorodzinny","z":"budowa","o":"Budowa budynku mieszkalnego jednorodzinnego wraz z zagospodarowaniem terenu i infrastrukturą towarzyszącą (odcinek zewnętrznej instalacji…","p":2300}},{"type":"Feature","geometry":{"type":"Point","coordinates":[19.900444,49.982695]},"properties":{"d":"2025-12-09","r":"dom jednorodzinny","z":"budowa","o":"Budowa zespołu 3 budynków mieszkalnych jednorodzinnych dwulokalowych w zabudowie wolnostojącej wraz z infrastrukturą techniczną, dojazdem,…","p":3220}},{"type":"Feature","geometry":{"type":"Point","coordinates":[20.137052,50.0715]},"properties":{"d":"2025-12-12","r":"budynek wielorodzinny","z":"budowa","o":"Budowa zespołu dwóch budynków mieszkalnych wielorodzinnych z usługami w parterze i garażami podziemnymi (budynek nr 1 i 2) wraz z…","p":11020}},{"type":"Feature","geometry":{"type":"Point","coordinates":[20.116046,50.111908]},"properties":{"d":"2025-12-16","r":"dom jednorodzinny","z":"budowa","o":"Budowa budynku mieszkalnego jednorodzinnego dwulokalowego wraz z infrastrukturą techniczną i zagospodarowaniem terenu Nr dz. 263, 264/1…","p":880}},{"type":"Feature","geometry":{"type":"Point","coordinates":[19.904672,50.031509]},"properties":{"d":"2025-12-23","r":"obiekt usługowy","z":"budowa","o":"Budowa dwóch domów studenckich Uniwersytetu Jagiellońskiego, garażu wolnostojącego podziemnego na 40 miejsc postojowych, budynku…","p":30270}},{"type":"Feature","geometry":{"type":"Point","coordinates":[19.872443,50.060244]},"properties":{"d":"2025-12-12","r":"dom jednorodzinny","z":"budowa","o":"Budowa dwóch budynków mieszkalnych jednorodzinnych z wewnętrznymi instalacjami (wod-kan, c.o., gaz, en. elektr. wentylacja mechaniczna,…","p":1360}},{"type":"Feature","geometry":{"type":"Point","coordinates":[19.911184,49.985743]},"properties":{"d":"2025-12-02","r":"dom jednorodzinny","z":"budowa","o":"Budynek mieszkalny jednorodzinny wraz z niezbędną infrastrukturą zlokalizowany na działce nr 500/4, 500/10 obręb 87 jednostka ewidencyjna…","p":850}},{"type":"Feature","geometry":{"type":"Point","coordinates":[20.14676,50.059359]},"properties":{"d":"2025-02-26","r":"inny","z":"budowa","o":null,"p":4590}},{"type":"Feature","geometry":{"type":"Point","coordinates":[20.019823,50.018007]},"properties":{"d":"2025-12-30","r":"budynek wielorodzinny","z":"budowa","o":"ul. Duża Góra - Wniosek o wydanie decyzji o zmianie pozwolenia na budowę nr dec. 495/6740.1/2025 z dn.12.06.2025 r., znak…","p":7000}},{"type":"Feature","geometry":{"type":"Point","coordinates":[19.924246,50.00231]},"properties":{"d":"2025-12-02","r":"dom jednorodzinny","z":"budowa","o":"Budowa budynku mieszkalnego jednorodzinnego z zagospodarowaniem terenu i instalacjami na działce nr 885/1, obr. 67, Podgórze przy ul.…","p":500}},{"type":"Feature","geometry":{"type":"Point","coordinates":[19.987243,49.975613]},"properties":{"d":"2025-12-18","r":"dom jednorodzinny","z":"budowa","o":null,"p":1630}},{"type":"Feature","geometry":{"type":"Point","coordinates":[19.955122,50.060536]},"properties":{"d":"2025-12-30","r":"obiekt usługowy","z":"budowa","o":"ul. Jana i Jędrzeja - Śniadeckich Budowa budynku laboratoryjno-biurowego Instytutu Ekspertyz Sądowych im. prof. dra Jana Sehna w Krakowie z…","p":30100}},{"type":"Feature","geometry":{"type":"Point","coordinates":[19.95357,49.995472]},"properties":{"d":"2026-03-05","r":"dom jednorodzinny","z":"nadbudowa","o":"Przebudowa i nadbudowa budynku mieszkalnego jednorodzinnego z zewnętrzną instalacją kanalizacji sanitarnej wraz z rozbiórką szamba i…","p":3590}},{"type":"Feature","geometry":{"type":"Point","coordinates":[19.906762,49.989111]},"properties":{"d":"2026-01-12","r":"budynek wielorodzinny","z":"budowa","o":"Budowa dwóch budynków mieszkalnych, wielorodzinnych z usługami w parterze, garażem podziemnym, zadaszoną pochylnią, parkingami naziemnymi,…","p":4350}},{"type":"Feature","geometry":{"type":"Point","coordinates":[19.958153,50.020868]},"properties":{"d":"2026-07-31","r":"budynek wielorodzinny","z":"budowa","o":"Budowa budynku mieszkalnego wielorodzinnego wraz z zewnętrznymi odcinkami wewnętrznych instalacji: energii elektrycznej, gazu, kanalizacji…","p":1040}},{"type":"Feature","geometry":{"type":"Point","coordinates":[19.969274,50.026528]},"properties":{"d":"2026-03-10","r":"obiekt usługowy","z":"budowa","o":null,"p":420}},{"type":"Feature","geometry":{"type":"Point","coordinates":[19.91706,50.023307]},"properties":{"d":"2026-01-12","r":"budynek wielorodzinny","z":"budowa","o":"Budowa budynku mieszkalnego wielorodzinnego z garażem podziemnym, wraz z instalacjami wewnętrznymi wewnątrz budynku: wodociągową,…","p":6720}},{"type":"Feature","geometry":{"type":"Point","coordinates":[19.819151,50.013838]},"properties":{"d":"2026-07-15","r":"dom jednorodzinny","z":"budowa","o":"ul. Obrony Tyńca - Zmiana pozwolenia na budowę z dnia 26.11.2020 nr 1799/6740.1/2020 znak AU-01-5.6740.1.1145.2020.KBO.","p":2890}},{"type":"Feature","geometry":{"type":"Point","coordinates":[20.111254,50.057798]},"properties":{"d":"2026-05-13","r":"dom jednorodzinny","z":"budowa","o":null,"p":7670}},{"type":"Feature","geometry":{"type":"Point","coordinates":[20.050666,50.039583]},"properties":{"d":"2026-04-20","r":"budynek wielorodzinny","z":"budowa","o":null,"p":36770}},{"type":"Feature","geometry":{"type":"Point","coordinates":[19.960764,50.026809]},"properties":{"d":"2026-06-12","r":"budynek wielorodzinny","z":"budowa","o":"Budowa budynku mieszkalnego wielorodzinnego (dwa segmenty nadziemne) z usługami w parterach, wraz z dwupoziomowym garażem podziemnym,…","p":8090}},{"type":"Feature","geometry":{"type":"Point","coordinates":[19.943075,50.020933]},"properties":{"d":"2026-07-07","r":"budynek wielorodzinny","z":"budowa","o":"ul. Strumienna 4 - Budowa budynku mieszkalnego wielorodzinnego z garażem podziemnym oraz częścią usługową na działkach nr 6/4 i 6/8 obr. 48…","p":940}},{"type":"Feature","geometry":{"type":"Point","coordinates":[20.039255,50.104436]},"properties":{"d":"2026-08-06","r":"inny","z":"budowa","o":"Budowa budynku garażowego, z 2 stanowiskami postojowymi i pomieszczeniem gospodarczym, wolnostojącego z wewnętrzną instalacją elektryczną…","p":1480}},{"type":"Feature","geometry":{"type":"Point","coordinates":[19.974711,50.019016]},"properties":{"d":"2026-04-30","r":"budynek wielorodzinny","z":"budowa","o":null,"p":4270}},{"type":"Feature","geometry":{"type":"Point","coordinates":[19.87675,49.996329]},"properties":{"d":"2026-01-26","r":"dom jednorodzinny","z":"budowa","o":null,"p":8560}},{"type":"Feature","geometry":{"type":"Point","coordinates":[20.046331,50.082231]},"properties":{"d":"2026-05-25","r":"budynek wielorodzinny","z":"budowa","o":null,"p":2210}},{"type":"Feature","geometry":{"type":"Point","coordinates":[20.150222,50.059089]},"properties":{"d":"2026-05-29","r":"dom jednorodzinny","z":"budowa","o":null,"p":17680}},{"type":"Feature","geometry":{"type":"Point","coordinates":[19.901172,50.073495]},"properties":{"d":"2026-05-14","r":"obiekt usługowy","z":"rozbudowa","o":"Rozbudowa i przebudowa budynku jako pierwszy etap inwestycji pod nazwą: ,,Przebudowa i rozbudowa w zakresie usług oraz nadbudowa z…","p":1000}},{"type":"Feature","geometry":{"type":"Point","coordinates":[19.986137,50.00648]},"properties":{"d":"2026-03-17","r":"dom jednorodzinny","z":"budowa","o":null,"p":400}},{"type":"Feature","geometry":{"type":"Point","coordinates":[19.888474,50.097619]},"properties":{"d":"2026-01-16","r":"budynek wielorodzinny","z":"budowa","o":"Budowa zespołu budynków mieszkalnych wielorodzinnych, z garażami podziemnymi, infrastrukturą techniczną i zagospodarowaniem terenu na dz.…","p":12320}},{"type":"Feature","geometry":{"type":"Point","coordinates":[20.007042,50.05054]},"properties":{"d":"2026-05-19","r":"obiekt usługowy","z":"budowa","o":null,"p":2000}},{"type":"Feature","geometry":{"type":"Point","coordinates":[19.94048,50.056886]},"properties":{"d":"2026-01-14","r":"budynek wielorodzinny","z":"nadbudowa","o":"REMONT, PRZEBUDOWA, ROZBUDOWA I NADBUDOWA BUDYNKU MIESZKALNO-USŁUGOWEGO (BUDYNEK FRONTOWY + OFICYNA BOCZNA ), ZE ZMIANĄ SPOSOBU UŻYTKOWANIA…","p":11860}},{"type":"Feature","geometry":{"type":"Point","coordinates":[19.906654,50.073469]},"properties":{"d":"2026-07-02","r":"budynek wielorodzinny","z":"nadbudowa","o":"ul. Obopólna - Przebudowa, nadbudowa i przebudowa budynku mieszkalnego wielorodzinnego nr 16 z przeznaczeniem na cele mieszkalne wraz z…","p":460}},{"type":"Feature","geometry":{"type":"Point","coordinates":[19.945363,50.067708]},"properties":{"d":"2026-08-27","r":"obiekt usługowy","z":"budowa","o":"ul. Pawia - Budowa budynku usługowego (Hotel) z garażem podziemnym","p":580}},{"type":"Feature","geometry":{"type":"Point","coordinates":[20.138282,50.073471]},"properties":{"d":"2026-06-03","r":"obiekt usługowy","z":"budowa","o":"Budowa parku technologicznego firmy AI_ROB S.A. obejmująca budowę dwóch budynków biurowych połączonych łącznikiem oraz budynku hali…","p":31510}},{"type":"Feature","geometry":{"type":"Point","coordinates":[19.87391,50.000677]},"properties":{"d":"2026-06-11","r":"dom jednorodzinny","z":"budowa","o":"Budowa czterech budynków mieszkalnych jednorodzinnych dwulokalowych w zabudowie bliźniaczej wraz z wewnętrzną instalacją wod-kan, gaz, CO,…","p":3170}},{"type":"Feature","geometry":{"type":"Point","coordinates":[19.958694,49.981823]},"properties":{"d":"2026-06-10","r":"dom jednorodzinny","z":"budowa","o":"Budowa budynku jednorodzinnego wolnostojącego z garażem wewnętrznym dwustanowiskowym wraz z zagospodarowaniem terenu, wewnętrznymi…","p":2570}},{"type":"Feature","geometry":{"type":"Point","coordinates":[19.985067,50.011539]},"properties":{"d":"2026-07-09","r":"inny","z":"budowa","o":"ul. Kliniec - Budowa budynku jednorodzinnego z zewnętrzną instalacją elektryczną, wodociągową, kanalizacyjną i gazową oraz zjazd z drogi…","p":740}},{"type":"Feature","geometry":{"type":"Point","coordinates":[19.997177,49.994544]},"properties":{"d":"2026-01-28","r":"inny","z":"budowa","o":"budowa budynku mieszkalnego jednorodzinnego z instalacjami wewnętrznymi: wody, kanalizacji, gazu, c.o., elektryczną, zewnętrznymi…","p":950}},{"type":"Feature","geometry":{"type":"Point","coordinates":[19.890899,50.036439]},"properties":{"d":"2026-01-15","r":"dom jednorodzinny","z":"budowa","o":null,"p":7870}},{"type":"Feature","geometry":{"type":"Point","coordinates":[19.943262,50.052247]},"properties":{"d":"2026-05-14","r":"obiekt usługowy","z":"rozbudowa","o":null,"p":360}},{"type":"Feature","geometry":{"type":"Point","coordinates":[19.856911,49.992009]},"properties":{"d":"2026-01-20","r":"dom jednorodzinny","z":"budowa","o":"Budowa budynku mieszkalnego jednorodzinnego dwulokalowego B1 wraz z niezbędną infrastrukturą techniczną na dz. nr 79/1 i 78/1 obr. 81 jedn.…","p":3680}},{"type":"Feature","geometry":{"type":"Point","coordinates":[19.94152,50.038858]},"properties":{"d":"2026-04-23","r":"budynek wielorodzinny","z":"nadbudowa","o":null,"p":680}},{"type":"Feature","geometry":{"type":"Point","coordinates":[19.945102,49.974762]},"properties":{"d":"2026-01-08","r":"dom jednorodzinny","z":"budowa","o":"Budowa trzech budynków mieszkalnych, jednorodzinnych, dwulokalowych, z odcinkami instalacji wewnętrznych w terenie: elektryczną, gazową,…","p":2640}},{"type":"Feature","geometry":{"type":"Point","coordinates":[19.891075,50.022911]},"properties":{"d":"2026-01-07","r":"inny","z":"budowa","o":"Budowa budynku usługowego (dom wypoczynkowy) z garażem podziemnym wraz z instalacjami wewnętrznymi: wody, kanalizacji opadowej, kanalizacji…","p":3840}},{"type":"Feature","geometry":{"type":"Point","coordinates":[19.914308,50.076182]},"properties":{"d":"2026-09-10","r":"budynek wielorodzinny","z":"budowa","o":"1.Rozbiórka istniejącego budynku mieszkalnego jednorodzinnego, zlokalizowanego w Krakowie przy ul. Zakątek 6, na działce nr 250/17, 250/18,…","p":400}},{"type":"Feature","geometry":{"type":"Point","coordinates":[19.95357,49.994498]},"properties":{"d":"2026-01-08","r":"dom jednorodzinny","z":"budowa","o":"zmiany decyzji o pozwoleniu na budowę Prezydenta Miasta Krakowa nr. 2720/09 z dnia 09.12.2009 r. znak sprawy: AU-01-2-AKĄ.73531-1891/09 dla…","p":3900}},{"type":"Feature","geometry":{"type":"Point","coordinates":[20.060647,50.082148]},"properties":{"d":"2026-06-08","r":"dom jednorodzinny","z":"budowa","o":"Budowa czterech budynków mieszkalnych jednorodzinnych nr B1, B2, B3, B4 wraz z instalacjami wewnętrznymi i zewnętrznymi na działce nr 324…","p":1100}},{"type":"Feature","geometry":{"type":"Point","coordinates":[19.870498,49.979029]},"properties":{"d":"2026-04-13","r":"dom jednorodzinny","z":"budowa","o":null,"p":870}},{"type":"Feature","geometry":{"type":"Point","coordinates":[19.944405,50.048342]},"properties":{"d":"2026-03-03","r":"budynek wielorodzinny","z":"nadbudowa","o":null,"p":910}},{"type":"Feature","geometry":{"type":"Point","coordinates":[20.016962,50.008082]},"properties":{"d":"2026-02-06","r":"dom jednorodzinny","z":"budowa","o":"Budowa 9 budynków mieszkalnych jednorodzinnych w zabudowie szeregowej, wraz z wewnętrznymi instalacjami na zewnątrz budynków: elektryczną,…","p":5620}},{"type":"Feature","geometry":{"type":"Point","coordinates":[19.971727,50.023848]},"properties":{"d":"2026-01-08","r":"dom jednorodzinny","z":"budowa","o":"Budowa budynku mieszkalnego jednorodzinnego, wolnostojącego, podpiwniczonego z instalacjami wewnętrznymi na dz. nr 475/15 i 475/16 obr. 49…","p":520}},{"type":"Feature","geometry":{"type":"Point","coordinates":[19.912966,50.071046]},"properties":{"d":"2026-02-04","r":"inny","z":"budowa","o":"Budowa garażu wolnostojącego, wielostanowiskowego wraz z dojazdem, dojściem, zagospodarowaniem terenu i infrastrukturą techniczną na części…","p":3430}},{"type":"Feature","geometry":{"type":"Point","coordinates":[20.149472,50.072717]},"properties":{"d":"2026-02-16","r":"budynek wielorodzinny","z":"budowa","o":"Budowa budynku mieszkalnego wielorodzinnego o dwóch bryłach nadziemnych (segmentach) na jednym garażu podziemnym wraz z infrastrukturą…","p":22360}},{"type":"Feature","geometry":{"type":"Point","coordinates":[19.990868,50.008461]},"properties":{"d":"2026-01-16","r":"dom jednorodzinny","z":"budowa","o":"ul. Obronna 14 - Etap II - Budowa ośmiu budynków mieszkalnych jednorodzinnych, dwulokalowych w zabudowie bliźniaczej (budynek m1-m8) z…","p":3020}},{"type":"Feature","geometry":{"type":"Point","coordinates":[19.998376,49.990586]},"properties":{"d":"2026-01-23","r":"dom jednorodzinny","z":"budowa","o":"Budowa budynku mieszkalnego jednorodzinnego, wraz z dojściem i dojazdem, wewnętrzną instalacją wod-kan, gaz, CO, elektryczną, wentylacji…","p":1260}},{"type":"Feature","geometry":{"type":"Point","coordinates":[20.101579,50.109213]},"properties":{"d":"2026-09-02","r":"dom jednorodzinny","z":"budowa","o":"Budowa budynku mieszkalnego jednorodzinnego z wewnętrznymi instalacjami: wod.-kan., gazową, elektryczną z instalacjami wewnętrznymi na…","p":2840}},{"type":"Feature","geometry":{"type":"Point","coordinates":[20.122214,50.045631]},"properties":{"d":"2026-04-23","r":"dom jednorodzinny","z":"budowa","o":null,"p":1120}},{"type":"Feature","geometry":{"type":"Point","coordinates":[19.986639,50.026041]},"properties":{"d":"2026-01-14","r":"dom jednorodzinny","z":"budowa","o":"ul. Bieżanowska - Budowa budynku mieszkalnego jednorodzinnego z dwoma lokalami mieszkalnymi i naziemnymi miejscami postojowymi, oraz…","p":520}},{"type":"Feature","geometry":{"type":"Point","coordinates":[19.960713,49.988186]},"properties":{"d":"2026-03-04","r":"dom jednorodzinny","z":"budowa","o":null,"p":1060}},{"type":"Feature","geometry":{"type":"Point","coordinates":[19.97964,50.012937]},"properties":{"d":"2026-07-23","r":"budynek wielorodzinny","z":"budowa","o":"Budowa budynku mieszkalnego wielorodzinnego z usługami i garażem w parterze wraz z wewnętrznymi instalacjami: elektryczną,…","p":870}},{"type":"Feature","geometry":{"type":"Point","coordinates":[19.9034,50.024659]},"properties":{"d":"2026-05-04","r":"obiekt usługowy","z":"budowa","o":null,"p":7410}},{"type":"Feature","geometry":{"type":"Point","coordinates":[19.867866,50.002203]},"properties":{"d":"2026-01-28","r":"dom jednorodzinny","z":"budowa","o":"Budowa 2 budynków mieszkalnych jednorodzinnych dwulokalowych w zabudowie bliźniaczej : A i B, wraz z instalacjami wewnętrznymi,…","p":29240}},{"type":"Feature","geometry":{"type":"Point","coordinates":[19.889281,50.088512]},"properties":{"d":"2026-01-09","r":"obiekt usługowy","z":"budowa","o":"ul. Radzikowskiego - Budowa budynku usługowego z instalacjami wewn. oraz rozbiórką istniejącego budynku mieszkalnego jednorodzinnego","p":1090}},{"type":"Feature","geometry":{"type":"Point","coordinates":[19.8811,50.014746]},"properties":{"d":"2026-03-20","r":"obiekt usługowy","z":"budowa","o":null,"p":10710}},{"type":"Feature","geometry":{"type":"Point","coordinates":[19.952345,50.00237]},"properties":{"d":"2026-02-12","r":"dom jednorodzinny","z":"budowa","o":"Budowa czterech budynków mieszkalnych jednorodzinnych dwulokalowych w zabudowie bliźniaczej, dwóch zbiorników retencyjnych na wody opadowe,…","p":2410}},{"type":"Feature","geometry":{"type":"Point","coordinates":[19.949401,50.052971]},"properties":{"d":"2026-01-23","r":"inny","z":"budowa","o":"ul. Starowiślna - Dobudowa podziemnego garażu dla rowerów do oficyny bocznej i tylnej budynku hotelu","p":440}},{"type":"Feature","geometry":{"type":"Point","coordinates":[20.15264,50.109879]},"properties":{"d":"2026-05-20","r":"dom jednorodzinny","z":"budowa","o":null,"p":2430}},{"type":"Feature","geometry":{"type":"Point","coordinates":[19.917618,50.058069]},"properties":{"d":"2026-06-19","r":"dom jednorodzinny","z":"budowa","o":"aktualn tytuł inwestycji: Budowa budynku  willi miejskiej (w stylu modernizmu lat 30-tych), mieszkalnego jednorodzinnego - - polegająca na…","p":680}},{"type":"Feature","geometry":{"type":"Point","coordinates":[19.926405,50.064809]},"properties":{"d":"2026-04-23","r":"budynek wielorodzinny","z":"budowa","o":null,"p":18140}},{"type":"Feature","geometry":{"type":"Point","coordinates":[19.957293,50.098461]},"properties":{"d":"2026-01-15","r":"budynek wielorodzinny","z":"budowa","o":"Budowa zespołu 3 budynków: mieszkalnych wielorodzinnych (\"A\" i \"C\") i mieszkalnego wielorodzinnego z częścią usługową w parterze (\"B\"),…","p":5870}},{"type":"Feature","geometry":{"type":"Point","coordinates":[19.958368,50.045387]},"properties":{"d":"2026-05-15","r":"budynek wielorodzinny","z":"budowa","o":null,"p":2440}},{"type":"Feature","geometry":{"type":"Point","coordinates":[20.066917,50.054874]},"properties":{"d":"2026-02-13","r":"dom jednorodzinny","z":"rozbudowa","o":"Przebudowa, nadbudowa i rozbudowa istniejącego budynku mieszkalnego jednorodzinnego wraz z infrastrukturą techniczną i zagospodarowaniem…","p":920}},{"type":"Feature","geometry":{"type":"Point","coordinates":[19.926405,50.064809]},"properties":{"d":"2026-04-10","r":"budynek wielorodzinny","z":"budowa","o":null,"p":18140}},{"type":"Feature","geometry":{"type":"Point","coordinates":[20.03917,50.096889]},"properties":{"d":"2026-03-03","r":"dom jednorodzinny","z":"budowa","o":null,"p":800}},{"type":"Feature","geometry":{"type":"Point","coordinates":[19.888168,50.018127]},"properties":{"d":"2026-08-10","r":"dom jednorodzinny","z":"budowa","o":"Zmiana decyzji Prezydenta Miasta Krakowa o pozwoleniu na budowę Nr 76/2016 z dnia 14.01.2016r. znak : AU-01-2.6740.1.2329.2015.GPA,…","p":730}},{"type":"Feature","geometry":{"type":"Point","coordinates":[20.133049,50.079778]},"properties":{"d":"2026-03-05","r":"obiekt usługowy","z":"budowa","o":null,"p":8780}},{"type":"Feature","geometry":{"type":"Point","coordinates":[19.983477,50.008567]},"properties":{"d":"2026-07-16","r":"dom jednorodzinny","z":"budowa","o":"Budowa czternastu budynków mieszkalnych jednorodzinnych dwulokalowych w zabudowie bliźniaczej wraz z instalacjami wewnętrznymi (wod.-kan.,…","p":6930}},{"type":"Feature","geometry":{"type":"Point","coordinates":[20.069154,50.10053]},"properties":{"d":"2026-01-09","r":"dom jednorodzinny","z":"budowa","o":"Budowa budynku mieszkalnego jednorodzinnego, dwulokalowego z garażem wbudowanym z wewnętrznymi instalacjami: energii elektrycznej, gazu,…","p":1960}},{"type":"Feature","geometry":{"type":"Point","coordinates":[19.869685,50.095148]},"properties":{"d":"2026-05-29","r":"dom jednorodzinny","z":"budowa","o":null,"p":5560}},{"type":"Feature","geometry":{"type":"Point","coordinates":[20.150222,50.059089]},"properties":{"d":"2026-07-13","r":"dom jednorodzinny","z":"budowa","o":"Budowa siedmiu budynków mieszkalnych jednorodzinnych dwulokalowych wolnostojących z naziemnymi miejscami postojowymi, infrastrukturą…","p":17680}},{"type":"Feature","geometry":{"type":"Point","coordinates":[19.868895,50.09353]},"properties":{"d":"2026-05-29","r":"dom jednorodzinny","z":"budowa","o":null,"p":6450}},{"type":"Feature","geometry":{"type":"Point","coordinates":[19.907061,50.10802]},"properties":{"d":"2026-01-07","r":"dom jednorodzinny","z":"budowa","o":"Ul. Kaczorówka - Budowa budynku mieszkalnego jednorodzinnego z garażem wbudowanym dwustanowiskowym wraz z instalacjami wewnętrznymi:…","p":710}},{"type":"Feature","geometry":{"type":"Point","coordinates":[20.151682,50.057932]},"properties":{"d":"2026-03-17","r":"dom jednorodzinny","z":"budowa","o":"Budowa budynku mieszkalnego jednorodzinnego z garażem, podjazdem, tarasem, studnią, zbiornikiem bezodpływowym na nieczystości ciekłe,…","p":950}},{"type":"Feature","geometry":{"type":"Point","coordinates":[19.905802,50.090028]},"properties":{"d":"2026-01-22","r":"obiekt usługowy","z":"rozbudowa","o":"Ul. Josepha Conrada - Rozbudowa salonu samochodowego o myjnie samochodową automatyczną wraz z niezbędną infrastrukturą towarzyszącą,…","p":3290}},{"type":"Feature","geometry":{"type":"Point","coordinates":[19.955046,50.090884]},"properties":{"d":"2026-01-29","r":"dom jednorodzinny","z":"nadbudowa","o":"Przebudowa i nadbudowa budynku mieszkalnego jednorodzinnego dwulokalowego z zewnętrzną instalacją kanalizacji deszczowej z utwardzeniem…","p":440}},{"type":"Feature","geometry":{"type":"Point","coordinates":[19.904282,50.094073]},"properties":{"d":"2026-01-29","r":"dom jednorodzinny","z":"rozbudowa","o":"Wniosek pozwolenia na budowę- Rozbudowa wraz z przebudową budynku mieszkalnego jednorodzinnego w zabudowie szeregowej wraz z wewnętrznymi…","p":220}},{"type":"Feature","geometry":{"type":"Point","coordinates":[19.876461,50.081473]},"properties":{"d":"2026-01-16","r":"budynek wielorodzinny","z":"budowa","o":"\"Budowa dwóch budynków mieszkalnych wielorodzinnych z usługami w parterach, garażami podziemnymi, instalacjami wewnętrznymi wewnątrz…","p":18030}},{"type":"Feature","geometry":{"type":"Point","coordinates":[19.94143,50.036999]},"properties":{"d":"2026-07-30","r":"obiekt usługowy","z":"budowa","o":"Budowa budynku usługowo - biurowego z garażem podziemnym wraz z zagospodarowaniem terenu: miejscem postojowym, ciągami komunikacji pieszej…","p":2280}},{"type":"Feature","geometry":{"type":"Point","coordinates":[19.875349,49.977395]},"properties":{"d":"2026-08-11","r":"dom jednorodzinny","z":"budowa","o":"\"Budowa budynku mieszkalnego jednorodzinnego wolnostojącego wraz z zewnętrznym odcinkiem instalacji wodociągowej, gazowej, elektrycznej i…","p":1100}},{"type":"Feature","geometry":{"type":"Point","coordinates":[20.010716,50.004087]},"properties":{"d":"2026-02-19","r":"budynek mieszkalno-usługowy","z":"nadbudowa","o":"Rozbudowa, nadbudowa i przebudowa istniejącego budynku mieszkalno - biurowo - magazynowo - garażowego wraz z budową instalacji kanalizacji…","p":1380}},{"type":"Feature","geometry":{"type":"Point","coordinates":[20.070946,50.104838]},"properties":{"d":"2026-04-30","r":"obiekt usługowy","z":"budowa","o":null,"p":31620}},{"type":"Feature","geometry":{"type":"Point","coordinates":[19.878705,50.099442]},"properties":{"d":"2026-05-08","r":"dom jednorodzinny","z":"budowa","o":null,"p":1480}},{"type":"Feature","geometry":{"type":"Point","coordinates":[20.01042,50.063119]},"properties":{"d":"2026-04-27","r":"budynek wielorodzinny","z":"budowa","o":null,"p":4810}},{"type":"Feature","geometry":{"type":"Point","coordinates":[19.994509,50.024673]},"properties":{"d":"2026-03-27","r":"dom jednorodzinny","z":"budowa","o":null,"p":760}},{"type":"Feature","geometry":{"type":"Point","coordinates":[19.917677,50.019765]},"properties":{"d":"2026-03-25","r":"budynek wielorodzinny","z":"budowa","o":null,"p":2730}},{"type":"Feature","geometry":{"type":"Point","coordinates":[20.115842,50.073918]},"properties":{"d":"2026-03-30","r":"obiekt usługowy","z":"budowa","o":null,"p":3820}},{"type":"Feature","geometry":{"type":"Point","coordinates":[19.938079,50.069563]},"properties":{"d":"2026-01-29","r":"budynek wielorodzinny","z":"nadbudowa","o":"Przebudowa wraz ze zmianą sposobu użytkowania poddasza na cele mieszkalne w istniejącym budynku mieszkalnym wielorodzinnym z częścią…","p":710}},{"type":"Feature","geometry":{"type":"Point","coordinates":[20.078507,50.104191]},"properties":{"d":"2026-01-07","r":"dom jednorodzinny","z":"budowa","o":null,"p":1140}},{"type":"Feature","geometry":{"type":"Point","coordinates":[19.977625,50.072914]},"properties":{"d":"2026-04-10","r":"budynek wielorodzinny","z":"budowa","o":null,"p":910}},{"type":"Feature","geometry":{"type":"Point","coordinates":[19.870537,50.094029]},"properties":{"d":"2026-05-29","r":"dom jednorodzinny","z":"budowa","o":null,"p":11480}},{"type":"Feature","geometry":{"type":"Point","coordinates":[19.918213,50.021458]},"properties":{"d":"2026-07-10","r":"dom jednorodzinny","z":"budowa","o":"Budowa zespołu budynków mieszkalnych jednorodzinnych wraz z wewnętrznymi oraz zewnętrznymi instalacjami, zagospodarowaniem terenu oraz…","p":2850}},{"type":"Feature","geometry":{"type":"Point","coordinates":[19.989181,50.044378]},"properties":{"d":"2026-02-04","r":"dom jednorodzinny","z":"budowa","o":null,"p":620}},{"type":"Feature","geometry":{"type":"Point","coordinates":[20.071221,50.104829]},"properties":{"d":"2026-06-11","r":"obiekt usługowy","z":"budowa","o":"Budowa budynku handlowego z nośnikiem reklamowym (totem) wraz ze szczelnym zbiornikiem bezodpływowym na nieczystości ciekłe, szczelnym…","p":25380}},{"type":"Feature","geometry":{"type":"Point","coordinates":[19.937848,50.071982]},"properties":{"d":"2026-03-25","r":"obiekt usługowy","z":"nadbudowa","o":null,"p":2810}},{"type":"Feature","geometry":{"type":"Point","coordinates":[19.881986,50.01209]},"properties":{"d":"2026-01-22","r":"obiekt usługowy","z":"budowa","o":"Budowa budynku handlowo-usługowego, z wewnętrznymi instalacjami : wodociągową, kanalizacji deszczowej i sanitarnej, wentylacji mechanicznej…","p":7890}},{"type":"Feature","geometry":{"type":"Point","coordinates":[20.070847,50.104507]},"properties":{"d":"2026-07-09","r":"obiekt usługowy","z":"budowa","o":"Budowa budynku usługowego (gastronomia) wraz ze szczelnym zbiornikiem bezodpływowym na nieczystości ciekłe, szczelnym zbiornikiem na wody…","p":13140}},{"type":"Feature","geometry":{"type":"Point","coordinates":[19.943549,50.053884]},"properties":{"d":"2026-03-31","r":"budynek wielorodzinny","z":"nadbudowa","o":null,"p":460}},{"type":"Feature","geometry":{"type":"Point","coordinates":[19.919272,50.066013]},"properties":{"d":"2026-01-12","r":"obiekt publiczny","z":"budowa","o":"Budowa budynku pomocniczego (ochrony zdrowia) z instalacjami wewnętrznymi: wod.-kan., c.o., wentylacji mechanicznej i klimatyzacji,…","p":180920}},{"type":"Feature","geometry":{"type":"Point","coordinates":[19.997276,50.064552]},"properties":{"d":"2026-02-06","r":"obiekt usługowy","z":"budowa","o":"Budowa 8 budynków usługowych realizowana w 4 etapach: Etap I: budowa budynków oznaczonych symbolami A, B wraz z instalacjami wewnętrznymi:…","p":19780}},{"type":"Feature","geometry":{"type":"Point","coordinates":[20.013516,50.039502]},"properties":{"d":"2026-02-17","r":"budynek wielorodzinny","z":"budowa","o":"ul. Surzyckiego / Albatrosów - budowa zespołu budynków mieszkalno-usługowych (3 budynki B2, B3 i G) z garażami podziemnymi i infrastrukturą","p":33000}},{"type":"Feature","geometry":{"type":"Point","coordinates":[20.079172,50.082271]},"properties":{"d":"2026-05-26","r":"obiekt usługowy","z":"budowa","o":null,"p":374010}},{"type":"Feature","geometry":{"type":"Point","coordinates":[19.94136,50.116428]},"properties":{"d":"2026-08-07","r":"dom jednorodzinny","z":"budowa","o":"Budowa 8 budynków mieszkalnych jednorodzinnych wraz z infrastrukturą techniczną (wewnętrzne instalacje w budynku i poza budynkiem,…","p":3590}},{"type":"Feature","geometry":{"type":"Point","coordinates":[19.950686,50.094998]},"properties":{"d":"2026-03-19","r":"budynek wielorodzinny","z":"budowa","o":null,"p":2250}},{"type":"Feature","geometry":{"type":"Point","coordinates":[19.980842,50.059484]},"properties":{"d":"2026-03-19","r":"dom jednorodzinny","z":"budowa","o":null,"p":700}},{"type":"Feature","geometry":{"type":"Point","coordinates":[19.864119,50.066154]},"properties":{"d":"2026-03-12","r":"obiekt usługowy","z":"budowa","o":null,"p":21420}},{"type":"Feature","geometry":{"type":"Point","coordinates":[20.162551,50.079351]},"properties":{"d":"2026-03-10","r":"budynek wielorodzinny","z":"budowa","o":"Budowa 34 budynków jednorodzinnych (jedno i dwulokalowych) w zabudowie bliźniaczej wraz z wewnętrznymi instalacjami: wody, kanalizacji…","p":25760}},{"type":"Feature","geometry":{"type":"Point","coordinates":[19.875141,49.998891]},"properties":{"d":"2026-06-08","r":"dom jednorodzinny","z":"budowa","o":"\"Budowa zespołu 3 budynków mieszkalnych jednorodzinnych, dwulokalowych w zabudowie wolnostojącej z wewnętrznymi instalacjami: wody,…","p":2770}},{"type":"Feature","geometry":{"type":"Point","coordinates":[19.97738,50.065688]},"properties":{"d":"2026-02-24","r":"obiekt usługowy","z":"budowa","o":"Budowa budynku usługowego o funkcji hotelowej z garażem podziemnym wraz z zagospodarowaniem terenu i infrastrukturą techniczną (zewnętrzne…","p":2570}},{"type":"Feature","geometry":{"type":"Point","coordinates":[19.917289,50.042826]},"properties":{"d":"2026-03-10","r":"obiekt publiczny","z":"budowa","o":"Budowa budynku szkoły oraz przedszkola z instalacjami wewnętrznymi: wod-kan, wentylacji mechanicznej, klimatyzacji, c.o., energii…","p":7900}},{"type":"Feature","geometry":{"type":"Point","coordinates":[19.955529,50.08815]},"properties":{"d":"2026-01-27","r":"obiekt usługowy","z":"budowa","o":"Budowa budynku usługowo-mieszkalnego z garażem podziemnym wraz z zagospodarowaniem terenu, małą architekturą, wiatą śmietnikową i…","p":13780}},{"type":"Feature","geometry":{"type":"Point","coordinates":[19.898681,50.12102]},"properties":{"d":"2026-08-21","r":"budynek wielorodzinny","z":"budowa","o":"Budowa zespołu trzech budynków mieszkalnych wielorodzinnych wraz z wielostanowiskowymi garażami podziemnymi, wewnętrznym układem drogowym,…","p":19930}},{"type":"Feature","geometry":{"type":"Point","coordinates":[20.125352,50.047954]},"properties":{"d":"2026-01-14","r":"dom jednorodzinny","z":"budowa","o":"Budowa budynku mieszkalnego jednorodzinnego z wbudowanym garażem, , wewnętrzną instalacją wod-kan, CO, elektryczną, wentylacji mechanicznej…","p":1980}},{"type":"Feature","geometry":{"type":"Point","coordinates":[19.956824,50.045549]},"properties":{"d":"2026-03-16","r":"budynek wielorodzinny","z":"nadbudowa","o":null,"p":6340}},{"type":"Feature","geometry":{"type":"Point","coordinates":[19.871173,50.092423]},"properties":{"d":"2026-05-29","r":"dom jednorodzinny","z":"budowa","o":null,"p":4470}},{"type":"Feature","geometry":{"type":"Point","coordinates":[19.982191,50.013065]},"properties":{"d":"2026-01-22","r":"dom jednorodzinny","z":"budowa","o":"Budowa budynku mieszkalnego jednorodzinnego z garażem dwustanowiskowym oraz zbiornika retencyjnego z instalacją kanalizacji deszczowej wraz…","p":880}},{"type":"Feature","geometry":{"type":"Point","coordinates":[19.90054,49.999198]},"properties":{"d":"2026-01-12","r":"budynek wielorodzinny","z":"budowa","o":"\"Budowa budynku mieszkalnego wielorodzinnego dwusegmentowego z lokalami usługowymi w parterze oraz wielostanowiskowymi garażami…","p":7940}},{"type":"Feature","geometry":{"type":"Point","coordinates":[19.950533,50.070505]},"properties":{"d":"2026-01-30","r":"budynek wielorodzinny","z":"rozbudowa","o":"Rakowicka 20L/397- Przebudowa budynku mieszkalnego wielorodzinnego w zakresie budowy ogrodu zimowego na tarasie rekreacyjnym przy ul.…","p":5110}},{"type":"Feature","geometry":{"type":"Point","coordinates":[19.866452,50.017173]},"properties":{"d":"2026-03-05","r":"dom jednorodzinny","z":"budowa","o":null,"p":820}},{"type":"Feature","geometry":{"type":"Point","coordinates":[19.971579,49.990854]},"properties":{"d":"2026-01-28","r":"dom jednorodzinny","z":"budowa","o":"ul. Tuchowska - Budowa budynku jednorodzinnego wraz z wewnętrznymi instalacjami: wod.-kan., gaz, c.o., elektryczną i instalacjami poza…","p":3070}},{"type":"Feature","geometry":{"type":"Point","coordinates":[20.188356,50.066249]},"properties":{"d":"2026-01-16","r":"dom jednorodzinny","z":"budowa","o":"Budowa dwóch budynków mieszkalnych jednorodzinnych wraz z infrastrukturą techniczną na działkach nr 356/1, 356/2, 356/3 obr. 29 Nowa Huta w…","p":1850}},{"type":"Feature","geometry":{"type":"Point","coordinates":[19.991787,50.025913]},"properties":{"d":"2026-01-21","r":"dom jednorodzinny","z":"budowa","o":"Rozbudowa, przebudowa i nadbudowa budynku mieszkalnego jednorodzinnego w zabudowie wolnostojącej wraz z wewnętrzną instalacją wodną,…","p":790}},{"type":"Feature","geometry":{"type":"Point","coordinates":[19.912929,50.022161]},"properties":{"d":"2026-03-02","r":"dom jednorodzinny","z":"budowa","o":"Budowa budynku mieszkalnego, jednorodzinnego z instalacjami wewnętrznymi: wod.-kan., c.o., gazową, wentylacji, elektryczną, oraz z…","p":1720}},{"type":"Feature","geometry":{"type":"Point","coordinates":[19.941626,50.092283]},"properties":{"d":"2026-07-28","r":"dom jednorodzinny","z":"nadbudowa","o":"PAPIERNICZA - Wniosek o pozwolenie na budowę- nadbudowa, przebudowa i rozbudowa budynku mieszkalnego jednorodzinnego wraz z instalacjami…","p":2020}},{"type":"Feature","geometry":{"type":"Point","coordinates":[19.937987,50.021891]},"properties":{"d":"2026-01-28","r":"dom jednorodzinny","z":"budowa","o":"ul. Sowia - Wniosek elektr. o wydanie decyzji o pozwolenia na budowę- Rozbiórka domu jednorodzinnego i budowa dwóch dwulokalowych budynków…","p":590}},{"type":"Feature","geometry":{"type":"Point","coordinates":[20.017193,50.021313]},"properties":{"d":"2026-07-20","r":"dom jednorodzinny","z":"rozbudowa","o":"ul. Bieżanowska 195 - Rozbudowa i przebudowa budynku mieszkalnego jednorodzinnego nr 195","p":1130}},{"type":"Feature","geometry":{"type":"Point","coordinates":[19.946471,49.992111]},"properties":{"d":"2026-08-03","r":"dom jednorodzinny","z":"budowa","o":"Budowa budynku usługowego wraz z wewnętrznym instalacjami wod-kan, en. elektrycznej, teletechniczną, gazu, C.O., wentylacji mechanicznej i…","p":1900}},{"type":"Feature","geometry":{"type":"Point","coordinates":[19.8166,50.016116]},"properties":{"d":"2026-02-04","r":"dom jednorodzinny","z":"budowa","o":"Budowa budynku mieszkalnego jednorodzinnego z wbudowanym garażem z wewnętrznymi instalacjami (wod.kan., c.o., elektryczna, wentylacja…","p":800}},{"type":"Feature","geometry":{"type":"Point","coordinates":[20.075248,50.085991]},"properties":{"d":"2026-01-30","r":"obiekt usługowy","z":"nadbudowa","o":"Przebudowa, nadbudowa i termomodernizacja istniejącego budynku magazynowego na działkach nr 21, 22, 17/13, 19/3, obr. 20 jedn. ewid. Nowa…","p":4020}},{"type":"Feature","geometry":{"type":"Point","coordinates":[19.82407,50.011824]},"properties":{"d":"2026-05-07","r":"dom jednorodzinny","z":"budowa","o":null,"p":1530}},{"type":"Feature","geometry":{"type":"Point","coordinates":[19.914756,50.084398]},"properties":{"d":"2026-02-25","r":"dom jednorodzinny","z":"budowa","o":"Rozbiórka 4 obiektów gospodarczych oraz budowa budynku mieszkalnego jednorodzinnego wraz z zewnętrznymi odcinkami wewnętrznych instalacji…","p":320}},{"type":"Feature","geometry":{"type":"Point","coordinates":[19.937172,50.022774]},"properties":{"d":"2026-02-19","r":"dom jednorodzinny","z":"budowa","o":"Budowa dwóch budynków mieszkalnych, jednorodzinnych w zabudowie bliźniaczej wraz z instalacjami wewnętrznymi i wewnętrznymi instalacjami na…","p":1410}},{"type":"Feature","geometry":{"type":"Point","coordinates":[19.963215,50.017849]},"properties":{"d":"2026-02-27","r":"inny","z":"budowa","o":null,"p":390}},{"type":"Feature","geometry":{"type":"Point","coordinates":[19.897983,50.086056]},"properties":{"d":"2026-07-23","r":"budynek wielorodzinny","z":"budowa","o":"ul. Radzikowskiego - budowa budynku mieszkalnego wielorodzinnego z garażem podziemnym wraz z wewnętrzną infrastrukturą techniczną…","p":3450}},{"type":"Feature","geometry":{"type":"Point","coordinates":[20.136771,50.075826]},"properties":{"d":"2026-01-30","r":"obiekt usługowy","z":"rozbudowa","o":"Rozbudowa hali produkcyjnej o pomieszczenie techniczne wraz z instalacją elektryczną wewnętrzną oświetleniową, instalacją odwodnienia dachu…","p":46530}},{"type":"Feature","geometry":{"type":"Point","coordinates":[19.909357,49.988006]},"properties":{"d":"2026-06-24","r":"dom jednorodzinny","z":"budowa","o":"Budowa dwóch budynków mieszkalnych jednorodzinnych M-1 i M-2 w zabudowie bliźniaczej z częścią usługową, z wewnętrznymi instalacjami:…","p":1000}},{"type":"Feature","geometry":{"type":"Point","coordinates":[20.046088,50.011096]},"properties":{"d":"2026-02-16","r":"dom jednorodzinny","z":"budowa","o":null,"p":930}},{"type":"Feature","geometry":{"type":"Point","coordinates":[20.032113,50.016943]},"properties":{"d":"2026-04-15","r":"dom jednorodzinny","z":"budowa","o":null,"p":2280}},{"type":"Feature","geometry":{"type":"Point","coordinates":[20.063499,50.040548]},"properties":{"d":"2026-05-27","r":"obiekt publiczny","z":"budowa","o":"ul. Łutnia - Zmiana pozwolenia na budowę nr decyzji 902/6740.1/2024 z dnia 02.10.2024 r. znak sprawy: AU-01-4.6740.1.85.2024.MSO.","p":23120}},{"type":"Feature","geometry":{"type":"Point","coordinates":[19.967104,50.026175]},"properties":{"d":"2026-01-20","r":"dom jednorodzinny","z":"budowa","o":"Budowa dwóch budynków mieszkalnych jednorodzinnych dwulokalowych, piętrowych, podpiwniczonych z wbudowanymi garażami w zabudowie…","p":670}},{"type":"Feature","geometry":{"type":"Point","coordinates":[19.965527,50.010212]},"properties":{"d":"2026-02-19","r":"budynek wielorodzinny","z":"budowa","o":"Rozbiórka budynku mieszkalnego i budowa budynku mieszkalnego wielorodzinnego z usługami w parterze, garażem podziemnym i zewnętrznym…","p":3900}},{"type":"Feature","geometry":{"type":"Point","coordinates":[19.902278,50.105916]},"properties":{"d":"2026-05-26","r":"dom jednorodzinny","z":"budowa","o":null,"p":4020}},{"type":"Feature","geometry":{"type":"Point","coordinates":[19.867364,49.987348]},"properties":{"d":"2026-08-31","r":"dom jednorodzinny","z":"budowa","o":"Budynek mieszkalny jednorodzinny z instalacjami (elektryczną z odcinkiem do szafki pomiarowej, wodociągową, kanalizacyjną z odcinkiem do…","p":2990}},{"type":"Feature","geometry":{"type":"Point","coordinates":[20.060828,50.068068]},"properties":{"d":"2026-02-13","r":"dom jednorodzinny","z":"budowa","o":"Budowa 8 budynków mieszkalnych jednorodzinnych z dwoma lokalami mieszkalnymi ( 16 lokali mieszkalnych) wraz z instalacjami wewnętrznymi:…","p":5210}},{"type":"Feature","geometry":{"type":"Point","coordinates":[19.878457,49.97905]},"properties":{"d":"2026-01-12","r":"inny","z":"budowa","o":"Budowa 3-stanowiskowego, dwupoziomowego, wolnostojącego budynku garażowego wraz z instalacjami energii elektrycznej oraz dojazdu, na dz.…","p":6650}},{"type":"Feature","geometry":{"type":"Point","coordinates":[19.925048,50.074801]},"properties":{"d":"2026-02-18","r":"budynek wielorodzinny","z":"nadbudowa","o":"Przebudowa i nadbudowa wraz ze zmianą sposobu użytkowania części poddasza w budynku mieszkalnym wielorodzinnym przy ul. Mazowieckiej 46/17…","p":15280}},{"type":"Feature","geometry":{"type":"Point","coordinates":[19.832758,50.032928]},"properties":{"d":"2026-08-25","r":"dom jednorodzinny","z":"budowa","o":"Budowa budynku mieszkalnego jednorodzinnego, z wewnętrznymi instalacjami en. elektr. wod.-kan., c.o., wentylacji mechanicznej z…","p":1960}},{"type":"Feature","geometry":{"type":"Point","coordinates":[19.940308,50.116553]},"properties":{"d":"2026-04-17","r":"dom jednorodzinny","z":"budowa","o":"Budowa 12 budynków mieszkalnych jednorodzinnych wraz z infrastruktur techniczną (wewnętrzne instalacje w budynku i poza budynkiem,…","p":4980}},{"type":"Feature","geometry":{"type":"Point","coordinates":[19.858278,50.006613]},"properties":{"d":"2026-07-22","r":"dom jednorodzinny","z":"budowa","o":"Wniosek w sprawie zmiany decyzji pozwolenia na budowę nr 1869/2014 z dnia 1 sierpnia 2014 r. znak: AU-01-2.6740.1.1113.2014.MFO wydanej dla…","p":1300}},{"type":"Feature","geometry":{"type":"Point","coordinates":[19.916578,49.98463]},"properties":{"d":"2026-03-03","r":"dom jednorodzinny","z":"budowa","o":"Budowa dwóch budynków mieszkalnych jednorodzinnych M1 i M2 , wolnostojących z wewnętrznymi instalacjami (w budynku): wod-kan, c.o., gazową,…","p":780}},{"type":"Feature","geometry":{"type":"Point","coordinates":[19.824373,50.008336]},"properties":{"d":"2026-02-24","r":"dom jednorodzinny","z":"budowa","o":"Budowa budynku mieszkalnego jednorodzinnego z wewnętrznymi instalacjami energii elektrycznej, wod-kan., c.o., wentylacji mechanicznej z…","p":1090}},{"type":"Feature","geometry":{"type":"Point","coordinates":[19.827403,50.074507]},"properties":{"d":"2026-02-04","r":"dom jednorodzinny","z":"budowa","o":"Budowa budynku mieszkalnego jednorodzinnego wraz z instalacjami wewnętrznymi: c.o., elektryczną, fotowoltaiczną, wod- kan., wentylacji…","p":940}},{"type":"Feature","geometry":{"type":"Point","coordinates":[20.051119,50.021704]},"properties":{"d":"2026-01-13","r":"obiekt publiczny","z":"budowa","o":"Budowa punktu socjalnego kierowców transportu publicznego z wewnętrznymi instalacjami wod-kan, elektryczne, wentylacji, budowa zewnętrznych…","p":950}},{"type":"Feature","geometry":{"type":"Point","coordinates":[20.090877,50.098628]},"properties":{"d":"2026-04-10","r":"dom jednorodzinny","z":"budowa","o":null,"p":1200}},{"type":"Feature","geometry":{"type":"Point","coordinates":[20.090877,50.098628]},"properties":{"d":"2026-04-14","r":"dom jednorodzinny","z":"budowa","o":null,"p":1200}},{"type":"Feature","geometry":{"type":"Point","coordinates":[19.883635,50.064732]},"properties":{"d":"2026-03-18","r":"dom jednorodzinny","z":"budowa","o":null,"p":790}},{"type":"Feature","geometry":{"type":"Point","coordinates":[19.914819,49.982674]},"properties":{"d":"2026-02-26","r":"dom jednorodzinny","z":"budowa","o":"Budowa dwóch budynków mieszkalnych jednorodzinnych w zabudowie bliźniaczej z wewnętrznymi instalacjami wod.-kan., gaz, c.o., elektrycznymi,…","p":2810}},{"type":"Feature","geometry":{"type":"Point","coordinates":[20.04668,50.008432]},"properties":{"d":"2026-01-21","r":"dom jednorodzinny","z":"rozbudowa","o":"Przebudowa i rozbudowa budynku mieszkalnego jednorodzinnego na dz. nr 602/1, 602/2 obr. 101 Podgórze przy ul. Stefana Stolarza 15, 15A w…","p":960}},{"type":"Feature","geometry":{"type":"Point","coordinates":[20.02244,50.062519]},"properties":{"d":"2026-02-09","r":"dom jednorodzinny","z":"budowa","o":"Budowa budynku mieszkalnego jednorodzinnego z instalacjami wewnętrznymi: elektryczną, gazową, wod.-kan. i c.o., z utwardzeniem nawierzchni…","p":1650}},{"type":"Feature","geometry":{"type":"Point","coordinates":[19.861645,50.081671]},"properties":{"d":"2026-02-19","r":"budynek wielorodzinny","z":"budowa","o":"ul. Balicka - Budowa 3 budynków mieszkalnych wielorodzinnych z garażami podziemnymi i lokalami usługowymi w parterach wraz z instalacjami…","p":12690}},{"type":"Feature","geometry":{"type":"Point","coordinates":[19.93114,50.006357]},"properties":{"d":"2026-04-01","r":"dom jednorodzinny","z":"budowa","o":null,"p":1330}},{"type":"Feature","geometry":{"type":"Point","coordinates":[19.879106,50.072635]},"properties":{"d":"2026-01-13","r":"dom jednorodzinny","z":"nadbudowa","o":"Przebudowa, rozbudowa i nadbudowa budynku mieszkalnego jednorodzinnego wraz z instalacjami wewnętrznymi (wod.-kan., c.o., gaz, wentylacja…","p":1070}},{"type":"Feature","geometry":{"type":"Point","coordinates":[19.95636,49.99538]},"properties":{"d":"2026-02-04","r":"dom jednorodzinny","z":"budowa","o":"ul. Wyrwa - Budowa dwóch budynków mieszkalnych jednorodzinnych wolnostojących wraz z infrastrukturą techniczną na dz. nr 83/10, obr. 91…","p":1010}},{"type":"Feature","geometry":{"type":"Point","coordinates":[19.946982,49.991835]},"properties":{"d":"2026-05-25","r":"dom jednorodzinny","z":"budowa","o":null,"p":1210}},{"type":"Feature","geometry":{"type":"Point","coordinates":[19.815739,50.005335]},"properties":{"d":"2026-03-20","r":"dom jednorodzinny","z":"budowa","o":null,"p":3700}},{"type":"Feature","geometry":{"type":"Point","coordinates":[19.987604,50.042963]},"properties":{"d":"2026-04-07","r":"budynek wielorodzinny","z":"budowa","o":null,"p":1450}},{"type":"Feature","geometry":{"type":"Point","coordinates":[20.052769,50.041225]},"properties":{"d":"2026-03-09","r":"dom jednorodzinny","z":"budowa","o":null,"p":2450}},{"type":"Feature","geometry":{"type":"Point","coordinates":[20.067035,50.066291]},"properties":{"d":"2026-02-12","r":"budynek wielorodzinny","z":"budowa","o":"Budowa jednego budynku mieszkalnego wielorodzinnego składającego się z trzech brył nadziemnych z garażem podziemnym wraz z infrastrukturą…","p":4180}},{"type":"Feature","geometry":{"type":"Point","coordinates":[19.892662,49.983276]},"properties":{"d":"2026-02-05","r":"dom jednorodzinny","z":"budowa","o":null,"p":1570}},{"type":"Feature","geometry":{"type":"Point","coordinates":[19.955584,49.999132]},"properties":{"d":"2026-03-18","r":"dom jednorodzinny","z":"budowa","o":null,"p":1450}},{"type":"Feature","geometry":{"type":"Point","coordinates":[19.91834,50.025801]},"properties":{"d":"2026-03-11","r":"obiekt publiczny","z":"rozbudowa","o":null,"p":3060}},{"type":"Feature","geometry":{"type":"Point","coordinates":[19.938691,50.035869]},"properties":{"d":"2026-04-02","r":"obiekt usługowy","z":"budowa","o":null,"p":5230}},{"type":"Feature","geometry":{"type":"Point","coordinates":[19.970051,50.027806]},"properties":{"d":"2026-04-09","r":"dom jednorodzinny","z":"budowa","o":null,"p":620}},{"type":"Feature","geometry":{"type":"Point","coordinates":[19.877957,50.048826]},"properties":{"d":"2026-07-28","r":"dom jednorodzinny","z":"budowa","o":"ul. Kamedulska - Budowa budynku mieszkalnego jednorodzinnego, wolnostojącego, parterowego z podpiwniczeniem i garażem podziemnym…","p":760}},{"type":"Feature","geometry":{"type":"Point","coordinates":[19.954135,50.019931]},"properties":{"d":"2026-02-13","r":"dom jednorodzinny","z":"budowa","o":"ul. Sebastiana Klonowica 27 - Zmiana pozwolenia na budowę nr dec.: 1182/6740.1/2023 z dnia 19.10.2023 r. znak sprawy:…","p":850}},{"type":"Feature","geometry":{"type":"Point","coordinates":[19.904589,50.009585]},"properties":{"d":"2026-01-15","r":"obiekt usługowy","z":"budowa","o":"Zmiana decyzji Prezydenta Miasta Krakowa o pozwoleniu na budowę Nr 558/6740.1/2024 z dnia 19.06.2024r. znak : AU-01-5.6740.1.327.2023.JKU,…","p":12130}},{"type":"Feature","geometry":{"type":"Point","coordinates":[19.930015,50.027556]},"properties":{"d":"2026-02-16","r":"dom jednorodzinny","z":"budowa","o":"Budowa budynku mieszkalnego jednorodzinnego wraz z infrastrukturą techniczną na działce nr 140/2, obr. 32, Podgórze przy ul. Kołobrzeskiej…","p":440}},{"type":"Feature","geometry":{"type":"Point","coordinates":[20.011995,50.063424]},"properties":{"d":"2026-05-29","r":"budynek wielorodzinny","z":"budowa","o":null,"p":10120}},{"type":"Feature","geometry":{"type":"Point","coordinates":[19.945953,50.064203]},"properties":{"d":"2026-06-19","r":"budynek mieszkalno-usługowy","z":"nadbudowa","o":"ul. Westerplatte/ Lubicz - Wniosek o wydanie decyzji o zmianie pozwolenia na budowę nr 423/6740.2/2021 z dnia 22.07.2021 r. znak…","p":6220}},{"type":"Feature","geometry":{"type":"Point","coordinates":[19.971446,50.101913]},"properties":{"d":"2026-04-21","r":"budynek wielorodzinny","z":"budowa","o":null,"p":9140}},{"type":"Feature","geometry":{"type":"Point","coordinates":[19.962231,50.059743]},"properties":{"d":"2026-02-06","r":"budynek wielorodzinny","z":"budowa","o":"ul. Kordylewskiego - wniosek o wydanie decyzji o zmianie pozwolenia na budowę nr 1018/6740.1/2024 z dn.04.11.2024,…","p":3640}},{"type":"Feature","geometry":{"type":"Point","coordinates":[19.898996,50.081464]},"properties":{"d":"2026-05-25","r":"budynek wielorodzinny","z":"nadbudowa","o":null,"p":650}},{"type":"Feature","geometry":{"type":"Point","coordinates":[20.028696,50.054465]},"properties":{"d":"2026-02-16","r":"dom jednorodzinny","z":"budowa","o":"\"Budowa budynku mieszkalnego jednorodzinnego, z wewnętrznymi instalacjami: wody, kanalizacji, en. elektrycznej, c.o., wraz z pompą ciepła i…","p":1030}},{"type":"Feature","geometry":{"type":"Point","coordinates":[20.048152,50.0599]},"properties":{"d":"2026-06-11","r":"dom jednorodzinny","z":"budowa","o":"Budowa budynku mieszkalnego jednorodzinnego oraz budynku garażowego z wiatą wraz z utwardzeniem terenu oraz instalacjami wewnętrznymi…","p":2110}},{"type":"Feature","geometry":{"type":"Point","coordinates":[20.191983,50.063268]},"properties":{"d":"2026-04-07","r":"dom jednorodzinny","z":"budowa","o":"Budowa budynku mieszkalnego jednorodzinnego wraz z wewnętrznymi instalacjami (wod-kan, co, elektryczną oraz wentylacji mechanicznej),…","p":970}},{"type":"Feature","geometry":{"type":"Point","coordinates":[20.068671,50.06305]},"properties":{"d":"2026-02-13","r":"dom jednorodzinny","z":"budowa","o":"ul. Bardosa - Budowa budynku mieszkalnego jednorodzinnego z wbudowanym garażem wewnętrznym, instalacjami: WOD.-KAN., GAZ., C.O., wentylacji…","p":1970}},{"type":"Feature","geometry":{"type":"Point","coordinates":[20.145047,50.061789]},"properties":{"d":"2026-01-27","r":"dom jednorodzinny","z":"budowa","o":"Budowa budynku mieszkalnego jednorodzinnego z instalacjami wewnętrznymi: wody, kanalizacji sanitarnej, gazu, centralnego ogrzewania,…","p":2460}},{"type":"Feature","geometry":{"type":"Point","coordinates":[19.875475,50.098196]},"properties":{"d":"2026-02-09","r":"dom jednorodzinny","z":"budowa","o":"Dz. 594/2, 601/2 obr. K-34. Budowa: czterech budynków jednorodzinnych w zabudowie bliźniaczej, dwulokalowych, wiaty parkingowej, zbiornika…","p":1410}},{"type":"Feature","geometry":{"type":"Point","coordinates":[19.968728,50.037602]},"properties":{"d":"2026-06-16","r":"obiekt publiczny","z":"budowa","o":"ul. Prokocimska - Budowa budynku przedszkola samorządowego wraz z zagospodarowaniem terenu","p":10680}},{"type":"Feature","geometry":{"type":"Point","coordinates":[20.057421,50.046309]},"properties":{"d":"2026-02-10","r":"dom jednorodzinny","z":"budowa","o":"Budowa budynku mieszkalnego jednorodzinnego wolnostojącego z wbudowanym garażem jednostanowiskowym oraz wewnętrznymi instalacjami: wody,…","p":940}},{"type":"Feature","geometry":{"type":"Point","coordinates":[20.111156,50.113439]},"properties":{"d":"2026-05-19","r":"dom jednorodzinny","z":"budowa","o":"Wniosek o zmianę pozwolenia na budowę nr dec.: 2107/6740.1/2019 z dnia 29.10.2019 r. znak sprawy: AU-01-3.6740.1.1851.2019.AZI,…","p":1900}},{"type":"Feature","geometry":{"type":"Point","coordinates":[20.058141,50.084039]},"properties":{"d":"2026-04-09","r":"dom jednorodzinny","z":"budowa","o":null,"p":1070}},{"type":"Feature","geometry":{"type":"Point","coordinates":[19.993052,50.065785]},"properties":{"d":"2026-04-27","r":"obiekt usługowy","z":"budowa","o":null,"p":3230}},{"type":"Feature","geometry":{"type":"Point","coordinates":[20.208133,50.0586]},"properties":{"d":"2026-05-20","r":"dom jednorodzinny","z":"budowa","o":null,"p":1010}},{"type":"Feature","geometry":{"type":"Point","coordinates":[19.969379,50.085525]},"properties":{"d":"2026-01-30","r":"obiekt usługowy","z":"budowa","o":"Budowa budynku hotelu z parkingiem podziemnym, wewnętrznymi instalacjami wewnątrz budynku: wentylacji mechanicznej, chłodniczej, c.o.,…","p":10630}},{"type":"Feature","geometry":{"type":"Point","coordinates":[19.908355,49.989421]},"properties":{"d":"2026-03-03","r":"dom jednorodzinny","z":"budowa","o":null,"p":2140}},{"type":"Feature","geometry":{"type":"Point","coordinates":[19.981465,50.01248]},"properties":{"d":"2026-03-06","r":"dom jednorodzinny","z":"budowa","o":null,"p":470}},{"type":"Feature","geometry":{"type":"Point","coordinates":[19.900374,50.098276]},"properties":{"d":"2026-02-24","r":"dom jednorodzinny","z":"budowa","o":null,"p":8410}},{"type":"Feature","geometry":{"type":"Point","coordinates":[20.129066,50.069967]},"properties":{"d":"2026-05-04","r":"budynek wielorodzinny","z":"budowa","o":null,"p":34420}},{"type":"Feature","geometry":{"type":"Point","coordinates":[19.883529,49.997706]},"properties":{"d":"2026-01-09","r":"dom jednorodzinny","z":"budowa","o":"Budowa dwóch budynków jednorodzinnych w zabudowie bliźniaczej z instalacjami wewnętrznymi (elektryczna, wodna, kanalizacyjna, wentylacja…","p":680}},{"type":"Feature","geometry":{"type":"Point","coordinates":[19.809281,50.017204]},"properties":{"d":"2026-04-15","r":"dom jednorodzinny","z":"budowa","o":null,"p":860}},{"type":"Feature","geometry":{"type":"Point","coordinates":[19.842799,50.020999]},"properties":{"d":"2026-06-11","r":"dom jednorodzinny","z":"budowa","o":"Budowa budynku mieszkalnego jednorodzinnego z wbudowanym garażem, wraz z infrastrukturą oraz dojściem i dojazdem, na działce nr 86/24 obr.…","p":1000}},{"type":"Feature","geometry":{"type":"Point","coordinates":[19.952975,49.97837]},"properties":{"d":"2026-03-03","r":"dom jednorodzinny","z":"budowa","o":null,"p":1000}},{"type":"Feature","geometry":{"type":"Point","coordinates":[19.935911,50.023782]},"properties":{"d":"2026-03-12","r":"dom jednorodzinny","z":"budowa","o":null,"p":1630}},{"type":"Feature","geometry":{"type":"Point","coordinates":[19.871077,50.070869]},"properties":{"d":"2026-02-16","r":"dom jednorodzinny","z":"budowa","o":"Wniosek w sprawie zmiany ostatecznej decyzji Prezydenta Miasta Krakowa Nr 2383/2011 z dnia 28 października 2011 r., zatwierdzającej projekt…","p":1840}},{"type":"Feature","geometry":{"type":"Point","coordinates":[19.940252,50.031235]},"properties":{"d":"2026-06-30","r":"obiekt usługowy","z":"budowa","o":"\"Budowa budynku usług hotelowo- konferencyjnych- budynek B, z parkingiem podziemnym i parkingiem na terenie, zagospodarowaniem terenu wraz…","p":15500}},{"type":"Feature","geometry":{"type":"Point","coordinates":[19.943172,50.118324]},"properties":{"d":"2026-03-23","r":"dom jednorodzinny","z":"budowa","o":null,"p":1640}},{"type":"Feature","geometry":{"type":"Point","coordinates":[19.876939,50.000378]},"properties":{"d":"2026-02-19","r":"dom jednorodzinny","z":"budowa","o":"Budowa dwóch budynków mieszkalnych jednorodzinnych dwulokalowych wraz z dojściem i dojazdem, wewnętrzną instalacją wod-kan, CO,…","p":1130}},{"type":"Feature","geometry":{"type":"Point","coordinates":[19.970006,50.071038]},"properties":{"d":"2026-02-25","r":"budynek wielorodzinny","z":"budowa","o":"ul. Farmaceutów 2 - Zmiana pozwolenia na budowę nr: 1085/6740.1/2023 z dnia 25.09.2023 r. znak sprawy: AU-01-2.6740.1.40.2023.EPI.","p":15590}},{"type":"Feature","geometry":{"type":"Point","coordinates":[20.202927,50.053445]},"properties":{"d":"2026-02-27","r":"dom jednorodzinny","z":"budowa","o":"Budowa czterech budynków mieszkalnych jednorodzinnych w zabudowie bliźniaczej z infrastrukturą techniczną i zagospodarowaniem terenu na…","p":5380}},{"type":"Feature","geometry":{"type":"Point","coordinates":[19.940551,50.031164]},"properties":{"d":"2026-06-26","r":"obiekt usługowy","z":"budowa","o":"Budowa budynku usług hotelowo-konferencyjnych  budynek C, z parkingiem podziemnym, i parkingami na terenie, zagospodarowaniem terenu,…","p":18790}},{"type":"Feature","geometry":{"type":"Point","coordinates":[19.837323,50.064252]},"properties":{"d":"2026-03-30","r":"dom jednorodzinny","z":"budowa","o":null,"p":980}},{"type":"Feature","geometry":{"type":"Point","coordinates":[19.940252,50.031235]},"properties":{"d":"2026-08-06","r":"obiekt usługowy","z":"budowa","o":"Budowa budynku usług hotelowo  konferencyjnych - budynek A z parkingiem podziemnym i parkingami na terenie, zagospodarowaniem terenu, wraz…","p":15500}},{"type":"Feature","geometry":{"type":"Point","coordinates":[19.867692,50.008497]},"properties":{"d":"2026-02-02","r":"dom jednorodzinny","z":"budowa","o":"Budowa budynku mieszkalnego jednorodzinnego wolnostojącego z instalacjami wewnętrznymi: wody, kanalizacji sanitarnej, C.O., gazu, energii…","p":890}},{"type":"Feature","geometry":{"type":"Point","coordinates":[19.987159,50.003831]},"properties":{"d":"2026-07-03","r":"dom jednorodzinny","z":"budowa","o":"Budowa budynku mieszkalnego jednorodzinnego wraz z wbudowanym garażem oraz wewnętrznym układem komunikacyjnym oraz zagospodarowaniem terenu…","p":870}},{"type":"Feature","geometry":{"type":"Point","coordinates":[19.971558,50.100669]},"properties":{"d":"2026-04-20","r":"budynek wielorodzinny","z":"budowa","o":null,"p":19100}},{"type":"Feature","geometry":{"type":"Point","coordinates":[19.923461,50.034738]},"properties":{"d":"2026-06-15","r":"obiekt usługowy","z":"budowa","o":null,"p":6800}},{"type":"Feature","geometry":{"type":"Point","coordinates":[19.942609,50.107284]},"properties":{"d":"2026-06-26","r":"budynek wielorodzinny","z":"budowa","o":"Budowa budynku mieszkalnego wielorodzinnego z garażem podziemnym, naziemnymi miejscami postojowymi, infrastrukturą techniczną i…","p":10}},{"type":"Feature","geometry":{"type":"Point","coordinates":[19.924144,50.10171]},"properties":{"d":"2026-06-17","r":"budynek wielorodzinny","z":"budowa","o":"ul. Noblistów Polskich - Budowa budynku mieszkalnego wielorodzinnego z usługami w parterze oraz garażem podziemnym, instalacjami…","p":2050}},{"type":"Feature","geometry":{"type":"Point","coordinates":[19.919551,50.080528]},"properties":{"d":"2026-04-17","r":"budynek wielorodzinny","z":"budowa","o":null,"p":3220}},{"type":"Feature","geometry":{"type":"Point","coordinates":[19.897551,50.107589]},"properties":{"d":"2026-05-06","r":"dom jednorodzinny","z":"budowa","o":null,"p":4890}},{"type":"Feature","geometry":{"type":"Point","coordinates":[19.986168,50.051779]},"properties":{"d":"2026-07-17","r":"budynek wielorodzinny","z":"budowa","o":"Budowa budynku wielorodzinnego, z usługami w części parteru, z garażem podziemnym, z instalacjami wewnętrznymi tj. wentylacji, grzewczymi,…","p":1880}},{"type":"Feature","geometry":{"type":"Point","coordinates":[19.896414,50.081138]},"properties":{"d":"2026-02-19","r":"dom jednorodzinny","z":"budowa","o":"Zmiana decyzji o pozwoleniu na budowę nr 615/6740.1/2025 z dnia 17.07.2025 r., sygnatura sprawy: AU-01-2.6740.1.49.2025.BZA. dla…","p":460}},{"type":"Feature","geometry":{"type":"Point","coordinates":[20.044943,50.043713]},"properties":{"d":"2026-03-16","r":"dom jednorodzinny","z":"nadbudowa","o":"Przebudowa i nadbudowa budynku mieszkalnego jednorodzinnego wraz z budową wewnętrznej instalacji wodociągowej na dz. nr 522, 123/12 obr. 22…","p":1810}},{"type":"Feature","geometry":{"type":"Point","coordinates":[19.917302,50.019434]},"properties":{"d":"2026-07-20","r":"budynek wielorodzinny","z":"budowa","o":"Budowa dwóch budynków mieszkalnych wielorodzinnych z usługami w parterach oraz z garażami podziemnymi wraz z instalacjami wewnętrznymi:…","p":5410}},{"type":"Feature","geometry":{"type":"Point","coordinates":[19.869316,50.093317]},"properties":{"d":"2026-05-29","r":"dom jednorodzinny","z":"budowa","o":null,"p":7500}},{"type":"Feature","geometry":{"type":"Point","coordinates":[19.904618,50.111548]},"properties":{"d":"2026-06-08","r":"dom jednorodzinny","z":"budowa","o":"Budowa budynku mieszkalnego jednorodzinnego z garażem jednostanowiskowym w bryle budynku, wraz z wew. instalacjami (wod.-kan en.…","p":1230}},{"type":"Feature","geometry":{"type":"Point","coordinates":[20.011736,50.018682]},"properties":{"d":"2026-04-24","r":"budynek wielorodzinny","z":"budowa","o":null,"p":15250}},{"type":"Feature","geometry":{"type":"Point","coordinates":[19.927497,50.06218]},"properties":{"d":"2026-08-25","r":"budynek wielorodzinny","z":"budowa","o":"Roboty budowlane w zespole zabudowy dawnej cesarsko królewskiej fabryki tytoniu i cygar, położonej przy ul. Dolnych Młynów 10 w Krakowie na…","p":500}},{"type":"Feature","geometry":{"type":"Point","coordinates":[19.939721,50.02796]},"properties":{"d":"2026-06-01","r":"obiekt usługowy","z":"budowa","o":"ul. ks. Tischnera-wniosek o wydanie decyzji o zmianie pozwolenia na budowę nr 48/6740.1/2018 z dn.09.01.2018, AU-01-5.6740.1.2324.2017.KBO","p":11600}},{"type":"Feature","geometry":{"type":"Point","coordinates":[19.879244,50.062806]},"properties":{"d":"2026-04-15","r":"dom jednorodzinny","z":"rozbudowa","o":null,"p":890}},{"type":"Feature","geometry":{"type":"Point","coordinates":[19.904224,50.01332]},"properties":{"d":"2026-05-05","r":"budynek wielorodzinny","z":"budowa","o":null,"p":2910}},{"type":"Feature","geometry":{"type":"Point","coordinates":[20.162175,50.057994]},"properties":{"d":"2026-05-04","r":"dom jednorodzinny","z":"budowa","o":null,"p":1000}},{"type":"Feature","geometry":{"type":"Point","coordinates":[19.911046,50.097245]},"properties":{"d":"2026-03-03","r":"dom jednorodzinny","z":"rozbudowa","o":null,"p":830}},{"type":"Feature","geometry":{"type":"Point","coordinates":[19.947427,50.07965]},"properties":{"d":"2026-03-27","r":"budynek wielorodzinny","z":"budowa","o":null,"p":3950}},{"type":"Feature","geometry":{"type":"Point","coordinates":[19.941383,50.032571]},"properties":{"d":"2026-02-11","r":"obiekt usługowy","z":"budowa","o":"Budowa budynku usługowo-biurowego z częścią handlową i garażem podziemnym, z instalacjami wewnętrznymi : wody, kanalizacji sanitarnej,…","p":4790}},{"type":"Feature","geometry":{"type":"Point","coordinates":[19.977296,50.091302]},"properties":{"d":"2026-02-25","r":"inny","z":"budowa","o":"Budowa obiektów małej architektury w miejscu publicznym, budowa przyłacza elektroenergetycznego oświetlenia parkowego oraz budowa…","p":18110}},{"type":"Feature","geometry":{"type":"Point","coordinates":[19.937455,50.093509]},"properties":{"d":"2026-04-22","r":"budynek wielorodzinny","z":"budowa","o":null,"p":700}},{"type":"Feature","geometry":{"type":"Point","coordinates":[19.899203,49.994665]},"properties":{"d":"2026-09-16","r":"budynek wielorodzinny","z":"budowa","o":"Budowa dwóch budynków mieszkalnych wielorodzinnych 3B i 3C z usługami w części parterów budynków, z garażami podziemnymi, instalacjami…","p":18840}},{"type":"Feature","geometry":{"type":"Point","coordinates":[19.916534,50.019335]},"properties":{"d":"2026-08-27","r":"budynek wielorodzinny","z":"budowa","o":"\"Budowa budynku mieszkalnego wielorodzinnego z usługami w parterze oraz garażem podziemnym wraz z instalacjami wewnętrznymi: c.o.,…","p":2090}},{"type":"Feature","geometry":{"type":"Point","coordinates":[19.99371,50.039759]},"properties":{"d":"2026-03-18","r":"budynek wielorodzinny","z":"budowa","o":null,"p":16770}},{"type":"Feature","geometry":{"type":"Point","coordinates":[19.923488,50.053442]},"properties":{"d":"2026-05-12","r":"budynek wielorodzinny","z":"budowa","o":null,"p":2860}},{"type":"Feature","geometry":{"type":"Point","coordinates":[20.007237,50.023768]},"properties":{"d":"2026-05-12","r":"dom jednorodzinny","z":"budowa","o":null,"p":710}},{"type":"Feature","geometry":{"type":"Point","coordinates":[19.97159,50.009765]},"properties":{"d":"2026-04-08","r":"dom jednorodzinny","z":"budowa","o":null,"p":730}},{"type":"Feature","geometry":{"type":"Point","coordinates":[20.01519,50.050583]},"properties":{"d":"2026-08-13","r":"obiekt usługowy","z":"budowa","o":"Budowa hali magazynowej z zagospodarowaniem terenu: utwardzeniem dojścia, dojazdu i dwóch miejsc postojowych, rozbiórka budynku…","p":700}},{"type":"Feature","geometry":{"type":"Point","coordinates":[19.929778,50.035208]},"properties":{"d":"2026-08-04","r":"budynek wielorodzinny","z":"budowa","o":"Budowa dwóch budynków mieszkalnych wielorodzinnych z garażami podziemnymi, zagospodarowaniem terenu, utwardzonymi dojściami i dojazdami,…","p":13970}},{"type":"Feature","geometry":{"type":"Point","coordinates":[19.984725,50.052993]},"properties":{"d":"2026-05-08","r":"budynek wielorodzinny","z":"budowa","o":null,"p":7650}},{"type":"Feature","geometry":{"type":"Point","coordinates":[19.988739,50.015908]},"properties":{"d":"2026-07-20","r":"obiekt usługowy","z":"budowa","o":"ul. Facimiech 3A - Budowa budynku biurowo-usługowego z częścią magazynową, wraz z trzema zbiornikami retencyjnymi na wody opadowe,…","p":5470}},{"type":"Feature","geometry":{"type":"Point","coordinates":[19.938225,49.978095]},"properties":{"d":"2026-05-12","r":"dom jednorodzinny","z":"budowa","o":"Budowa budynku mieszkalnego jednorodzinnego wraz z zagospodarowaniem terenu, infrastrukturą techniczną, szambem oraz budową zjazdu z drogi…","p":1080}},{"type":"Feature","geometry":{"type":"Point","coordinates":[19.869923,50.062871]},"properties":{"d":"2026-03-23","r":"dom jednorodzinny","z":"budowa","o":"Postępowanie w sprawie zmiany decyzji Prezydenta Miasta Krakowa o pozwoleniu na budowę Nr 2139/08 z dnia 12.09.2008r. znak :…","p":1140}},{"type":"Feature","geometry":{"type":"Point","coordinates":[19.816043,50.006935]},"properties":{"d":"2026-02-04","r":"dom jednorodzinny","z":"budowa","o":"Budowa budynku mieszkalnego jednorodzinnego z instalacjami wewnętrznymi: wod.-kan. C.O., elektryczną, wentylacji mechanicznej z…","p":6480}},{"type":"Feature","geometry":{"type":"Point","coordinates":[19.992978,50.013096]},"properties":{"d":"2026-05-12","r":"dom jednorodzinny","z":"budowa","o":null,"p":2670}},{"type":"Feature","geometry":{"type":"Point","coordinates":[19.992953,50.013075]},"properties":{"d":"2026-04-16","r":"dom jednorodzinny","z":"budowa","o":null,"p":2700}},{"type":"Feature","geometry":{"type":"Point","coordinates":[19.912399,49.990261]},"properties":{"d":"2026-04-01","r":"dom jednorodzinny","z":"budowa","o":"\"Budowa budynku mieszkalnego jednorodzinnego wraz z instalacjami wewnętrznymi (wody, kanalizacji, elektryki i gazu), zewnętrznego odcinka…","p":730}},{"type":"Feature","geometry":{"type":"Point","coordinates":[19.857549,50.072695]},"properties":{"d":"2026-07-17","r":"dom jednorodzinny","z":"budowa","o":"Budowa dwóch budynków mieszkalnych jednorodzinnych w zabudowie bliźniaczej wraz z infrastrukturą techniczną (w zakresie instalacji…","p":1630}},{"type":"Feature","geometry":{"type":"Point","coordinates":[20.066645,50.104985]},"properties":{"d":"2026-02-09","r":"dom jednorodzinny","z":"budowa","o":"Budowa budynku mieszkalnego jednorodzinnego wolnostojącego wraz z wewnętrznymi instalacjami wody, kanalizacji sanitarnej, energii…","p":740}},{"type":"Feature","geometry":{"type":"Point","coordinates":[20.001983,49.992923]},"properties":{"d":"2026-01-27","r":"dom jednorodzinny","z":"budowa","o":"Budowa budynku mieszkalnego jednorodzinnego wraz z wewnętrznymi instalacjami: wodną, kanalizacji sanitarnej, c.o. i elektryczna wraz z…","p":2630}},{"type":"Feature","geometry":{"type":"Point","coordinates":[19.889185,50.075056]},"properties":{"d":"2026-02-09","r":"dom jednorodzinny","z":"rozbudowa","o":"Przebudowa, rozbudowa i nadbudowa budynku mieszkalnego jednorodzinnego wraz z wewnętrzną instalacją elektryczną, wody, kanalizacji, gazu,…","p":370}},{"type":"Feature","geometry":{"type":"Point","coordinates":[19.939839,50.088653]},"properties":{"d":"2026-04-10","r":"dom jednorodzinny","z":"nadbudowa","o":null,"p":470}},{"type":"Feature","geometry":{"type":"Point","coordinates":[20.043666,50.011507]},"properties":{"d":"2026-04-10","r":"dom jednorodzinny","z":"budowa","o":null,"p":1080}},{"type":"Feature","geometry":{"type":"Point","coordinates":[19.927325,50.005743]},"properties":{"d":"2026-04-27","r":"dom jednorodzinny","z":"budowa","o":null,"p":920}},{"type":"Feature","geometry":{"type":"Point","coordinates":[19.967235,50.02454]},"properties":{"d":"2026-02-20","r":"dom jednorodzinny","z":"budowa","o":"ul. Szczęśliwa - wniosek o wydanie decyzji o zmianie pozwolenia na budowę nr dec.796/6740.1/2024 z dn.29.08.2024,…","p":410}},{"type":"Feature","geometry":{"type":"Point","coordinates":[19.89632,50.008817]},"properties":{"d":"2026-07-30","r":"budynek wielorodzinny","z":"budowa","o":"Wniosek w sprawie zmiany ostatecznej decyzji Prezydenta Miasta Krakowa Nr 16/6740.1/2024 z dnia 9 stycznia 2024 r., zatwierdzającej projekt…","p":9810}},{"type":"Feature","geometry":{"type":"Point","coordinates":[19.998274,50.033953]},"properties":{"d":"2026-03-26","r":"inny","z":"rozbudowa","o":null,"p":920}},{"type":"Feature","geometry":{"type":"Point","coordinates":[20.167232,50.081813]},"properties":{"d":"2026-04-14","r":"dom jednorodzinny","z":"budowa","o":null,"p":1170}},{"type":"Feature","geometry":{"type":"Point","coordinates":[19.864846,50.068276]},"properties":{"d":"2026-05-08","r":"dom jednorodzinny","z":"budowa","o":null,"p":880}},{"type":"Feature","geometry":{"type":"Point","coordinates":[19.922687,50.053082]},"properties":{"d":"2026-09-02","r":"obiekt publiczny","z":"budowa","o":"Rozbiórka trzech budynków o funkcji sportu i rekreacji (k, k1, k2), budynku mieszkalnego (m1), budynku magazynowego (i1), trzech wiat oraz…","p":3940}},{"type":"Feature","geometry":{"type":"Point","coordinates":[19.8903,50.096634]},"properties":{"d":"2026-09-07","r":"obiekt usługowy","z":"budowa","o":"Wniosek w sprawie zmiany ostatecznej decyzji Prezydenta Miasta Krakowa Nr 1632/6740.1/2022 z dnia 30 grudnia 2022 r., zatwierdzającej…","p":2600}},{"type":"Feature","geometry":{"type":"Point","coordinates":[20.028819,50.089004]},"properties":{"d":"2026-05-21","r":"dom jednorodzinny","z":"budowa","o":null,"p":500}},{"type":"Feature","geometry":{"type":"Point","coordinates":[20.06065,50.066988]},"properties":{"d":"2026-02-05","r":"obiekt usługowy","z":"budowa","o":"zmiana decyzji pozwolenia na budowę nr 822/6740.1/2025 z dnia 19.09.2025 znak AU-01-3.6740.1.198.2025.AGR zatwierdzającej projekt…","p":3400}},{"type":"Feature","geometry":{"type":"Point","coordinates":[19.872786,49.997293]},"properties":{"d":"2026-08-12","r":"dom jednorodzinny","z":"budowa","o":"Budowa budynku mieszkalnego jednorodzinnego wraz z instalacjami wewnętrznymi: wody, kanalizacji sanitarnej, energii elektrycznej,…","p":11500}},{"type":"Feature","geometry":{"type":"Point","coordinates":[19.872534,49.997298]},"properties":{"d":"2026-07-17","r":"dom jednorodzinny","z":"budowa","o":"Budowa budynku mieszkalnego jednorodzinnego wraz z instalacjami wewnętrznymi: wody, kanalizacji sanitarnej, energii elektrycznej,…","p":19800}},{"type":"Feature","geometry":{"type":"Point","coordinates":[20.035293,50.019558]},"properties":{"d":"2026-05-18","r":"dom jednorodzinny","z":"budowa","o":null,"p":2270}},{"type":"Feature","geometry":{"type":"Point","coordinates":[20.057789,50.084005]},"properties":{"d":"2026-08-04","r":"dom jednorodzinny","z":"budowa","o":"Budowa budynku mieszkalnego jednorodzinnego z wbudowanym garażem (wraz z instalacjami wewn. w budynku: elektryczną i słaboprądową,…","p":1140}},{"type":"Feature","geometry":{"type":"Point","coordinates":[19.913211,50.055257]},"properties":{"d":"2026-03-30","r":"dom jednorodzinny","z":"nadbudowa","o":"KASZTELAŃSKA - Nadbudowa budynku mieszkalnego jednorodzinnego z usługami wraz z garażem podziemnym i infrastrukturą techniczną oraz wjazdem…","p":540}},{"type":"Feature","geometry":{"type":"Point","coordinates":[19.863529,49.990114]},"properties":{"d":"2026-04-17","r":"dom jednorodzinny","z":"budowa","o":null,"p":610}},{"type":"Feature","geometry":{"type":"Point","coordinates":[19.966821,50.047742]},"properties":{"d":"2026-06-16","r":"obiekt usługowy","z":"budowa","o":"Rozbiórka nawierzchni utwardzonych wewnętrznego układu dróg i placów oraz unieczynnionych fragmentów instalacji zewnętrznych:…","p":4460}},{"type":"Feature","geometry":{"type":"Point","coordinates":[20.028331,50.05453]},"properties":{"d":"2026-05-04","r":"dom jednorodzinny","z":"budowa","o":null,"p":1080}},{"type":"Feature","geometry":{"type":"Point","coordinates":[20.183492,50.093972]},"properties":{"d":"2026-04-10","r":"dom jednorodzinny","z":"budowa","o":null,"p":1560}},{"type":"Feature","geometry":{"type":"Point","coordinates":[19.9195,50.072918]},"properties":{"d":"2026-04-17","r":"budynek wielorodzinny","z":"budowa","o":null,"p":1140}},{"type":"Feature","geometry":{"type":"Point","coordinates":[19.897679,50.073388]},"properties":{"d":"2026-05-07","r":"budynek wielorodzinny","z":"nadbudowa","o":null,"p":630}},{"type":"Feature","geometry":{"type":"Point","coordinates":[19.948142,50.084275]},"properties":{"d":"2026-04-14","r":"dom jednorodzinny","z":"budowa","o":null,"p":1850}},{"type":"Feature","geometry":{"type":"Point","coordinates":[19.990389,49.9794]},"properties":{"d":"2026-04-07","r":"dom jednorodzinny","z":"budowa","o":null,"p":1080}},{"type":"Feature","geometry":{"type":"Point","coordinates":[19.890327,50.007773]},"properties":{"d":"2026-03-24","r":"dom jednorodzinny","z":"budowa","o":null,"p":2950}},{"type":"Feature","geometry":{"type":"Point","coordinates":[20.006445,50.040039]},"properties":{"d":"2026-07-14","r":"dom jednorodzinny","z":"budowa","o":"Budowy budynku mieszkalnego jednorodzinnego wraz z wewn. inst. wod-kan, en. elektrycznej, gazu, c.o., went. mech. oraz z wewnętrzną linią…","p":1170}},{"type":"Feature","geometry":{"type":"Point","coordinates":[20.182201,50.086146]},"properties":{"d":"2026-05-14","r":"dom jednorodzinny","z":"budowa","o":null,"p":3040}},{"type":"Feature","geometry":{"type":"Point","coordinates":[19.873177,50.008019]},"properties":{"d":"2026-06-17","r":"dom jednorodzinny","z":"rozbudowa","o":"Rozbudowa, nadbudowa i przebudowa budynku mieszkalnego jednorodzinnego, dwulokalowego wraz z instalacjami wewnętrznymi: energii…","p":480}},{"type":"Feature","geometry":{"type":"Point","coordinates":[19.860381,50.03782]},"properties":{"d":"2026-05-07","r":"dom jednorodzinny","z":"budowa","o":null,"p":670}},{"type":"Feature","geometry":{"type":"Point","coordinates":[19.839885,50.064826]},"properties":{"d":"2026-04-02","r":"dom jednorodzinny","z":"budowa","o":null,"p":5520}},{"type":"Feature","geometry":{"type":"Point","coordinates":[20.075712,50.045395]},"properties":{"d":"2026-05-20","r":"dom jednorodzinny","z":"budowa","o":null,"p":1590}},{"type":"Feature","geometry":{"type":"Point","coordinates":[19.884397,50.083447]},"properties":{"d":"2026-03-05","r":"dom jednorodzinny","z":"budowa","o":"ul. Katowicka 46 - Rozbudowa i przebudowa budynku mieszkalnego jednorodzinnego wraz z zewnętrznymi miejscami postojowymi, dojściem,…","p":590}},{"type":"Feature","geometry":{"type":"Point","coordinates":[20.048107,50.011732]},"properties":{"d":"2026-03-18","r":"dom jednorodzinny","z":"budowa","o":null,"p":3400}},{"type":"Feature","geometry":{"type":"Point","coordinates":[19.925291,50.064162]},"properties":{"d":"2026-02-27","r":"obiekt publiczny","z":"nadbudowa","o":"Roboty budowlane w budynku Uniwersytetu Rolniczego położonego przy ul. Czystej 21 w Krakowie na działce nr 6 obr. 62 Śródmieście,…","p":900}},{"type":"Feature","geometry":{"type":"Point","coordinates":[19.995335,50.106149]},"properties":{"d":"2026-04-17","r":"dom jednorodzinny","z":"budowa","o":null,"p":4670}},{"type":"Feature","geometry":{"type":"Point","coordinates":[19.822462,50.011764]},"properties":{"d":"2026-05-04","r":"dom jednorodzinny","z":"budowa","o":null,"p":1200}},{"type":"Feature","geometry":{"type":"Point","coordinates":[19.982768,50.009766]},"properties":{"d":"2026-04-23","r":"dom jednorodzinny","z":"budowa","o":null,"p":970}},{"type":"Feature","geometry":{"type":"Point","coordinates":[19.95084,50.020782]},"properties":{"d":"2026-03-18","r":"dom jednorodzinny","z":"budowa","o":null,"p":1230}},{"type":"Feature","geometry":{"type":"Point","coordinates":[19.87307,50.093559]},"properties":{"d":"2026-03-18","r":"dom jednorodzinny","z":"budowa","o":null,"p":860}},{"type":"Feature","geometry":{"type":"Point","coordinates":[20.028884,50.002752]},"properties":{"d":"2026-04-28","r":"dom jednorodzinny","z":"budowa","o":"Budowa budynku mieszkalnego jednorodzinnego oraz wolnostojącego garażu wraz z instalacjami wewnętrznymi oraz instalacjami na zewnątrz…","p":3000}},{"type":"Feature","geometry":{"type":"Point","coordinates":[20.117124,50.097746]},"properties":{"d":"2026-04-10","r":"dom jednorodzinny","z":"budowa","o":null,"p":1150}},{"type":"Feature","geometry":{"type":"Point","coordinates":[19.954336,50.041249]},"properties":{"d":"2026-02-04","r":"inny","z":"rozbudowa","o":"Rozbudowa i przebudowa budynku mieszkalnego jednorodzinnego wraz z rozbudową instalacji wewnętrznych (wod.-kan., elektryczną, c.o.,…","p":610}},{"type":"Feature","geometry":{"type":"Point","coordinates":[19.945718,49.987217]},"properties":{"d":"2026-05-06","r":"dom jednorodzinny","z":"budowa","o":null,"p":2930}},{"type":"Feature","geometry":{"type":"Point","coordinates":[20.049572,50.061068]},"properties":{"d":"2026-09-08","r":"dom jednorodzinny","z":"budowa","o":"Budowa budynku mieszkalnego jednorodzinnego dwulokalowego z instalacjami wewnętrznymi, w tym instalacjami poza budynkiem (wodną,…","p":730}},{"type":"Feature","geometry":{"type":"Point","coordinates":[20.121014,50.096075]},"properties":{"d":"2026-06-18","r":"dom jednorodzinny","z":"budowa","o":"Budowa dwóch budynków mieszkalnych jednorodzinnych dwulokalowych A i B w zabudowie bliźniaczej wraz z instalacjami wewnętrznymi: wod-kan.,…","p":1740}},{"type":"Feature","geometry":{"type":"Point","coordinates":[19.888454,50.109444]},"properties":{"d":"2026-04-22","r":"dom jednorodzinny","z":"rozbudowa","o":"PROJEKTOWANA ROZBUDOWA ,PRZEBUDOWA I ZMIANA SPOSOBU UŻYTKOWANIA BUDYNKU GOSPODARCZEGO NA BUDYNEK MIESZKALNY JEDNORODZINNY, ul. Gaik,…","p":1670}},{"type":"Feature","geometry":{"type":"Point","coordinates":[19.943257,50.037609]},"properties":{"d":"2026-05-11","r":"budynek wielorodzinny","z":"budowa","o":"ul. Jana Zamoyskiego 76A - Wniosek pozwolenia na budowę- Budowa budynku mieszkalnego wielorodzinnego z instalacjami wewnętrznymi, wodkan.…","p":580}},{"type":"Feature","geometry":{"type":"Point","coordinates":[19.858468,50.007457]},"properties":{"d":"2026-04-17","r":"dom jednorodzinny","z":"budowa","o":null,"p":1770}},{"type":"Feature","geometry":{"type":"Point","coordinates":[20.028554,50.017273]},"properties":{"d":"2026-07-01","r":"dom jednorodzinny","z":"budowa","o":"Budowa budynku mieszkalnego jednorodzinnego z dwoma lokalami mieszkalnymi wraz z instalacjami wewnętrznymi, wod-kan, gaz, C.O.,…","p":1540}},{"type":"Feature","geometry":{"type":"Point","coordinates":[20.011297,50.071553]},"properties":{"d":"2026-05-12","r":"dom jednorodzinny","z":"budowa","o":null,"p":650}},{"type":"Feature","geometry":{"type":"Point","coordinates":[20.002565,49.989411]},"properties":{"d":"2026-04-20","r":"dom jednorodzinny","z":"budowa","o":null,"p":3130}},{"type":"Feature","geometry":{"type":"Point","coordinates":[20.117989,50.075241]},"properties":{"d":"2026-04-23","r":"obiekt usługowy","z":"rozbudowa","o":null,"p":28140}},{"type":"Feature","geometry":{"type":"Point","coordinates":[20.028904,50.089958]},"properties":{"d":"2026-01-27","r":"dom jednorodzinny","z":"nadbudowa","o":"Przebudowa i nadbudowa budynku mieszkalnego jednorodzinnego wraz z budową murów oporowych na dz. nr 280 obr. 9 Nowa Huta przy ul.…","p":470}},{"type":"Feature","geometry":{"type":"Point","coordinates":[20.057169,50.060107]},"properties":{"d":"2026-02-11","r":"dom jednorodzinny","z":"budowa","o":"Wniosek elektr. o wydanie Decyzji o Pozwoleniu na Budowę -- budowa budynku mieszkalnego jednorodzinnego z garażem wbudowanym, wew.…","p":670}},{"type":"Feature","geometry":{"type":"Point","coordinates":[19.844513,50.067234]},"properties":{"d":"2026-04-15","r":"dom jednorodzinny","z":"budowa","o":null,"p":590}},{"type":"Feature","geometry":{"type":"Point","coordinates":[19.882141,50.070634]},"properties":{"d":"2026-07-20","r":"dom jednorodzinny","z":"budowa","o":"ul. Hamernia - Wniosek o wydanie decyzji o zmianie pozwolenia na budowę nr 762/6740.1/2020 z dnia 22.05.2020 r., sygnatura sprawy:…","p":7320}},{"type":"Feature","geometry":{"type":"Point","coordinates":[19.851446,50.02545]},"properties":{"d":"2026-03-26","r":"dom jednorodzinny","z":"budowa","o":null,"p":1210}},{"type":"Feature","geometry":{"type":"Point","coordinates":[19.870142,50.091428]},"properties":{"d":"2026-03-20","r":"dom jednorodzinny","z":"budowa","o":null,"p":1100}},{"type":"Feature","geometry":{"type":"Point","coordinates":[20.033112,50.01545]},"properties":{"d":"2026-04-01","r":"dom jednorodzinny","z":"budowa","o":"ul. Zamłynie - Budowa budynku mieszkalnego jednorodzinnego wraz z dojazdem, dojściem i tarasem ziemnym, instalacjami wewnętrznymi na…","p":1420}},{"type":"Feature","geometry":{"type":"Point","coordinates":[20.010737,50.054158]},"properties":{"d":"2026-07-08","r":"obiekt usługowy","z":"budowa","o":"Budowa budynku modułowego jako zaplecze socjalne na działce nr 418/2 obr. 55 jedn. ewid. Nowa Huta przy ul. Ciepłowniczej 1 w Krakowie","p":464320}},{"type":"Feature","geometry":{"type":"Point","coordinates":[20.001294,50.004168]},"properties":{"d":"2026-05-12","r":"dom jednorodzinny","z":"budowa","o":null,"p":1860}},{"type":"Feature","geometry":{"type":"Point","coordinates":[19.897087,49.982795]},"properties":{"d":"2026-06-03","r":"dom jednorodzinny","z":"budowa","o":"Budowa budynku mieszkalnego, jednorodzinnego z wbudowanym garażem z wewnętrznymi instalacjami: wod-kan, c.o., gazowej, elektrycznej,…","p":1150}},{"type":"Feature","geometry":{"type":"Point","coordinates":[19.859727,50.006821]},"properties":{"d":"2026-05-27","r":"dom jednorodzinny","z":"budowa","o":null,"p":1290}},{"type":"Feature","geometry":{"type":"Point","coordinates":[19.891302,50.011031]},"properties":{"d":"2026-04-16","r":"budynek wielorodzinny","z":"budowa","o":null,"p":10140}},{"type":"Feature","geometry":{"type":"Point","coordinates":[19.819536,50.016401]},"properties":{"d":"2026-02-16","r":"dom jednorodzinny","z":"budowa","o":"Budowa budynku mieszkalnego jednorodzinnego z instalacjami wewnętrznymi: wod.-kan., ogrzewania pomieszczeń, elektryczną i instalacjami…","p":800}},{"type":"Feature","geometry":{"type":"Point","coordinates":[19.853809,50.025392]},"properties":{"d":"2026-08-18","r":"dom jednorodzinny","z":"budowa","o":"Budowa budynku mieszkalnego jednorodzinnego wolnostojącego wraz z instalacjami wewnętrznymi: wody, kanalizacji sanitarnej, c.o.,…","p":1240}},{"type":"Feature","geometry":{"type":"Point","coordinates":[20.163792,50.084285]},"properties":{"d":"2026-07-02","r":"dom jednorodzinny","z":"budowa","o":"\"Budowa budynku mieszkalnego jednorodzinnego wg. projektu gotowego \"Dom w rozplenicach\" wraz z niezbędną infrastrukturą na działkach nr…","p":800}},{"type":"Feature","geometry":{"type":"Point","coordinates":[19.928479,50.063232]},"properties":{"d":"2026-04-21","r":"budynek wielorodzinny","z":"nadbudowa","o":null,"p":570}},{"type":"Feature","geometry":{"type":"Point","coordinates":[19.863767,50.071084]},"properties":{"d":"2026-03-16","r":"dom jednorodzinny","z":"budowa","o":null,"p":2240}},{"type":"Feature","geometry":{"type":"Point","coordinates":[19.904356,50.110727]},"properties":{"d":"2026-07-20","r":"dom jednorodzinny","z":"budowa","o":"ul. Na Mostkach - Budowa budynku mieszkalnego jednorodzinnego przy ul. Na Mostkach w Krakowie wraz z konieczną infrastrukturą techniczną…","p":1660}},{"type":"Feature","geometry":{"type":"Point","coordinates":[19.879074,50.105495]},"properties":{"d":"2026-02-24","r":"dom jednorodzinny","z":"budowa","o":"Budowa dwóch budynków mieszkalnych jednorodzinnych dwulokalowych w zabudowie bliźniaczej z wewnętrznymi instalacjami wod-kan., C.O,…","p":2980}},{"type":"Feature","geometry":{"type":"Point","coordinates":[20.171032,50.081049]},"properties":{"d":"2026-07-01","r":"dom jednorodzinny","z":"budowa","o":"Budowa budynku mieszkalnego jednorodzinnego jednolokalowego z wewnętrznymi instalacjami: wody, kanalizacji sanitarnej, elektrycznej,…","p":1000}},{"type":"Feature","geometry":{"type":"Point","coordinates":[19.966179,50.009675]},"properties":{"d":"2026-06-22","r":"budynek wielorodzinny","z":"budowa","o":"ul. Tuchowska - Wniosek o wydanie decyzji o zmianie pozwolenia na budowę nr 546/6740.1/2025 z dnia 30.06.2025 znak…","p":890}},{"type":"Feature","geometry":{"type":"Point","coordinates":[19.906325,49.983909]},"properties":{"d":"2026-05-29","r":"dom jednorodzinny","z":"budowa","o":null,"p":1770}},{"type":"Feature","geometry":{"type":"Point","coordinates":[20.015952,50.051293]},"properties":{"d":"2026-04-30","r":"obiekt usługowy","z":"budowa","o":null,"p":10000}},{"type":"Feature","geometry":{"type":"Point","coordinates":[19.997282,50.017357]},"properties":{"d":"2026-06-03","r":"inny","z":"budowa","o":"Budowa budynku mieszkalnego jednorodzinnego wraz z budową zewnętrznych odcinków wewnętrznych instalacji: energii elektrycznej, gazu,…","p":930}},{"type":"Feature","geometry":{"type":"Point","coordinates":[19.90575,49.986145]},"properties":{"d":"2026-02-26","r":"dom jednorodzinny","z":"budowa","o":"Budowa budynku mieszkalnego jednorodzinnego z instalacjami wewnętrznymi: wodno-kanalizacyjną, centralnego ogrzewania, gazową, elektryczną,…","p":670}},{"type":"Feature","geometry":{"type":"Point","coordinates":[20.11089,50.106348]},"properties":{"d":"2026-04-17","r":"dom jednorodzinny","z":"budowa","o":null,"p":2730}},{"type":"Feature","geometry":{"type":"Point","coordinates":[20.167681,50.064794]},"properties":{"d":"2026-04-14","r":"dom jednorodzinny","z":"budowa","o":null,"p":670}},{"type":"Feature","geometry":{"type":"Point","coordinates":[19.989677,49.984835]},"properties":{"d":"2026-05-06","r":"dom jednorodzinny","z":"budowa","o":null,"p":1400}},{"type":"Feature","geometry":{"type":"Point","coordinates":[19.946498,50.094056]},"properties":{"d":"2026-04-20","r":"obiekt usługowy","z":"budowa","o":null,"p":12180}},{"type":"Feature","geometry":{"type":"Point","coordinates":[20.059806,50.04452]},"properties":{"d":"2026-05-15","r":"dom jednorodzinny","z":"budowa","o":null,"p":700}},{"type":"Feature","geometry":{"type":"Point","coordinates":[20.173855,50.068207]},"properties":{"d":"2026-05-18","r":"dom jednorodzinny","z":"budowa","o":null,"p":830}},{"type":"Feature","geometry":{"type":"Point","coordinates":[20.138356,50.093055]},"properties":{"d":"2026-03-30","r":"dom jednorodzinny","z":"budowa","o":null,"p":2160}},{"type":"Feature","geometry":{"type":"Point","coordinates":[19.939812,50.064095]},"properties":{"d":"2026-04-20","r":"budynek wielorodzinny","z":"rozbudowa","o":null,"p":1340}},{"type":"Feature","geometry":{"type":"Point","coordinates":[19.894289,50.08239]},"properties":{"d":"2026-03-26","r":"dom jednorodzinny","z":"budowa","o":"Wniosek o wydanie dec. o zmianie pozwolenia na budowę nr: 564/6740.1/2024 z dnia 20.06.2024 r. znak sprawy: AU-01-2.6740.1.86.2024.DCZ","p":750}},{"type":"Feature","geometry":{"type":"Point","coordinates":[19.875266,49.97606]},"properties":{"d":"2026-08-03","r":"dom jednorodzinny","z":"budowa","o":"Budowa 2 budynków mieszkalnych jednorodzinnych dwulokalowych w zabudowie bliźniaczej z wbudowanymi garażami (M1-M2), z wewnętrznymi…","p":2220}},{"type":"Feature","geometry":{"type":"Point","coordinates":[19.929213,50.095956]},"properties":{"d":"2026-05-14","r":"dom jednorodzinny","z":"budowa","o":null,"p":400}},{"type":"Feature","geometry":{"type":"Point","coordinates":[19.864989,50.01679]},"properties":{"d":"2026-04-30","r":"dom jednorodzinny","z":"nadbudowa","o":null,"p":2480}},{"type":"Feature","geometry":{"type":"Point","coordinates":[20.142796,50.07504]},"properties":{"d":"2026-03-16","r":"obiekt usługowy","z":"budowa","o":null,"p":9950}},{"type":"Feature","geometry":{"type":"Point","coordinates":[20.042742,50.056749]},"properties":{"d":"2026-06-30","r":"inny","z":"budowa","o":"Budowa budynku garażu w dobudowie do budynku mieszkalnego jednorodzinnego wraz z wewnętrzną instalacją elektryczną oraz z zagospodarowaniem…","p":930}},{"type":"Feature","geometry":{"type":"Point","coordinates":[19.906476,49.984735]},"properties":{"d":"2026-06-12","r":"dom jednorodzinny","z":"budowa","o":"\"Budowa ośmiu budynków mieszkalnych jednorodzinnych (dwulokalowych) w zabudowie bliźniaczej, dwóch budynków mieszkalnych jednorodzinnych…","p":4140}},{"type":"Feature","geometry":{"type":"Point","coordinates":[19.925219,50.04946]},"properties":{"d":"2026-06-15","r":"dom jednorodzinny","z":"nadbudowa","o":"Częściowa rozbiórka (z zachowaniem ścian piwnicznych w granicach) istniejącego budynku mieszkalnego nr 11, oraz budowa w jego miejsce…","p":810}},{"type":"Feature","geometry":{"type":"Point","coordinates":[19.901566,50.092146]},"properties":{"d":"2026-03-02","r":"obiekt usługowy","z":"budowa","o":"Wniosek o wydanie decyzji o zmianie PNB decyzja nr 192/6740.1/2023 ds. AU-01-1.6740.1789.2022.ASZ","p":990}},{"type":"Feature","geometry":{"type":"Point","coordinates":[20.06534,50.057276]},"properties":{"d":"2026-06-09","r":"dom jednorodzinny","z":"budowa","o":"Budowa budynku mieszkalnego jednorodzinnego z wewnętrznymi instalacjami: wody, kanalizacji sanitarnej, c.o., gazowej, elektrycznej,…","p":3000}},{"type":"Feature","geometry":{"type":"Point","coordinates":[19.889511,50.004361]},"properties":{"d":"2026-03-26","r":"dom jednorodzinny","z":"budowa","o":null,"p":4680}},{"type":"Feature","geometry":{"type":"Point","coordinates":[19.863642,50.073003]},"properties":{"d":"2026-06-30","r":"dom jednorodzinny","z":"budowa","o":"Budowa budynku mieszkalnego jednorodzinnego wraz z zewnętrznym odcinkiem wewnętrznej instalacji elektrycznej do zestawu…","p":2140}},{"type":"Feature","geometry":{"type":"Point","coordinates":[19.877455,50.017792]},"properties":{"d":"2026-06-15","r":"dom jednorodzinny","z":"budowa","o":"Budowa budynku mieszkalnego jednorodzinnego z odcinkami zewnętrznymi instalacji wewnętrznych: kanalizacji sanitarnej, kanalizacji…","p":1210}},{"type":"Feature","geometry":{"type":"Point","coordinates":[20.132994,50.050476]},"properties":{"d":"2026-04-20","r":"dom jednorodzinny","z":"budowa","o":null,"p":1000}},{"type":"Feature","geometry":{"type":"Point","coordinates":[19.961065,50.09711]},"properties":{"d":"2026-05-15","r":"obiekt usługowy","z":"budowa","o":null,"p":11320}},{"type":"Feature","geometry":{"type":"Point","coordinates":[20.02688,50.054647]},"properties":{"d":"2026-05-18","r":"dom jednorodzinny","z":"budowa","o":null,"p":2060}},{"type":"Feature","geometry":{"type":"Point","coordinates":[19.895095,49.986174]},"properties":{"d":"2026-08-21","r":"dom jednorodzinny","z":"budowa","o":"Budowa 16 budynków mieszkalnych jednorodzinnych w zabudowie bliźniaczej wraz z instalacjami wewnętrznymi (wewnętrzna instalacja kanalizacji…","p":9210}},{"type":"Feature","geometry":{"type":"Point","coordinates":[20.189132,50.056694]},"properties":{"d":"2026-05-26","r":"dom jednorodzinny","z":"budowa","o":null,"p":810}},{"type":"Feature","geometry":{"type":"Point","coordinates":[19.818225,50.014765]},"properties":{"d":"2026-03-17","r":"dom jednorodzinny","z":"budowa","o":"ul. Obrony Tyńca - Zmiana pozwolenia na budowę nr dec.: 1132/6740.1/2025 z dnia 15.12.2025 r. znak sprawy: AU-01-5.6740.1.194.2025.PGA…","p":2300}},{"type":"Feature","geometry":{"type":"Point","coordinates":[19.823332,49.999549]},"properties":{"d":"2026-04-07","r":"dom jednorodzinny","z":"budowa","o":null,"p":540}},{"type":"Feature","geometry":{"type":"Point","coordinates":[19.878878,50.067593]},"properties":{"d":"2026-06-02","r":"dom jednorodzinny","z":"budowa","o":"Budowa dwóch budynków mieszkalnych jednorodzinnych z zagospodarowaniem terenu i infrastrukturą techniczną, w tym instalacjami :…","p":700}},{"type":"Feature","geometry":{"type":"Point","coordinates":[19.908382,50.013132]},"properties":{"d":"2026-09-10","r":"budynek wielorodzinny","z":"budowa","o":"Budowa dwóch budynków mieszkalnych wielorodzinnych z garażami podziemnym z wewnętrznymi instalacjami wewnątrz budynków: c.o., chłodniczą,…","p":2780}},{"type":"Feature","geometry":{"type":"Point","coordinates":[19.851122,50.06596]},"properties":{"d":"2026-06-19","r":"dom jednorodzinny","z":"budowa","o":"\"Budowa budynku mieszkalnego jednorodzinnego z wewnętrznymi instalacjami (wod.-kan., prąd, gaz, wentylacja mechaniczna) wraz z odcinkami…","p":8820}},{"type":"Feature","geometry":{"type":"Point","coordinates":[20.029306,50.091458]},"properties":{"d":"2026-03-13","r":"dom jednorodzinny","z":"budowa","o":null,"p":13740}},{"type":"Feature","geometry":{"type":"Point","coordinates":[20.053265,50.032517]},"properties":{"d":"2026-04-17","r":"inny","z":"budowa","o":null,"p":6770}},{"type":"Feature","geometry":{"type":"Point","coordinates":[20.044342,50.055468]},"properties":{"d":"2026-05-06","r":"dom jednorodzinny","z":"budowa","o":null,"p":960}},{"type":"Feature","geometry":{"type":"Point","coordinates":[20.170856,50.072048]},"properties":{"d":"2026-05-20","r":"dom jednorodzinny","z":"budowa","o":null,"p":2120}},{"type":"Feature","geometry":{"type":"Point","coordinates":[19.948164,50.044862]},"properties":{"d":"2026-03-23","r":"budynek wielorodzinny","z":"nadbudowa","o":null,"p":570}},{"type":"Feature","geometry":{"type":"Point","coordinates":[19.883954,50.075841]},"properties":{"d":"2026-08-27","r":"dom jednorodzinny","z":"budowa","o":"Budowa dwóch budynków mieszkalnych, jednorodzinnych w zabudowie bliźniaczej, dwulokalowych, z garażami wbudowanymi, wewnętrznymi…","p":700}},{"type":"Feature","geometry":{"type":"Point","coordinates":[20.031129,50.011443]},"properties":{"d":"2026-05-21","r":"dom jednorodzinny","z":"budowa","o":"ul. Smolenia - budowa budynku mieszkalnego jednorodzinnego z instalacjami i infrastrukturą oraz budowa budynku garażowego","p":590}},{"type":"Feature","geometry":{"type":"Point","coordinates":[19.882338,50.101684]},"properties":{"d":"2026-07-17","r":"dom jednorodzinny","z":"budowa","o":"Budowa budynku mieszkalnego jednorodzinnego wraz z instalacjami wewnętrznymi: wodną, kanalizacyjną, gazową, grzewczą, wentylacji…","p":1280}},{"type":"Feature","geometry":{"type":"Point","coordinates":[19.950114,50.019982]},"properties":{"d":"2026-04-28","r":"dom jednorodzinny","z":"budowa","o":null,"p":770}},{"type":"Feature","geometry":{"type":"Point","coordinates":[19.987953,50.008563]},"properties":{"d":"2026-03-12","r":"dom jednorodzinny","z":"budowa","o":null,"p":3170}},{"type":"Feature","geometry":{"type":"Point","coordinates":[20.05833,50.035163]},"properties":{"d":"2026-09-16","r":"obiekt usługowy","z":"budowa","o":"Budowa budynku usługowego z wewnętrznym torem kartingowym, wraz z instalacjami wewnętrznymi (wodno-kanalizacyjną, elektryczną, gazową,…","p":12090}},{"type":"Feature","geometry":{"type":"Point","coordinates":[19.897239,50.11247]},"properties":{"d":"2026-08-13","r":"dom jednorodzinny","z":"nadbudowa","o":"ul. Łokietka - Rozbudowa i nadbudowa budynku gospodarczo-garażowego z przeznaczeniem nadbudowy na cele mieszkalne jednorodzinne wraz z…","p":1290}},{"type":"Feature","geometry":{"type":"Point","coordinates":[19.925669,50.024142]},"properties":{"d":"2026-03-17","r":"dom jednorodzinny","z":"budowa","o":null,"p":760}},{"type":"Feature","geometry":{"type":"Point","coordinates":[19.96374,49.998665]},"properties":{"d":"2026-07-14","r":"dom jednorodzinny","z":"budowa","o":"Budowa budynku mieszkalnego jednorodzinnego z garażem w piwnicy, z murami oporowymi, wraz z instalacjami wewnętrznymi: c.o., wody,…","p":810}},{"type":"Feature","geometry":{"type":"Point","coordinates":[20.142635,50.092697]},"properties":{"d":"2026-06-01","r":"dom jednorodzinny","z":"budowa","o":null,"p":1400}},{"type":"Feature","geometry":{"type":"Point","coordinates":[19.879742,50.067432]},"properties":{"d":"2026-08-27","r":"dom jednorodzinny","z":"rozbudowa","o":"Przebudowa, rozbudowa i nadbudowa budynku mieszkalnego jednorodzinnego, wraz z przebudową instalacji wewnętrznych: wodociągowej,…","p":620}},{"type":"Feature","geometry":{"type":"Point","coordinates":[19.980023,50.024324]},"properties":{"d":"2026-07-13","r":"dom jednorodzinny","z":"nadbudowa","o":"ul. Siostrzana 8 - przebudowa z nadbudową budynku mieszkalnego jednorodzinnego","p":350}},{"type":"Feature","geometry":{"type":"Point","coordinates":[19.912481,50.072059]},"properties":{"d":"2026-03-19","r":"obiekt publiczny","z":"rozbudowa","o":"ul. Kronikarza Galla 25 - Zmiana pozwolenia na budowę nr dec.: 949/6740.2/2020 z dnia 18.12.2020 r. znak sprawy:…","p":14720}},{"type":"Feature","geometry":{"type":"Point","coordinates":[19.840294,50.070152]},"properties":{"d":"2026-06-03","r":"dom jednorodzinny","z":"budowa","o":"Budowa budynku mieszkalnego jednorodzinnego z instalacjami wewnętrznymi na zewnątrz: kanalizacji sanitarnej, gazową, elektryczną,…","p":1690}},{"type":"Feature","geometry":{"type":"Point","coordinates":[20.098053,50.10008]},"properties":{"d":"2026-04-03","r":"obiekt usługowy","z":"budowa","o":null,"p":16020}},{"type":"Feature","geometry":{"type":"Point","coordinates":[20.05839,50.103719]},"properties":{"d":"2026-03-18","r":"budynek wielorodzinny","z":"budowa","o":null,"p":8050}},{"type":"Feature","geometry":{"type":"Point","coordinates":[19.96644,49.997269]},"properties":{"d":"2026-06-25","r":"dom jednorodzinny","z":"budowa","o":"Budowa dwóch budynków mieszkalnych jednorodzinnych dwulokalowych w zabudowie bliźniaczej wraz z dojściami i dojazdami oraz budową…","p":1250}},{"type":"Feature","geometry":{"type":"Point","coordinates":[20.114807,50.109542]},"properties":{"d":"2026-05-04","r":"dom jednorodzinny","z":"budowa","o":null,"p":1140}},{"type":"Feature","geometry":{"type":"Point","coordinates":[20.188824,50.098174]},"properties":{"d":"2026-04-08","r":"dom jednorodzinny","z":"budowa","o":null,"p":1000}},{"type":"Feature","geometry":{"type":"Point","coordinates":[20.111158,50.11152]},"properties":{"d":"2026-05-06","r":"dom jednorodzinny","z":"budowa","o":null,"p":1300}},{"type":"Feature","geometry":{"type":"Point","coordinates":[19.896196,50.096435]},"properties":{"d":"2026-03-30","r":"dom jednorodzinny","z":"budowa","o":null,"p":1200}},{"type":"Feature","geometry":{"type":"Point","coordinates":[19.871391,50.050536]},"properties":{"d":"2026-06-01","r":"dom jednorodzinny","z":"nadbudowa","o":"Rozbudowa, nadbudowa, przebudowa oraz częściowa rozbiórka budynku mieszkalnego jednorodzinnego wraz ze zmianą sposobu użytkowania poddasza…","p":670}},{"type":"Feature","geometry":{"type":"Point","coordinates":[20.174338,50.067209]},"properties":{"d":"2026-07-01","r":"dom jednorodzinny","z":"budowa","o":"Budowa budynku mieszkalnego jednorodzinnego z instalacjami wewnętrznymi: wody, kanalizacji sanitarnej, gazu, centralnego ogrzewania,…","p":930}},{"type":"Feature","geometry":{"type":"Point","coordinates":[20.174686,50.066923]},"properties":{"d":"2026-07-01","r":"dom jednorodzinny","z":"budowa","o":"Budowa dwóch budynków mieszkalnych jednorodzinnych z instalacjami wewnętrznymi: wody, kanalizacji sanitarnej, gazu, centralnego ogrzewania,…","p":2000}},{"type":"Feature","geometry":{"type":"Point","coordinates":[19.88076,50.093349]},"properties":{"d":"2026-07-03","r":"dom jednorodzinny","z":"budowa","o":"Budynek mieszkalny jednorodzinny w zabudowie wolnostojącej z wewn instal w budynku wod-kan, c.o, elektryczną, wentylacja mechaniczną,…","p":430}},{"type":"Feature","geometry":{"type":"Point","coordinates":[19.853341,50.026627]},"properties":{"d":"2026-01-29","r":"dom jednorodzinny","z":"budowa","o":"ul. Dąbrowa - Budowa zespołu 5 budynków mieszkalnych jednorodzinnych w zabudowie wolnostojącej z wewnętrznymi instalacjami: wody,…","p":3020}},{"type":"Feature","geometry":{"type":"Point","coordinates":[19.916088,50.009]},"properties":{"d":"2026-04-29","r":"obiekt usługowy","z":"budowa","o":null,"p":2800}},{"type":"Feature","geometry":{"type":"Point","coordinates":[20.190889,50.063315]},"properties":{"d":"2026-07-02","r":"dom jednorodzinny","z":"budowa","o":"Budowa budynku mieszkalnego jednorodzinnego z wbudowanym garażem dz. nr 187/15 obr.30 jedn. ewid. Nowa Huta (powstałej w wyniku podziału…","p":1190}},{"type":"Feature","geometry":{"type":"Point","coordinates":[20.018196,50.061616]},"properties":{"d":"2026-05-26","r":"budynek wielorodzinny","z":"rozbudowa","o":null,"p":3580}},{"type":"Feature","geometry":{"type":"Point","coordinates":[20.04661,50.016653]},"properties":{"d":"2026-06-25","r":"dom jednorodzinny","z":"budowa","o":"ul. Jana Grzecha - Budowa budynku mieszkalnego jednorodzinnego wraz z zagospodarowaniem terenu i instalacjami wewnętrznymi, utwardzeniem…","p":1100}},{"type":"Feature","geometry":{"type":"Point","coordinates":[20.140393,50.059861]},"properties":{"d":"2026-06-10","r":"dom jednorodzinny","z":"budowa","o":"Budowa budynku mieszkalnego jednorodzinnego dwulokalowego z wewnętrznymi instalacjami: wody, kanalizacji, gazu, en.elektrycznej, c.o.,…","p":4890}},{"type":"Feature","geometry":{"type":"Point","coordinates":[19.931062,50.00628]},"properties":{"d":"2026-05-15","r":"budynek wielorodzinny","z":"nadbudowa","o":null,"p":770}},{"type":"Feature","geometry":{"type":"Point","coordinates":[19.998825,50.023961]},"properties":{"d":"2026-03-31","r":"dom jednorodzinny","z":"budowa","o":null,"p":800}},{"type":"Feature","geometry":{"type":"Point","coordinates":[19.989901,50.087928]},"properties":{"d":"2026-07-15","r":"obiekt usługowy","z":"budowa","o":"ul. Dobrego Pasterza - Zmiana pozwolenia na budowę nr 522/6740.1/2025 z dnia 18 czerwca 2025 r. znak: AU-01-3.6740.1.1175.2022.DSZ dla…","p":3540}},{"type":"Feature","geometry":{"type":"Point","coordinates":[19.985464,49.997734]},"properties":{"d":"2026-02-25","r":"dom jednorodzinny","z":"budowa","o":"Budowa budynku mieszkalnego jednorodzinnego, wraz z wbudowanym garażem wraz z wewnętrznymi instalacjami: wody, kanalizacji sanitarnej,…","p":810}},{"type":"Feature","geometry":{"type":"Point","coordinates":[19.987133,50.005104]},"properties":{"d":"2026-09-08","r":"inny","z":"budowa","o":"ul. Rżącka 15 - Budowa budynku garażowego trzystanowiskowego z pomieszczeniem gospodarczym na dz. nr 198/21 i 198/2, obr. 60, jedn. ewid.…","p":10590}},{"type":"Feature","geometry":{"type":"Point","coordinates":[19.955862,50.004117]},"properties":{"d":"2026-06-11","r":"dom jednorodzinny","z":"budowa","o":"ul. Cechowa - wniosek o zmianę decyzji pozwolenia na budowę nr 746/6740.1/2025 z 29.08.2025, AU-01-4.6740.1.202.2023.MSO/GPA","p":2430}},{"type":"Feature","geometry":{"type":"Point","coordinates":[20.022651,50.061501]},"properties":{"d":"2026-04-22","r":"dom jednorodzinny","z":"budowa","o":null,"p":5330}},{"type":"Feature","geometry":{"type":"Point","coordinates":[19.903993,50.121817]},"properties":{"d":"2026-07-02","r":"dom jednorodzinny","z":"budowa","o":"Trzy budynki mieszkalne jednorodzinne wolnostojące, każdy budynek z dwoma lokalami mieszkalnymi oraz wbudowanymi garażami, wraz z instal.…","p":1510}},{"type":"Feature","geometry":{"type":"Point","coordinates":[19.885979,49.983508]},"properties":{"d":"2026-06-25","r":"dom jednorodzinny","z":"budowa","o":"Budowa budynku mieszkalnego jednorodzinnego wraz z instalacjami wewnętrznymi (elektryczną, wodno-kanalizacyjną, gazową) wraz z odcinkami…","p":1040}},{"type":"Feature","geometry":{"type":"Point","coordinates":[19.907944,49.994922]},"properties":{"d":"2026-05-29","r":"dom jednorodzinny","z":"budowa","o":null,"p":810}},{"type":"Feature","geometry":{"type":"Point","coordinates":[19.959407,50.021346]},"properties":{"d":"2026-05-29","r":"budynek wielorodzinny","z":"budowa","o":null,"p":630}},{"type":"Feature","geometry":{"type":"Point","coordinates":[20.034393,50.058503]},"properties":{"d":"2026-07-01","r":"dom jednorodzinny","z":"budowa","o":"Budowa budynku mieszkalnego jednorodzinnego z instalacjami wewnętrznymi: wody, kanalizacji sanitarnej, energii elektrycznej i gazu, z…","p":710}},{"type":"Feature","geometry":{"type":"Point","coordinates":[19.893151,49.99259]},"properties":{"d":"2026-09-08","r":"budynek wielorodzinny","z":"budowa","o":"ul. Bpa. Albina Małysiaka - Budowa budynku usługowego i mieszkalnego z garażem podziemnym, instalacjami wewnętrznymi i na zewnątrz budynku,…","p":9760}},{"type":"Feature","geometry":{"type":"Point","coordinates":[19.914586,50.025982]},"properties":{"d":"2026-08-13","r":"dom jednorodzinny","z":"budowa","o":"\"Budowa dwóch budynków mieszkalnych jednorodzinnych dwulokalowych w zabudowie bliźniaczej B1, B2 wraz z niezbędną infrastrukturą…","p":490}},{"type":"Feature","geometry":{"type":"Point","coordinates":[20.162496,50.058442]},"properties":{"d":"2026-07-01","r":"dom jednorodzinny","z":"budowa","o":"Budowa wolnostojącego budynku mieszkalnego jednorodzinnego z wewnętrznymi instalacjami (elektryczną, wody, kanalizacji sanitarnej,…","p":1000}},{"type":"Feature","geometry":{"type":"Point","coordinates":[20.045271,50.030504]},"properties":{"d":"2026-07-06","r":"obiekt usługowy","z":"budowa","o":"Budowa wiaty myjni, budowa kontenera gospodarczego, budowa szczelnego zbiornika bezodpływowego na nieczystości ciekłe o pojemności 7m3,…","p":20260}},{"type":"Feature","geometry":{"type":"Point","coordinates":[19.896601,50.030761]},"properties":{"d":"2026-07-13","r":"dom jednorodzinny","z":"budowa","o":"Zmiana decyzji Prezydenta Miasta Krakowa o pozwoleniu na budowę nr 597/6740.1/2022 z dnia 16.05.2022r., znak: AU-01-5.6740.1.3.2022.KGR dla…","p":5130}},{"type":"Feature","geometry":{"type":"Point","coordinates":[19.832402,50.073059]},"properties":{"d":"2026-05-25","r":"dom jednorodzinny","z":"budowa","o":null,"p":5070}},{"type":"Feature","geometry":{"type":"Point","coordinates":[19.915026,50.076365]},"properties":{"d":"2026-07-16","r":"budynek wielorodzinny","z":"budowa","o":"Budowa budynku mieszkalnego wielorodzinnego z garażem podziemnym wraz z infrastrukturą techniczną w tym: wewnętrznymi instalacjami…","p":1070}},{"type":"Feature","geometry":{"type":"Point","coordinates":[20.069982,50.064264]},"properties":{"d":"2026-08-13","r":"dom jednorodzinny","z":"budowa","o":"Budowa budynku mieszkalnego, jednorodzinnego wraz z instalacjami wewnętrznymi: wod.-kan., c.o., elektryczną, wentylacji mechanicznej oraz…","p":920}},{"type":"Feature","geometry":{"type":"Point","coordinates":[19.912199,50.100984]},"properties":{"d":"2026-07-29","r":"obiekt usługowy","z":"budowa","o":"ul. Starego Wiarusa - Budowa budynku usługowego samoobsługowej myjni samochodowej 3-stanowiskowej wraz z infrastrukturą, w tym instalacjami…","p":2970}},{"type":"Feature","geometry":{"type":"Point","coordinates":[20.03581,50.085435]},"properties":{"d":"2026-07-01","r":"dom jednorodzinny","z":"budowa","o":"Budowa zespołu sześciu budynków mieszkalnych jednorodzinnych dwulokalowych w zabudowie bliźniaczej (budynki A1/A2-B1/B2, E1/E2-F1/F2,…","p":2180}},{"type":"Feature","geometry":{"type":"Point","coordinates":[20.013437,50.077188]},"properties":{"d":"2026-06-02","r":"obiekt usługowy","z":"budowa","o":"Budowa budynku usługowego- warsztatu samochodowego z wewnętrznymi instalacjami: wodociągową, kanalizacji sanitarnej, kanalizacji…","p":5810}},{"type":"Feature","geometry":{"type":"Point","coordinates":[19.822879,49.999506]},"properties":{"d":"2026-05-26","r":"dom jednorodzinny","z":"budowa","o":"Budowa budynku mieszkalnego jednorodzinnego z zewnętrznymi odcinkami wewnętrznych instalacji: wodociągowej, kanalizacji sanitarnej,…","p":480}},{"type":"Feature","geometry":{"type":"Point","coordinates":[19.951904,49.979269]},"properties":{"d":"2026-06-11","r":"dom jednorodzinny","z":"budowa","o":"Budowa budynku mieszkalnego jednorodzinnego na działce nr 97/3 obr. 97 Podgórze wraz z wewnętrzną w terenie infrastrukturą techniczną w…","p":850}},{"type":"Feature","geometry":{"type":"Point","coordinates":[20.074505,50.047226]},"properties":{"d":"2026-07-09","r":"dom jednorodzinny","z":"budowa","o":"Zmiana pozwolenia na budowę nr 585/6740.1/2023 z dnia 19.05.2023 r. znak AU-01-4.6740.1.510.2022.AWA","p":1480}},{"type":"Feature","geometry":{"type":"Point","coordinates":[19.884278,50.009762]},"properties":{"d":"2026-07-17","r":"budynek wielorodzinny","z":"budowa","o":"Wniosek w sprawie zmiany ostatecznej decyzji Prezydenta Miasta Krakowa Nr 1350/07 z dnia 11 czerwca 2007 r. (sprostowanej postanowieniem z…","p":11260}},{"type":"Feature","geometry":{"type":"Point","coordinates":[19.802498,50.016588]},"properties":{"d":"2026-02-18","r":"dom jednorodzinny","z":"budowa","o":"zmiana decyzji pozwolenia na budowę 2835/2012 z dnia 31.12.2012 dla inwestycji pn. Budowa 2 budynków mieszkalnych jednorodzinnych \"A\" i \"B\"…","p":1640}},{"type":"Feature","geometry":{"type":"Point","coordinates":[20.026652,50.091787]},"properties":{"d":"2026-04-13","r":"budynek wielorodzinny","z":"rozbudowa","o":null,"p":2830}},{"type":"Feature","geometry":{"type":"Point","coordinates":[19.860807,50.036667]},"properties":{"d":"2026-07-17","r":"dom jednorodzinny","z":"budowa","o":"Budowa dwóch budynków mieszkalnych jednorodzinnych dwulokalowych w zabudowie bliźniaczej z instalacjami wewnętrznymi: elektryczną,…","p":1310}},{"type":"Feature","geometry":{"type":"Point","coordinates":[20.044611,50.009575]},"properties":{"d":"2026-07-03","r":"dom jednorodzinny","z":"budowa","o":"Budowa budynku mieszkalnego jednorodzinnego wraz z zewnętrznymi instalacjami: gazu, elektroenergetyczną, kanalizacji sanitarnej i…","p":570}},{"type":"Feature","geometry":{"type":"Point","coordinates":[19.887662,49.980948]},"properties":{"d":"2026-07-08","r":"dom jednorodzinny","z":"budowa","o":"ul. Libertowska - Budowa budynku mieszkalnego jednorodzinnego wraz z infrastrukturą techniczną oraz utwardzeniem na dz. nr ewid. 183/6, OB.…","p":1050}},{"type":"Feature","geometry":{"type":"Point","coordinates":[20.058852,50.095184]},"properties":{"d":"2026-06-17","r":"obiekt publiczny","z":"budowa","o":"Remont altany, remont obiektów małej architektury w miejscu publicznym - siedzisk betonowych, budowa obiektów małej architektury w miejscu…","p":10060}},{"type":"Feature","geometry":{"type":"Point","coordinates":[20.055847,50.046454]},"properties":{"d":"2026-07-10","r":"dom jednorodzinny","z":"budowa","o":"Budowa budynku mieszkalnego jednorodzinnego z wewnętrznymi instalacjami: wody, kanalizacji, gazu, en. elektrycznej, C.O., z zewnętrznymi…","p":1120}},{"type":"Feature","geometry":{"type":"Point","coordinates":[20.02781,50.003573]},"properties":{"d":"2026-07-03","r":"dom jednorodzinny","z":"budowa","o":"Budowa budynku mieszkalnego jednorodzinnego z wewnętrznymi instalacjami: energii elektrycznej, wodno- kanalizacyjnej , gazu, C.O.,…","p":730}},{"type":"Feature","geometry":{"type":"Point","coordinates":[19.88375,49.997554]},"properties":{"d":"2026-07-07","r":"dom jednorodzinny","z":"budowa","o":"Budowa budynku mieszkalnego jednorodzinnego z instalacjami wewnętrznymi: eNN, wod.-kan., gaz, c.o., instalacjami zewnętrznymi: enn, gaz,…","p":900}},{"type":"Feature","geometry":{"type":"Point","coordinates":[19.852624,50.074297]},"properties":{"d":"2026-08-25","r":"dom jednorodzinny","z":"budowa","o":"Budowa budynku mieszkalnego jednorodzinnego wraz z zewnętrzną instalacją elektryczną, wodną, kanalizacji sanitarnej, c.o. i wewnętrzną…","p":1740}},{"type":"Feature","geometry":{"type":"Point","coordinates":[19.986123,49.993856]},"properties":{"d":"2026-06-09","r":"dom jednorodzinny","z":"budowa","o":null,"p":1000}},{"type":"Feature","geometry":{"type":"Point","coordinates":[20.171687,50.102592]},"properties":{"d":"2026-06-12","r":"dom jednorodzinny","z":"budowa","o":"Budowa budynku mieszkalnego jednorodzinnego z wbudowanym garażem jednostanowiskowym wraz z instalacjami wewnętrznymi, szczelnym,…","p":1100}},{"type":"Feature","geometry":{"type":"Point","coordinates":[20.019358,50.093483]},"properties":{"d":"2026-05-20","r":"obiekt publiczny","z":"budowa","o":null,"p":97900}},{"type":"Feature","geometry":{"type":"Point","coordinates":[19.87486,49.997739]},"properties":{"d":"2026-06-18","r":"dom jednorodzinny","z":"budowa","o":"Budowa budynku mieszkalnego jednorodzinnego z instalacjami wewnętrznymi: wentylacji mechanicznej, elektryczną, gazową, wod.-kan. i c.o., z…","p":2010}},{"type":"Feature","geometry":{"type":"Point","coordinates":[19.876194,49.998329]},"properties":{"d":"2026-06-22","r":"dom jednorodzinny","z":"budowa","o":"Wniosek o zmianę decyzji pozwolenia na budowę nr 1048/6740.1/2024 z dnia 15.11.2024 r. wydanej dla inwestycji pn.: Budowa budynku…","p":3480}},{"type":"Feature","geometry":{"type":"Point","coordinates":[20.068183,50.016884]},"properties":{"d":"2026-07-17","r":"dom jednorodzinny","z":"budowa","o":"Budowa budynku mieszkalnego jednorodzinnego z instalacjami wewnątrz budynku: elektryczną, gazową, wodociągową, C.O., kanalizacji…","p":2750}},{"type":"Feature","geometry":{"type":"Point","coordinates":[20.208386,50.058608]},"properties":{"d":"2026-06-15","r":"dom jednorodzinny","z":"budowa","o":"Budowa budynku mieszkalnego jednorodzinnego wraz z wewnętrznymi instalacjami (wody, kanalizacji sanitarnej energii elektrycznej, gazu i…","p":1010}},{"type":"Feature","geometry":{"type":"Point","coordinates":[19.896415,50.037281]},"properties":{"d":"2026-05-06","r":"inny","z":"budowa","o":null,"p":1010}},{"type":"Feature","geometry":{"type":"Point","coordinates":[20.103449,50.095374]},"properties":{"d":"2026-09-07","r":"dom jednorodzinny","z":"budowa","o":"\"Budowa budynku mieszkalnego jednorodzinnego z instalacjami wewnętrznymi: wodną, gazową, kanalizacji sanitarnej, kanalizacji deszczowej,…","p":1090}},{"type":"Feature","geometry":{"type":"Point","coordinates":[20.155613,50.057838]},"properties":{"d":"2026-07-10","r":"dom jednorodzinny","z":"budowa","o":"ul. Rzepakowa- Budynek mieszkalny jednorodzinny wraz z instalacjami wewnętrznymi budynku (wod-kan., c.o., enn., rekuperacja, pompa ciepła)…","p":1000}},{"type":"Feature","geometry":{"type":"Point","coordinates":[20.069073,50.100494]},"properties":{"d":"2026-05-18","r":"dom jednorodzinny","z":"budowa","o":null,"p":2070}},{"type":"Feature","geometry":{"type":"Point","coordinates":[20.059299,50.105919]},"properties":{"d":"2026-08-12","r":"dom jednorodzinny","z":"budowa","o":"ETAP I: Budowa 2 budynków mieszkalnych jednorodzinnych wolnostojących wraz z infrastrukturą techniczną, dz. nr ewid. 64, obręb 0004,…","p":5340}},{"type":"Feature","geometry":{"type":"Point","coordinates":[19.872528,50.09018]},"properties":{"d":"2026-04-15","r":"dom jednorodzinny","z":"budowa","o":null,"p":1490}},{"type":"Feature","geometry":{"type":"Point","coordinates":[19.962834,49.999331]},"properties":{"d":"2026-06-22","r":"dom jednorodzinny","z":"budowa","o":"Budowa budynku mieszkalnego jednorodzinnego wraz z wewnętrznymi instalacjami wod.-kan., en. elektrycznej, gazu, c.o., went. mechanicznej…","p":800}},{"type":"Feature","geometry":{"type":"Point","coordinates":[20.045891,50.014705]},"properties":{"d":"2026-06-24","r":"dom jednorodzinny","z":"budowa","o":"Budowa zespołu budynków mieszkalnych jednorodzinnych dwulokalowych  dwóch wolnostojących oraz dwóch w zabudowie bliźniaczej z zadaszeniami…","p":1420}},{"type":"Feature","geometry":{"type":"Point","coordinates":[20.178203,50.099897]},"properties":{"d":"2026-07-02","r":"dom jednorodzinny","z":"budowa","o":"Budowa budynku mieszkalnego jednorodzinnego i budynku garażowego, budowa wewnętrznych instalacji: wod.- kan., c.o., elektrycznej, gazowej,…","p":2660}},{"type":"Feature","geometry":{"type":"Point","coordinates":[19.968025,49.994218]},"properties":{"d":"2026-07-20","r":"dom jednorodzinny","z":"budowa","o":"Budowa budynku mieszkalnego jednorodzinnego jednolokalowego z wewnętrznymi instalacjami: gazową, wodną, kanalizacji sanitarnej, deszczowej,…","p":800}},{"type":"Feature","geometry":{"type":"Point","coordinates":[19.997276,50.064552]},"properties":{"d":"2026-08-11","r":"obiekt usługowy","z":"budowa","o":"al. Pokoju- zmiana pozwolenia na budowę nr 88/6740.1/2026 z dnia 06.02.2026 r. znak AU-01-3.6740.1.276.2025.ASR. Dz. nr 32, 33, 34, 62 obr.…","p":19780}},{"type":"Feature","geometry":{"type":"Point","coordinates":[19.853446,50.030261]},"properties":{"d":"2026-08-27","r":"dom jednorodzinny","z":"budowa","o":"Budowa czterech budynków mieszkalnych, jednorodzinnych wraz z zagospodarowaniem terenu, miejscami postojowymi oraz niezbędną infrastrukturą…","p":2260}},{"type":"Feature","geometry":{"type":"Point","coordinates":[20.116778,50.097094]},"properties":{"d":"2026-07-07","r":"dom jednorodzinny","z":"budowa","o":"Budowa budynku mieszkalnego jednorodzinnego wraz z instalacjami wewn. wod.-kan., c.o., elektryczną, wentylacji mechanicznej z rekuperacją…","p":840}},{"type":"Feature","geometry":{"type":"Point","coordinates":[19.89356,50.079542]},"properties":{"d":"2026-06-12","r":"budynek wielorodzinny","z":"budowa","o":"Budowa budynku mieszkalnego wielorodzinnego z usługami, z garażem podziemnym wraz z instalacjami wewnętrznymi (wodną, kanalizacji…","p":4500}},{"type":"Feature","geometry":{"type":"Point","coordinates":[20.008436,49.994788]},"properties":{"d":"2026-09-03","r":"dom jednorodzinny","z":"budowa","o":"ul. Koszutki - Budowa budynku mieszkalnego jednorodzinnego wraz z zagospodarowaniem terenu oraz instalacją wewn. Poza budynkiem: wlz.…","p":4150}},{"type":"Feature","geometry":{"type":"Point","coordinates":[20.171667,50.077087]},"properties":{"d":"2026-08-19","r":"dom jednorodzinny","z":"budowa","o":"Budowa dwóch budynków mieszkalnych jednorodzinnych wolnostojących (A i B) oraz dwóch budynków mieszkalnych jednorodzinnych w zabudowie…","p":14800}},{"type":"Feature","geometry":{"type":"Point","coordinates":[19.874603,50.064549]},"properties":{"d":"2026-06-01","r":"dom jednorodzinny","z":"nadbudowa","o":"Przebudowa, rozbudowa, nadbudowa i zmiana sposobu użytkowania budynku gospodarczego na potrzeby mieszkalne (budynek mieszkalny…","p":2100}},{"type":"Feature","geometry":{"type":"Point","coordinates":[19.883463,49.981718]},"properties":{"d":"2026-07-16","r":"dom jednorodzinny","z":"budowa","o":"Budowa budynku mieszkalnego jednorodzinnego wraz z zewnętrznymi instalacjami: energii elektrycznej, gazowej, kanalizacji sanitarnej z…","p":1330}},{"type":"Feature","geometry":{"type":"Point","coordinates":[19.860272,50.073975]},"properties":{"d":"2026-07-28","r":"dom jednorodzinny","z":"budowa","o":"Budowa budynku mieszkalnego jednorodzinnego z zagospodarowaniem terenu z wewnętrznymi instalacjami: wod-kan., c.o., gazu, went.…","p":670}},{"type":"Feature","geometry":{"type":"Point","coordinates":[20.191253,50.098349]},"properties":{"d":"2026-07-03","r":"dom jednorodzinny","z":"budowa","o":"ul. Łozińskiego- BUDOWA BUDYNKU MIESZKALNEGO JEDNORODZINNEGO WRAZ Z INSTALACJAMI WEWNĘTRZNYMI (WODY, KANALIZACJI SANITARNEJ, C.O.,…","p":2640}},{"type":"Feature","geometry":{"type":"Point","coordinates":[19.909513,50.062221]},"properties":{"d":"2026-08-25","r":"obiekt usługowy","z":"budowa","o":"al.3 Maja - wniosek o zmianę pozwolenia na budowę - nr 2385/6740.1/2017 z dnia 13.12.2017, znak: AU-01-1.6740.1.2204.2017, zmienionego…","p":4500}},{"type":"Feature","geometry":{"type":"Point","coordinates":[20.181783,50.094886]},"properties":{"d":"2026-07-02","r":"dom jednorodzinny","z":"budowa","o":"ul. Pysocice - zmiana decyzji pnb nr 359/6740.1/2025 z dnia 25.04.2025 r. ds. AU-01-3.6740.1.32.2025.MCU - \"Rozbiórka istniejącego budynku…","p":10020}},{"type":"Feature","geometry":{"type":"Point","coordinates":[20.14224,50.055297]},"properties":{"d":"2026-07-01","r":"dom jednorodzinny","z":"budowa","o":"Budowa budynku mieszkalnego jednorodzinnego typu \"CARINO\" wraz z utwardzeniem terenu, utwardzeniem miejsc parkingowych, wewnętrzną…","p":990}},{"type":"Feature","geometry":{"type":"Point","coordinates":[19.829787,50.075921]},"properties":{"d":"2026-08-11","r":"dom jednorodzinny","z":"budowa","o":"Budowa budynku mieszkalnego jednorodzinnego z garażem dwustanowiskowym wbudowanym, instalacjami wewnętrznymi: wod.-kan., c.o., pompa…","p":3180}},{"type":"Feature","geometry":{"type":"Point","coordinates":[19.867904,50.032366]},"properties":{"d":"2026-07-13","r":"dom jednorodzinny","z":"budowa","o":"Budowa budynku mieszkalnego jednorodzinnego z wewnętrznymi instalacjami: elektryczną, wod-kan i co oraz z zewnętrznymi odcinkami…","p":1010}},{"type":"Feature","geometry":{"type":"Point","coordinates":[20.108304,50.060344]},"properties":{"d":"2026-09-01","r":"dom jednorodzinny","z":"budowa","o":"Budowa budynku mieszkalnego jednorodzinnego z wewnętrznymi instalacjami: wodociągową, kanalizacyjną, centralnego ogrzewania i elektryczną…","p":1050}},{"type":"Feature","geometry":{"type":"Point","coordinates":[19.869495,50.09864]},"properties":{"d":"2026-09-07","r":"dom jednorodzinny","z":"budowa","o":"Budowa domu jednorodzinnego wraz z instalacjami wodociągową, kanalizacyjną, elektroenergetyczną i gazową na działce ewidencyjnej nr 545/2…","p":780}},{"type":"Feature","geometry":{"type":"Point","coordinates":[19.853852,50.075275]},"properties":{"d":"2026-05-25","r":"dom jednorodzinny","z":"budowa","o":null,"p":2490}},{"type":"Feature","geometry":{"type":"Point","coordinates":[20.180787,50.114038]},"properties":{"d":"2026-07-01","r":"dom jednorodzinny","z":"budowa","o":"Budowa budynku mieszkalnego jednorodzinnego z instalacjami wewnętrznymi: wody, kanalizacji sanitarnej, energii elektrycznej, gazu,…","p":2800}},{"type":"Feature","geometry":{"type":"Point","coordinates":[19.894271,50.013705]},"properties":{"d":"2026-06-01","r":"budynek wielorodzinny","z":"budowa","o":"ZMIANA DECYZJI NR 359/67 40.1/202A Z DNIA 25.04.202A, DLA BUDOWY: ,,BUDOWA BUDYNKU MIESZKALNEGO WIELORODZINNEGO Z GARAŻEM PODZIEMYM WRAZ Z…","p":1610}},{"type":"Feature","geometry":{"type":"Point","coordinates":[19.986562,49.983854]},"properties":{"d":"2026-06-26","r":"dom jednorodzinny","z":"budowa","o":"ul. Kuryłowicza- zmiana pozwolenia na budowę dec.nr 230/6740.1/2025, z dn.20.03.2025, AU-01-4.6740.1.2.2025.GPA dot.: \"Budowa budynku…","p":2440}},{"type":"Feature","geometry":{"type":"Point","coordinates":[19.93222,50.011577]},"properties":{"d":"2026-06-16","r":"obiekt usługowy","z":"budowa","o":"Wniosek w sprawie zmiany ostatecznej decyzji Prezydenta Miasta Krakowa Nr 681/6740.1/2023 z dnia 7 czerwca 2023 r., zatwierdzającej projekt…","p":15560}},{"type":"Feature","geometry":{"type":"Point","coordinates":[19.866749,50.096619]},"properties":{"d":"2026-07-16","r":"inny","z":"budowa","o":"Budowa budynku garażu dwustanowiskowego wraz z dojściem i dojazdem, wewnętrzną linią energii elektrycznej do szafki pomiarowej na dz. nr…","p":1740}},{"type":"Feature","geometry":{"type":"Point","coordinates":[20.106731,50.092948]},"properties":{"d":"2026-08-05","r":"dom jednorodzinny","z":"budowa","o":"Budowa budynku mieszkalnego jednorodzinnego z wewnętrznymi instalacjami: wody, kanalizacji sanitarnej, gazu, en. elektrycznej, c.o.,…","p":3070}},{"type":"Feature","geometry":{"type":"Point","coordinates":[19.912811,49.999101]},"properties":{"d":"2026-07-02","r":"dom jednorodzinny","z":"rozbudowa","o":"\"Przebudowa i rozbudowa istniejącego budynku mieszkalnego jednorodzinnego z przeznaczeniem na budynek mieszkalny jednorodzinny wraz z…","p":700}},{"type":"Feature","geometry":{"type":"Point","coordinates":[19.990189,49.975288]},"properties":{"d":"2026-08-10","r":"dom jednorodzinny","z":"budowa","o":"Budowa budynku jednorodzinnego, wolnostojącego z niezbędną infrastrukturą techniczną (zewnętrzne odcinki instalacji wewnętrznych wody,…","p":1540}},{"type":"Feature","geometry":{"type":"Point","coordinates":[19.879317,49.998909]},"properties":{"d":"2026-07-27","r":"dom jednorodzinny","z":"budowa","o":"Wniosek o pozwolenie na budowę- Budowa budynku mieszkalnego jednorodzinnego z wbudowanym garażem, wraz z dojściem i dojazdem, zewnętrzną…","p":1060}},{"type":"Feature","geometry":{"type":"Point","coordinates":[19.916093,50.099264]},"properties":{"d":"2026-06-16","r":"budynek wielorodzinny","z":"budowa","o":"Wniosek o zmianę pozwolenia na budowę nr dec.: nr 742/6740.1/2024 z dnia 09.08.2024 r. znak AU-01-2.6740.1.43.2024.MAM. w zakresie…","p":9570}},{"type":"Feature","geometry":{"type":"Point","coordinates":[19.974388,50.021172]},"properties":{"d":"2026-04-16","r":"budynek wielorodzinny","z":"budowa","o":null,"p":4560}},{"type":"Feature","geometry":{"type":"Point","coordinates":[19.994247,50.020626]},"properties":{"d":"2026-05-13","r":"dom jednorodzinny","z":"budowa","o":null,"p":430}},{"type":"Feature","geometry":{"type":"Point","coordinates":[19.850003,50.075044]},"properties":{"d":"2026-05-14","r":"dom jednorodzinny","z":"budowa","o":null,"p":4580}},{"type":"Feature","geometry":{"type":"Point","coordinates":[19.965574,50.074532]},"properties":{"d":"2026-07-16","r":"dom jednorodzinny","z":"nadbudowa","o":"Przebudowa i nadbudowa części istniejącego budynku mieszkalnego jednorodzinnego z instalacjami wewnętrznymi: wody, kanalizacji sanitarnej,…","p":530}},{"type":"Feature","geometry":{"type":"Point","coordinates":[19.972708,50.022228]},"properties":{"d":"2026-08-04","r":"budynek wielorodzinny","z":"budowa","o":"Budowa budynku mieszkalnego wielorodzinnego z garażem podziemnym z instalacjami wewnętrznymi: wody, kanalizacji sanitarnej, kanalizacji…","p":4650}},{"type":"Feature","geometry":{"type":"Point","coordinates":[20.050809,50.008393]},"properties":{"d":"2026-08-07","r":"dom jednorodzinny","z":"budowa","o":"UL. POTRZASK- BUDOWA DWÓCH BUDYNKÓW MIESZKALNYCH JEDNORODZINNYCH (DWULOKALOWYCH) W ZABUDOWIE BLIŻNIACZEJ WRAZ Z INSTALACJAMI WEW…","p":830}},{"type":"Feature","geometry":{"type":"Point","coordinates":[20.172997,50.068361]},"properties":{"d":"2026-06-24","r":"dom jednorodzinny","z":"budowa","o":"Budowa dwóch budynków mieszkalnych jednorodzinnych wolnostojących, jednolokalowych (A, B) wraz z wew. inst. wod.- kan., en. elektrycznej,…","p":7270}},{"type":"Feature","geometry":{"type":"Point","coordinates":[19.854227,50.08092]},"properties":{"d":"2026-05-18","r":"dom jednorodzinny","z":"budowa","o":null,"p":770}},{"type":"Feature","geometry":{"type":"Point","coordinates":[19.848606,50.026772]},"properties":{"d":"2026-06-10","r":"dom jednorodzinny","z":"budowa","o":"zmiana decyzji pozwolenia na budowę nr 801/6740.1/2021 z dnia 19.07.2021 r. znak: AU-01-5.6740.1.1692.2021.KBO wydanej dla inwestycji pn.:…","p":810}},{"type":"Feature","geometry":{"type":"Point","coordinates":[19.930943,50.033807]},"properties":{"d":"2026-05-19","r":"budynek wielorodzinny","z":"budowa","o":null,"p":7710}},{"type":"Feature","geometry":{"type":"Point","coordinates":[19.839292,50.062196]},"properties":{"d":"2026-09-10","r":"dom jednorodzinny","z":"budowa","o":"Zmiana decyzji pozwolenia na budowę nr 932/6740.1/2022 z dnia 28.07.2022 r., znak: AU-01-1.6740.1.830.2022.AFR przeniesionej decyzją nr…","p":6150}},{"type":"Feature","geometry":{"type":"Point","coordinates":[20.206483,50.058021]},"properties":{"d":"2026-06-18","r":"dom jednorodzinny","z":"budowa","o":"Budowa budynku mieszkalnego jednorodzinnego z wewnętrznymi instalacjami (wody, kanalizacji sanitarnej, energii elektrycznej, gazu i…","p":1050}},{"type":"Feature","geometry":{"type":"Point","coordinates":[20.068145,50.047772]},"properties":{"d":"2026-07-10","r":"dom jednorodzinny","z":"budowa","o":"Budowa budynku mieszkalnego jednorodzinnego wraz z wewnętrzną instalacją wodną, kanalizacji sanitarnej, gazową i elektryczną z zewnętrznymi…","p":2000}},{"type":"Feature","geometry":{"type":"Point","coordinates":[19.836827,50.06944]},"properties":{"d":"2026-08-04","r":"dom jednorodzinny","z":"budowa","o":"Budowa budynku mieszkalnego jednorodzinnego z zewnętrznymi instalacjami: elektryczną, gazową, wodociągową, kanalizacji sanitarnej oraz…","p":1680}},{"type":"Feature","geometry":{"type":"Point","coordinates":[19.950533,50.070505]},"properties":{"d":"2026-07-09","r":"budynek wielorodzinny","z":"rozbudowa","o":"Rozbudowa budynku mieszkalnego wielorodzinnego w zakresie budowy ogrodu zimowego na tarasie rekreacyjnym przy ul. Rakowicka 20L/298 dz. nr…","p":5110}},{"type":"Feature","geometry":{"type":"Point","coordinates":[19.865506,50.008216]},"properties":{"d":"2026-07-02","r":"dom jednorodzinny","z":"budowa","o":"\"Budowa budynku mieszkalnego jednorodzinnego z instalacjami wewnętrznymi w gruncie wraz z ewentualnymi przynależnymi urządzeniami…","p":900}},{"type":"Feature","geometry":{"type":"Point","coordinates":[20.175192,50.111332]},"properties":{"d":"2026-06-19","r":"dom jednorodzinny","z":"budowa","o":"Budowa budynku mieszkalnego jednorodzinnego z instalacjami wewnętrznymi : wody, kanalizacji sanitarnej, energii elektrycznej, gazu,…","p":5000}},{"type":"Feature","geometry":{"type":"Point","coordinates":[20.107666,50.112071]},"properties":{"d":"2026-07-23","r":"dom jednorodzinny","z":"budowa","o":"UL. CYPRIANA GODEBSKIEGO- BUDOWA TRZECH BUDYNKÓW MIESZKALNYCH JEDNORODZINNYCH DWULOKALOWYCH W ZABUDOWIE WOLNOSTOJĄCEJ Z INSTALACJAMI…","p":2570}},{"type":"Feature","geometry":{"type":"Point","coordinates":[20.107854,50.111487]},"properties":{"d":"2026-07-23","r":"dom jednorodzinny","z":"budowa","o":"UL. CYPRIANA GODEBSKIEGO- BUDOWA DWÓCH BUDYNKÓW MIESZKALNYCH JEDNORODZINNYCH DWULOKALOWYCH W ZABUDOWIE WOLNOSTOJĄCEJ Z INSTALACJAMI…","p":1250}},{"type":"Feature","geometry":{"type":"Point","coordinates":[20.058918,50.084169]},"properties":{"d":"2026-08-24","r":"dom jednorodzinny","z":"budowa","o":"Budowa czterech budynków mieszkalnych jednorodzinnych dwulokalowych w zabudowie bliźniaczej z wewn. instalacjami: wodociągową,…","p":1800}},{"type":"Feature","geometry":{"type":"Point","coordinates":[20.1275,50.047917]},"properties":{"d":"2026-07-03","r":"dom jednorodzinny","z":"budowa","o":"Budowa budynku mieszkalnego jednorodzinnego z instalacjami wewnętrznymi : wody, kanalizacji sanitarnej, energii elektrycznej, gazu,…","p":11570}},{"type":"Feature","geometry":{"type":"Point","coordinates":[19.912968,49.999871]},"properties":{"d":"2026-08-28","r":"dom jednorodzinny","z":"rozbudowa","o":"Nadbudowa, rozbudowa i przebudowa budynku mieszkalnego jednorodzinnego z garażem dwustanowiskowym wraz z budową instalacji zewnętrznych:…","p":1110}},{"type":"Feature","geometry":{"type":"Point","coordinates":[20.025011,50.095525]},"properties":{"d":"2026-07-03","r":"dom jednorodzinny","z":"budowa","o":"Przebudowa budynku mieszkalnego jednorodzinnego jednolokalowego na dwulokalowy wraz z nadbudową klatki schodowej zewnętrznej oraz zmiana…","p":290}},{"type":"Feature","geometry":{"type":"Point","coordinates":[19.869829,50.060217]},"properties":{"d":"2026-07-09","r":"dom jednorodzinny","z":"budowa","o":"Budowa budynku mieszkalnego jednorodzinnego z garażem wraz z instalacjami wewnętrznymi: wodną, kanalizacji sanitarnej, energii…","p":1000}},{"type":"Feature","geometry":{"type":"Point","coordinates":[20.010629,50.022117]},"properties":{"d":"2026-09-04","r":"inny","z":"budowa","o":"zmiana decyzji pozwolenia na budowę nr 1134/6740.1/2023 z dnia 05.10.2023 r. znak: AU-01-4.6740.1.43.2023.AWA, wydanej dla inwestycji pn.:…","p":660}},{"type":"Feature","geometry":{"type":"Point","coordinates":[19.987075,50.046593]},"properties":{"d":"2026-08-14","r":"dom jednorodzinny","z":"budowa","o":"ul. Myśliwska- Budowa budynku mieszkalnego jednorodzinnego wraz z instalacjami wewnętrznymi w obrębie budynku: wodociągową, kanalizacji…","p":1060}},{"type":"Feature","geometry":{"type":"Point","coordinates":[19.908484,50.016905]},"properties":{"d":"2026-06-08","r":"budynek wielorodzinny","z":"budowa","o":"Budowa budynku mieszkalnego wielorodzinnego z garażami podziemnymi wraz z zagospodarowaniem terenu, infrastrukturą techniczną i…","p":7710}},{"type":"Feature","geometry":{"type":"Point","coordinates":[19.85108,50.075718]},"properties":{"d":"2026-07-06","r":"dom jednorodzinny","z":"budowa","o":"\"Budowa sześciu budynków mieszkalnych jednorodzinnych dwulokalowych w zabudowie bliźniaczej z podziemnym dojazdem wraz z infrastrukturą…","p":3000}},{"type":"Feature","geometry":{"type":"Point","coordinates":[20.036615,50.041972]},"properties":{"d":"2026-08-14","r":"dom jednorodzinny","z":"budowa","o":"ul. Rybitwy - Budowa budynku mieszkalnego jednorodzinnego wraz z dojściem i dojazdem, wewnętrznymi instalacjami w budynku (wod-kan., C.O.,…","p":1280}},{"type":"Feature","geometry":{"type":"Point","coordinates":[19.828582,50.073979]},"properties":{"d":"2026-08-04","r":"dom jednorodzinny","z":"budowa","o":"Budowa wolnostojącego budynku mieszkalnego jednorodzinnego wraz z instalacjami wod-kan, gazu, c.o, energii elektrycznej, WLZ instalacji en.…","p":740}},{"type":"Feature","geometry":{"type":"Point","coordinates":[19.948104,50.101338]},"properties":{"d":"2026-08-07","r":"dom jednorodzinny","z":"budowa","o":"Budowa budynku mieszkalnego jednorodzinnego z wewnętrznymi instalacjami: wod.-kan., c.o., gaz, elektryka, zewnętrznymi instalacjami:…","p":880}},{"type":"Feature","geometry":{"type":"Point","coordinates":[20.024836,50.018405]},"properties":{"d":"2026-08-06","r":"dom jednorodzinny","z":"budowa","o":"budowa budynku mieszkalnego jednorodzinnego z wbudowanym garażem z wewn. instalacjami elektryczną, wod.-kan., c.o., gazową, zewn. odcinkami…","p":490}},{"type":"Feature","geometry":{"type":"Point","coordinates":[19.974767,49.99069]},"properties":{"d":"2026-08-14","r":"dom jednorodzinny","z":"budowa","o":"Budowa budynku mieszkalnego jednorodzinnego wraz z zewnętrznymi odcinkami wewnętrznych instalacji: energii elektrycznej, kanalizacji…","p":2120}},{"type":"Feature","geometry":{"type":"Point","coordinates":[19.983813,50.047081]},"properties":{"d":"2026-08-07","r":"dom jednorodzinny","z":"budowa","o":"Budowa budynku mieszkalnego jednorodzinnego wraz z instalacjami wewnętrznymi wod.-kan., gaz, co. elektryka, wlz-eNN, wlz-g, dojściem i…","p":2290}},{"type":"Feature","geometry":{"type":"Point","coordinates":[20.173493,50.068901]},"properties":{"d":"2026-09-04","r":"dom jednorodzinny","z":"budowa","o":"Budowa dwóch budynków mieszkalnych jednorodzinnych w zabudowie bliźniaczej (jednolokalowy i dwulokalowy) z instalacjami wewnętrznymi w tych…","p":940}},{"type":"Feature","geometry":{"type":"Point","coordinates":[19.900444,49.982695]},"properties":{"d":"2026-06-11","r":"dom jednorodzinny","z":"budowa","o":"Budowa zespołu trzech budynków mieszkalnych jednorodzinnych dwulokalowych w zabudowie wolnostojącej wraz z infrastrukturą techniczną,…","p":3220}},{"type":"Feature","geometry":{"type":"Point","coordinates":[19.904731,50.013634]},"properties":{"d":"2026-06-15","r":"budynek wielorodzinny","z":"budowa","o":null,"p":20530}},{"type":"Feature","geometry":{"type":"Point","coordinates":[19.966883,49.989566]},"properties":{"d":"2026-08-10","r":"dom jednorodzinny","z":"budowa","o":"Budowa budynku mieszkalnego jednorodzinnego z wbudowanym garażem wraz z instalacjami wewnętrznymi (wod.-kan., went. mech, elektryczna,…","p":1600}},{"type":"Feature","geometry":{"type":"Point","coordinates":[20.206531,50.059483]},"properties":{"d":"2026-08-19","r":"dom jednorodzinny","z":"budowa","o":"Budowa budynku mieszkalnego jednorodzinnego wraz z instalacjami w budynku: elektrycznej, wod-kan, c.o, wentylacji mechanicznej oraz…","p":1000}},{"type":"Feature","geometry":{"type":"Point","coordinates":[19.956683,50.103288]},"properties":{"d":"2026-06-30","r":"budynek wielorodzinny","z":"budowa","o":"postępowanie w sprawie zmiany decyzji nr 1190/6740.1/2023 z dnia 20.10.2023 r., znak: AU-01-1.6740.1.197.2023.ERM zatwierdzającej projekt…","p":5910}},{"type":"Feature","geometry":{"type":"Point","coordinates":[19.889203,50.088426]},"properties":{"d":"2026-06-30","r":"obiekt usługowy","z":"budowa","o":"Budowa budynku usługowego wraz z instalacjami wewnętrznymi na działkach nr 1013/1, 1013/2, 1015, 1016, 1017 obr. K34 jedn. ewid. Krowodrza,…","p":1750}},{"type":"Feature","geometry":{"type":"Point","coordinates":[19.899187,49.99467]},"properties":{"d":"2026-07-22","r":"budynek wielorodzinny","z":"budowa","o":"Budowa trzech budynków mieszkalnych wielorodzinnych 3F, 3E  A, 3E  B z usługami w części parterów budynków, z garażami podziemnymi,…","p":19060}},{"type":"Feature","geometry":{"type":"Point","coordinates":[19.928888,50.049326]},"properties":{"d":"2026-06-22","r":"budynek wielorodzinny","z":"budowa","o":"Budowa budynku mieszkalnego wielorodzinnego z garażem podziemnym wraz z zagospodarowaniem terenu i infrastrukturą techniczną (zewnętrzne…","p":1310}},{"type":"Feature","geometry":{"type":"Point","coordinates":[20.120883,50.048766]},"properties":{"d":"2026-07-21","r":"dom jednorodzinny","z":"budowa","o":"\"Budowa budynku mieszkalnego jednorodzinnego wraz z inst. wewnętrznymi: wody, kanalizacji sanitarnej, gazu, centralnego ogrzewania, energii…","p":980}},{"type":"Feature","geometry":{"type":"Point","coordinates":[19.948985,49.995439]},"properties":{"d":"2026-08-20","r":"dom jednorodzinny","z":"budowa","o":"Budowa budynku mieszkalnego jednorodzinnego wraz z infrastrukturą techniczną: instalacją elektryczną, wodno-kanalizacyjną, gazową,…","p":2420}},{"type":"Feature","geometry":{"type":"Point","coordinates":[20.149993,50.05835]},"properties":{"d":"2026-07-14","r":"dom jednorodzinny","z":"budowa","o":"Budowa budynku mieszkalnego jednorodzinnego dwulokalowego z naziemnymi miejscami postojowymi, infrastrukturą techniczną i komunikacyjną…","p":860}},{"type":"Feature","geometry":{"type":"Point","coordinates":[19.87823,50.010435]},"properties":{"d":"2026-08-18","r":"dom jednorodzinny","z":"budowa","o":"Budowa budynku mieszkalnego jednorodzinnego z wbudowanym garażem wraz z wewnętrznymi instalacjami : gazu, wody, kanalizacji sanitarnej,…","p":670}},{"type":"Feature","geometry":{"type":"Point","coordinates":[19.896999,50.004386]},"properties":{"d":"2026-08-28","r":"obiekt usługowy","z":"budowa","o":"Przebudowa i rozbudowa parkingu, wraz z budową budynku stróżówki oraz wiaty śmietnikowej, wraz z zewnętrznymi odcinkami wewnętrznych…","p":11680}},{"type":"Feature","geometry":{"type":"Point","coordinates":[19.942573,50.021826]},"properties":{"d":"2026-09-01","r":"dom jednorodzinny","z":"budowa","o":"Budowa budynku mieszkalnego jednorodzinnego, z jednym lokalem mieszkalnym i jednym lokalem usługowym o powierzchni nieprzekraczającej 30%…","p":210}},{"type":"Feature","geometry":{"type":"Point","coordinates":[20.198971,50.05406]},"properties":{"d":"2026-08-25","r":"dom jednorodzinny","z":"budowa","o":"ul. Biwakowa- Budowa budynku mieszkalnego jednorodzinnego wolnostojącego wraz z instalacjami wewnętrznymi w budynku (wod.-kan., gaz, c.o.,…","p":4990}},{"type":"Feature","geometry":{"type":"Point","coordinates":[19.88918,50.099282]},"properties":{"d":"2026-08-28","r":"obiekt usługowy","z":"budowa","o":"Budowa budynku usługowego z instalacjami wewnętrznymi wewnątrz budynku: wody, kanalizacji sanitarnej, kanalizacji technologicznej,…","p":1910}},{"type":"Feature","geometry":{"type":"Point","coordinates":[19.904299,50.111268]},"properties":{"d":"2026-07-29","r":"dom jednorodzinny","z":"budowa","o":"ul. Na Mostkach 8C - Budynek mieszkalny jednorodzinny, wraz z zewnętrzną instalacją elektryczną.","p":1340}},{"type":"Feature","geometry":{"type":"Point","coordinates":[20.166225,50.070574]},"properties":{"d":"2026-09-01","r":"inny","z":"budowa","o":"ul. Ziemska- Budowa budynku gospodarczego z wewnętrznymi instalacjami en. elektrycznej i wentylacji mechanicznej, z zewnętrzną instalacją…","p":1990}},{"type":"Feature","geometry":{"type":"Point","coordinates":[19.906335,50.018361]},"properties":{"d":"2026-08-17","r":"dom jednorodzinny","z":"rozbudowa","o":"Rozbudowa i przebudowa budynku mieszkalno jednorodzinnego polegająca na dobudowie klatki schodowej do części mieszkalnej na dz. nr 37/2…","p":1930}},{"type":"Feature","geometry":{"type":"Point","coordinates":[20.172783,50.111195]},"properties":{"d":"2026-09-01","r":"dom jednorodzinny","z":"budowa","o":"ul. Hektary- Budowa budynku mieszkalnego jednorodzinnego wraz z niezbędną infrastrukturą techniczną oraz zagospodarowaniem terenu na cz.…","p":1140}},{"type":"Feature","geometry":{"type":"Point","coordinates":[19.992723,50.10479]},"properties":{"d":"2026-08-10","r":"dom jednorodzinny","z":"budowa","o":"Budowa budynku mieszkalnego jednorodzinnego z instalacjami wewnętrznymi : wody, kanalizacji sanitarnej, energii elektrycznej, centralnego…","p":1070}},{"type":"Feature","geometry":{"type":"Point","coordinates":[19.885807,50.022426]},"properties":{"d":"2026-07-16","r":"obiekt usługowy","z":"budowa","o":"ul. Podole 79 - Centrum badawczo-rozwojowe Selvita SA w zakresie odkrywania i rozwoju leków, w którego skład wchodzą budowa budynku centrum…","p":10900}},{"type":"Feature","geometry":{"type":"Point","coordinates":[19.871949,49.999493]},"properties":{"d":"2026-06-29","r":"dom jednorodzinny","z":"budowa","o":"Budynek mieszkalny jednorodzinny wraz z zewnętrznymi odcinkami wewnętrznych instalacji: prądu, wod-kan, szczelnym bezodpływowym zbiornikiem…","p":710}},{"type":"Feature","geometry":{"type":"Point","coordinates":[19.965076,49.999757]},"properties":{"d":"2026-08-28","r":"dom jednorodzinny","z":"budowa","o":"Budowa budynku mieszkalnego jednorodzinnego wraz z wewnętrznymi instalacjami: wodną, kanalizacyjną, c.o, elektryczną, gazową; instalacjami…","p":1520}},{"type":"Feature","geometry":{"type":"Point","coordinates":[20.20128,50.056294]},"properties":{"d":"2026-09-11","r":"dom jednorodzinny","z":"budowa","o":"Budowa budynku mieszkalnego jednorodzinnego z instalacjami wewnętrznymi: wody, kanalizacji, centralnego ogrzewania, wentylacji…","p":2020}},{"type":"Feature","geometry":{"type":"Point","coordinates":[19.92803,49.989116]},"properties":{"d":"2026-09-17","r":"dom jednorodzinny","z":"budowa","o":"ul. Lasogórska- Budowa budynku mieszkalnego jednorodzinnego dwulokalowego w zabudowie wolnostojącej wraz z instalacjami i zmianą…","p":3080}},{"type":"Feature","geometry":{"type":"Point","coordinates":[20.107035,50.11248]},"properties":{"d":"2026-08-04","r":"dom jednorodzinny","z":"budowa","o":"Budowa dwóch budynków mieszkalnych jednorodzinnych dwulokalowych, z instalacjami wewnętrznymi: wody, kanalizacji sanitarnej, energii…","p":1200}},{"type":"Feature","geometry":{"type":"Point","coordinates":[20.107691,50.112083]},"properties":{"d":"2026-08-04","r":"dom jednorodzinny","z":"budowa","o":"Budowa budynku mieszkalnego jednorodzinnego dwulokalowego w zabudowie wolnostojącej, z instalacjami wewnętrznymi: wody, kanalizacji…","p":2560}},{"type":"Feature","geometry":{"type":"Point","coordinates":[20.106999,50.111822]},"properties":{"d":"2026-08-04","r":"dom jednorodzinny","z":"budowa","o":"Budowa trzech budynków mieszkalnych jednorodzinnych dwulokalowych w zabudowie wolnostojącej, z instalacjami wewnętrznymi: wody, kanalizacji…","p":1800}},{"type":"Feature","geometry":{"type":"Point","coordinates":[19.963731,49.973059]},"properties":{"d":"2026-09-10","r":"inny","z":"budowa","o":"Budowa budynku gospodarczego wraz z przebudową zewnętrznego odcinka instalacji kanalizacji deszczowej dz. nr 152/5, obr. 110, j.ew.…","p":2650}},{"type":"Feature","geometry":{"type":"Point","coordinates":[19.835495,50.073439]},"properties":{"d":"2026-07-09","r":"inny","z":"budowa","o":"Budowa budynku garażu na dz. nr 213 i 214 obr. K-51, przy ul. Jadwigi Majówny 29 w Krakowie","p":3880}},{"type":"Feature","geometry":{"type":"Point","coordinates":[20.0071,50.057479]},"properties":{"d":"2026-08-17","r":"obiekt usługowy","z":"budowa","o":"Budowa obiektu handlowo-usługowego, z instalacjami wewnętrznymi: (), zewnętrznymi odcinkami instalacji wewnętrznych: () energii…","p":46150}},{"type":"Feature","geometry":{"type":"Point","coordinates":[20.059734,50.062825]},"properties":{"d":"2026-09-16","r":"dom jednorodzinny","z":"budowa","o":"Budowa budynku mieszkalnego, jednorodzinnego z wbudowanym garażem, z instalacjami wewnętrznymi: wodociągową, kanalizacyjną, centralnego…","p":1980}},{"type":"Feature","geometry":{"type":"Point","coordinates":[19.979088,50.02254]},"properties":{"d":"2026-07-27","r":"dom jednorodzinny","z":"budowa","o":"ul. Niedzicka - Budowa dwóch budynków mieszkalnych jednorodzinnych dwulokalowych w zabudowie bliźniaczej (budynki a i b) wraz z niezbędną…","p":2010}},{"type":"Feature","geometry":{"type":"Point","coordinates":[20.124916,50.047716]},"properties":{"d":"2026-09-04","r":"dom jednorodzinny","z":"budowa","o":"ul. Rumiankowa- Budowa budynku mieszkalnego jednorodzinnego z instalacjami wewnętrznymi : wody, kanalizacji sanitarnej, energii…","p":3660}},{"type":"Feature","geometry":{"type":"Point","coordinates":[20.120988,50.04817]},"properties":{"d":"2026-09-04","r":"dom jednorodzinny","z":"budowa","o":"ul. Kłosowa- Budowa budynku mieszkalnego jednorodzinnego z instalacjami wewnętrznymi : wody, kanalizacji sanitarnej, energii elektrycznej,…","p":890}},{"type":"Feature","geometry":{"type":"Point","coordinates":[19.999112,50.100035]},"properties":{"d":"2026-09-07","r":"inny","z":"budowa","o":"Budowa obiektów małej architektury (1 szt. duża tablica, 1 szt. ławka, 1szt. stojak na rowery, 1szt. kosz na śmieci dobrane z katalogu…","p":25820}},{"type":"Feature","geometry":{"type":"Point","coordinates":[19.934417,49.983254]},"properties":{"d":"2026-09-11","r":"dom jednorodzinny","z":"budowa","o":"Budowa budynku mieszkalnego jednorodzinnego wraz z garażem wbudowanym, instalacjami wewnętrznymi i zewnętrznymi oraz zagospodarowaniem…","p":2500}},{"type":"Feature","geometry":{"type":"Point","coordinates":[19.963975,50.081294]},"properties":{"d":"2026-08-28","r":"inny","z":"nadbudowa","o":"Nadbudowa i przebudowa części budynku mieszkalnego jednorodzinnego (z rozwinięciem istniejących instalacji wewnętrznych: energii…","p":250}},{"type":"Feature","geometry":{"type":"Point","coordinates":[19.945599,50.082235]},"properties":{"d":"2026-09-08","r":"budynek mieszkalno-usługowy","z":"budowa","o":"ul. Żabiniec - Zmiana pozwolenia na budowę nr dec.: 277/6740.1/2025 z dnia 27.03.2025 r. znak sprawy: AU-01-2.6740.1.198.2024.AFA. AU-01-2.","p":8690}},{"type":"Feature","geometry":{"type":"Point","coordinates":[20.079027,50.09832]},"properties":{"d":"2026-08-13","r":"dom jednorodzinny","z":"budowa","o":"ul. Franciszka Stefczyka- Budowa budynku mieszkalnego jednorodzinnego wraz z wewnętrzną instalacją wentylacji mechanicznej oraz z…","p":1340}},{"type":"Feature","geometry":{"type":"Point","coordinates":[20.046377,50.045484]},"properties":{"d":"2026-08-06","r":"dom jednorodzinny","z":"rozbudowa","o":"Rozbudowa budynku mieszkalnego jednorodzinnego, obr. 23, Nr dz. 126/32, j.ew. Podgórze przy ul. Półłanki 55 w Krakowie.","p":1200}},{"type":"Feature","geometry":{"type":"Point","coordinates":[19.867039,50.032072]},"properties":{"d":"2026-07-17","r":"dom jednorodzinny","z":"budowa","o":"ul. Tyniecka - Budowa budynku mieszkalnego jednorodzinnego wraz z instalacjami wewnętrznymi: wody, kanalizacji sanitarnej, energii…","p":740}},{"type":"Feature","geometry":{"type":"Point","coordinates":[19.887878,50.033382]},"properties":{"d":"2026-07-17","r":"dom jednorodzinny","z":"budowa","o":"ul. Rodzinna - Wniosek o wydanie dec. o zmianie pozwolenia na budowę nr: 574/6740.1/2025 z dnia 08.07.2025 r. sygn.:…","p":600}},{"type":"Feature","geometry":{"type":"Point","coordinates":[20.053952,50.106896]},"properties":{"d":"2026-09-16","r":"dom jednorodzinny","z":"budowa","o":"Budowa budynku mieszkalnego jednorodzinnego wolno stojącego B z wewnętrznymi instalacjami wod- kan, c.o., elektryczną, went. mech. wraz z…","p":1230}},{"type":"Feature","geometry":{"type":"Point","coordinates":[19.847401,50.076315]},"properties":{"d":"2026-09-16","r":"dom jednorodzinny","z":"budowa","o":"Budowa budynku mieszkalnego jednorodzinnego, wolnostojącego z instalacjami wewnętrznymi: elektryczną, wod.-kan., c.o. gazową, oraz…","p":890}},{"type":"Feature","geometry":{"type":"Point","coordinates":[19.936139,50.008037]},"properties":{"d":"2026-09-10","r":"dom jednorodzinny","z":"budowa","o":"budowa budynku mieszkalnego jednorodzinnego dwulokalowego wraz z instalacjami wewnętrznymi: wodną, kanalizacyjną, gazową, C.O., wentylacji…","p":3390}},{"type":"Feature","geometry":{"type":"Point","coordinates":[20.06846,50.107024]},"properties":{"d":"2026-09-09","r":"dom jednorodzinny","z":"budowa","o":"Budowa czterech budynków mieszkalnych jednorodzinnych w zabudowie bliźniaczej wraz z instalacjami wewnętrznymi: wod-kan, gaz, c.o.,…","p":4880}},{"type":"Feature","geometry":{"type":"Point","coordinates":[19.942179,50.032173]},"properties":{"d":"2026-07-21","r":"budynek wielorodzinny","z":"budowa","o":"Budowa budynku mieszkalnego wielorodzinnego z usługami w parterze, garażem podziemnym wielostanowiskowym, instalacjami wewnętrznymi, wraz z…","p":13040}},{"type":"Feature","geometry":{"type":"Point","coordinates":[20.123256,50.053169]},"properties":{"d":"2026-05-19","r":"dom jednorodzinny","z":"budowa","o":"ul. Kąkolowa - Budowa 5 budynków mieszkalnych jednorodzinnych wolnostojących ( budynek M1-M5) z wewnętrznymi instalacjami: elektryczną,…","p":5280}},{"type":"Feature","geometry":{"type":"Point","coordinates":[19.972184,50.078608]},"properties":{"d":"2026-09-02","r":"budynek wielorodzinny","z":"rozbudowa","o":"ul. Widna 8 - Rozbudowa budynku mieszkalnego wielorodzinnego o niskiej intensywności (4 lokale) z usługami w kondygnacji przyziemia (2…","p":290}},{"type":"Feature","geometry":{"type":"Point","coordinates":[20.053376,50.106958]},"properties":{"d":"2026-09-16","r":"dom jednorodzinny","z":"budowa","o":"Budowa budynku mieszkalnego jednorodzinnego wolno stojącego C z wewnętrznymi instalacjami wod- kan, c.o., elektryczną, went. mech. wraz z…","p":1270}},{"type":"Feature","geometry":{"type":"Point","coordinates":[19.99371,50.039759]},"properties":{"d":"2026-09-11","r":"budynek wielorodzinny","z":"budowa","o":"Budowa zespołu trzech budynków mieszkalnych wielorodzinnych z garażami podziemnymi, lokalami usługowymi, instalacjami wewnętrznymi (w tym z…","p":16770}},{"type":"Feature","geometry":{"type":"Point","coordinates":[19.966917,50.091148]},"properties":{"d":"2026-09-07","r":"dom jednorodzinny","z":"budowa","o":"ul. Sudolska 24- Budowa budynku mieszkalnego jednorodzinnego wraz z wewnętrznymi instalacjami ( wod.- kan., prąd, c.o., went. mechaniczna)…","p":590}},{"type":"Feature","geometry":{"type":"Point","coordinates":[20.002479,50.09276]},"properties":{"d":"2026-09-14","r":"inny","z":"rozbudowa","o":"Rozbudowa, przebudowa i nadbudowa zespołu szkół poligraficzno- medialnych w zakresie części warsztatowej z instalacjami wewnętrznymi (woda,…","p":13460}},{"type":"Feature","geometry":{"type":"Point","coordinates":[19.893806,49.981468]},"properties":{"d":"2026-08-11","r":"dom jednorodzinny","z":"budowa","o":"Zmiana pozwolenia na budowę dla inwestycji pn: Budowa trzech budynków mieszkalnych jednorodzinnych dwulokalowych (bud. 1, 2, 3) i jednego…","p":10430}},{"type":"Feature","geometry":{"type":"Point","coordinates":[19.951487,50.045681]},"properties":{"d":"2026-09-15","r":"inny","z":"budowa","o":"Wyburzenie istniejącego muru granicznego, budowa muru granicznego z zachowaniem zasadniczych elementów gabarytu i kształtu części…","p":2620}},{"type":"Feature","geometry":{"type":"Point","coordinates":[20.009496,50.058684]},"properties":{"d":"2026-09-01","r":"inny","z":"budowa","o":"Budowa tymczasowej hali namiotowej dla celów ekspozycyjno-targowych w strefie autora na działce nr 216/309 obr. 54 jedn..ewid. Nowa Huta…","p":24190}},{"type":"Feature","geometry":{"type":"Point","coordinates":[19.869684,50.004944]},"properties":{"d":"2026-08-21","r":"dom jednorodzinny","z":"budowa","o":"Budowa budynku mieszkalnego jednorodzinnego wraz z instalacjami wewnętrznymi: energii elektrycznej, wody, kanalizacji sanitarnej, c.o.,…","p":5030}},{"type":"Feature","geometry":{"type":"Point","coordinates":[20.184421,50.092775]},"properties":{"d":"2026-09-18","r":"dom jednorodzinny","z":"budowa","o":"zmiana decyzji pozwolenia na budowę nr 193/6740.1/2024 z dnia 06.03.2024 r. znak sprawy AU-01-3.6740.1.306.2023.AGR dla inwestycji pn.:…","p":3760}},{"type":"Feature","geometry":{"type":"Point","coordinates":[19.931009,50.084348]},"properties":{"d":"2026-07-13","r":"inny","z":"budowa","o":"Budowa budynku mieszkalnego wielorodzinnego wraz z garażem podziemnym, wewnętrznymi instalacjami (wod-kan, c.o, elektr,. went. mech.…","p":10}},{"type":"Feature","geometry":{"type":"Point","coordinates":[19.807705,50.063492]},"properties":{"d":"2026-08-27","r":"obiekt usługowy","z":"budowa","o":"Budowa budynku usługowego z warsztatem wulkanizacji opon samochodów osobowych z zewnętrznymi odcinkami instalacji wewnętrznych: WLZ,…","p":1160}},{"type":"Feature","geometry":{"type":"Point","coordinates":[19.955122,50.060536]},"properties":{"d":"2026-09-02","r":"obiekt usługowy","z":"budowa","o":"ul. Jana i Jędrzeja Śniadeckich 12 - Wniosek o wydanie dec. o zmianie pozwolenia na budowę nr: 1174/6740.1/2025 z dnia 30.12.2025 r. znak…","p":30100}},{"type":"Feature","geometry":{"type":"Point","coordinates":[19.891515,49.999815]},"properties":{"d":"2026-08-27","r":"budynek wielorodzinny","z":"budowa","o":"Budowa budynku dwusegmentowego mieszkalnego, wielorodzinnego z garażami podziemnymi, instalacjami wewnętrznymi: elektryczną, wody,…","p":7950}},{"type":"Feature","geometry":{"type":"Point","coordinates":[19.894005,50.07972]},"properties":{"d":"2026-07-03","r":"budynek wielorodzinny","z":"nadbudowa","o":"Zmiana decyzji Prezydenta Miasta Krakowa o pozwoleniu na budowę Nr 574/6740.2/2022 z dnia 21.10.2022r. znak : AU-01-1.6740.2.273.2022.MUŁ,…","p":640}},{"type":"Feature","geometry":{"type":"Point","coordinates":[20.180374,50.113359]},"properties":{"d":"2026-09-09","r":"dom jednorodzinny","z":"budowa","o":"Budowa budynku mieszkalnego jednorodzinnego wolnostojącego wraz z instalacjami wod-kan., gaz, c.o. i elektryczną z wentylacją mechaniczną z…","p":700}},{"type":"Feature","geometry":{"type":"Point","coordinates":[19.943566,50.056312]},"properties":{"d":"2026-07-29","r":"budynek wielorodzinny","z":"budowa","o":"UL. SAREGO - Budowa budynku mieszkalnego wielorodzinnego tylnego (oficyna) z garażami wbudowanymi, z instalacjami wewnętrznymi:…","p":1340}},{"type":"Feature","geometry":{"type":"Point","coordinates":[19.910385,50.016988]},"properties":{"d":"2026-07-07","r":"dom jednorodzinny","z":"budowa","o":"Budowa zespołu 3 budynków mieszkalnych jednorodzinnych, dwulokalowych w zabudowie szeregowej z wbudowanymi garażami, z instalacjami…","p":10}},{"type":"Feature","geometry":{"type":"Point","coordinates":[19.92641,50.064812]},"properties":{"d":"2026-09-15","r":"obiekt publiczny","z":"budowa","o":"ul. Dolnych Młynów 10 - Wniosek o wydanie decyzji o zmianie pozwolenia na budowę nr 1855/6740.1/2020 z dnia 04.12.2020r. znak:…","p":18140}}]}