{"type":"FeatureCollection","metadane":{"nazwa":"Punkty Schronienia KG PSP – Kraków","znaczenie":"Punkty informacyjne doraźnej osłony; nie są potwierdzonymi schronami, ukryciami ani miejscami doraźnego schronienia w rozumieniu ustawy.","zrodlo":"https://gdziesieukryc.pl/PS_XML/punkty_schronienia.csv","katalog":"https://dane.gov.pl/pl/dataset/28058,punkty-schronienia-w-polsce","licencja":"CC BY 4.0","wydawca":"Komenda Główna Państwowej Straży Pożarnej","dataDanych":"2026-10-03","znaczenieDatyDanych":"Data nagłówka HTTP Last-Modified pobranego pliku CSV; nie oznacza daty weryfikacji każdego punktu.","pobrano":"2026-10-03","przetworzono":"Odfiltrowano rekordy Gmina=Kraków; zachowano publiczny identyfikator i współrzędne WGS84. Dostępność pochodzi z katalogu i nie gwarantuje wejścia.","sha256Zrodla":"eff840bdc63705c7977595851d2add4ffb02c1ef75b74fe2dd33867eda904b5a","liczbaWszystkich":86520,"liczbaKrakow":3008},"features":[{"type":"Feature","id":"OZO-745DE14AF8CC","geometry":{"type":"Point","coordinates":[19.892254471778873,50.07724455424909]},"properties":{"nazwa":"Miejsce ochronne","rodzajZrodla":"Obiekt ochrony ludności","adres":"ul. Stańczyka 18, Kraków","dostepnosc":"Całodobowa"}},{"type":"Feature","id":"OZO-35285B7598AF","geometry":{"type":"Point","coordinates":[19.9541687326597,50.0474189926773]},"properties":{"nazwa":"Miejsce ochronne","rodzajZrodla":"Obiekt ochrony ludności","adres":"ul. Solna 1, Kraków","dostepnosc":"Całodobowa"}},{"type":"Feature","id":"OZO-F437C12F662D","geometry":{"type":"Point","coordinates":[20.0273668043938,50.0139834169319]},"properties":{"nazwa":"Miejsce ochronne","rodzajZrodla":"Obiekt ochrony ludności","adres":"ul. Mała Góra 12, Kraków","dostepnosc":"Określone godziny"}},{"type":"Feature","id":"OZO-2CE96C1CC864","geometry":{"type":"Point","coordinates":[19.91389185190201,50.05746251856571]},"properties":{"nazwa":"Miejsce ochronne","rodzajZrodla":"Obiekt ochrony ludności","adres":"Aleja Marszałka Ferdinanda Focha 33, Kraków","dostepnosc":"Całodobowa"}},{"type":"Feature","id":"OZO-D6D44B240ACE","geometry":{"type":"Point","coordinates":[20.0181130861986,50.0638450845181]},"properties":{"nazwa":"Miejsce ochronne","rodzajZrodla":"Obiekt ochrony ludności","adres":"ul. Sołtysowska 12B, Kraków","dostepnosc":"Całodobowa"}},{"type":"Feature","id":"OZO-9D3A4BC24EFB","geometry":{"type":"Point","coordinates":[20.0125035885601,50.065298393213]},"properties":{"nazwa":"Miejsce ochronne","rodzajZrodla":"Obiekt ochrony ludności","adres":"ul. Sołtysowska 11, Kraków","dostepnosc":"Całodobowa"}},{"type":"Feature","id":"OZO-5BAD45CE62E8","geometry":{"type":"Point","coordinates":[19.961654953746155,50.09087683752121]},"properties":{"nazwa":"Miejsce ochronne","rodzajZrodla":"Obiekt ochrony ludności","adres":"ul. Józefa Łepkowskiego 9, Kraków","dostepnosc":"Na żądanie"}},{"type":"Feature","id":"OZO-EA295D6840A8","geometry":{"type":"Point","coordinates":[19.8968266245366,50.0852483249149]},"properties":{"nazwa":"Miejsce ochronne","rodzajZrodla":"Obiekt ochrony ludności","adres":"ul. Eliasza Radzikowskiego 65, Kraków","dostepnosc":"Na żądanie"}},{"type":"Feature","id":"OZO-6A0B9A13ACD1","geometry":{"type":"Point","coordinates":[20.017709111135,50.0842847802401]},"properties":{"nazwa":"Miejsce ochronne","rodzajZrodla":"Obiekt ochrony ludności","adres":"os. Osiedle Kościuszkowskie 2, Kraków","dostepnosc":"Określone godziny"}},{"type":"Feature","id":"OZO-CBEF554B017F","geometry":{"type":"Point","coordinates":[19.9075481244089,50.0179741295044]},"properties":{"nazwa":"Miejsce ochronne","rodzajZrodla":"Obiekt ochrony ludności","adres":"ul. Torfowa 10, Kraków","dostepnosc":"Całodobowa"}},{"type":"Feature","id":"OZO-27FEF1A07FF2","geometry":{"type":"Point","coordinates":[19.9392248613634,50.0421718270021]},"properties":{"nazwa":"Miejsce ochronne","rodzajZrodla":"Obiekt ochrony ludności","adres":"ul. Przedwiośnie 2A, Kraków","dostepnosc":"Całodobowa"}},{"type":"Feature","id":"OZO-0234A59BF745","geometry":{"type":"Point","coordinates":[19.9736597430012,50.0800002165363]},"properties":{"nazwa":"Miejsce ochronne","rodzajZrodla":"Obiekt ochrony ludności","adres":"ul. Pilotów 51, Kraków","dostepnosc":"Na żądanie"}},{"type":"Feature","id":"OZO-23BE319FE1D4","geometry":{"type":"Point","coordinates":[19.902965873479847,50.020357394124545]},"properties":{"nazwa":"Miejsce ochronne","rodzajZrodla":"Obiekt ochrony ludności","adres":"ul. Raciborska 15a, Kraków","dostepnosc":"Całodobowa"}},{"type":"Feature","id":"OZO-096A0B083BA4","geometry":{"type":"Point","coordinates":[20.0059964880375,50.0802555261553]},"properties":{"nazwa":"Miejsce ochronne","rodzajZrodla":"Obiekt ochrony ludności","adres":"os. Osiedle Avia 9, Kraków","dostepnosc":"Określone godziny"}},{"type":"Feature","id":"OZO-D2D1DA61E0D4","geometry":{"type":"Point","coordinates":[19.9049018908505,50.0818577696926]},"properties":{"nazwa":"Miejsce ochronne","rodzajZrodla":"Obiekt ochrony ludności","adres":"ul. Lucjana Rydla 50, Kraków","dostepnosc":"Całodobowa"}},{"type":"Feature","id":"OZO-A0E925D0DE66","geometry":{"type":"Point","coordinates":[20.015929641154,50.0848159443968]},"properties":{"nazwa":"Miejsce ochronne","rodzajZrodla":"Obiekt ochrony ludności","adres":"Osiedle Kościuszkowskie 1b, Kraków","dostepnosc":"Określone godziny"}},{"type":"Feature","id":"OZO-87B6DD3C6632","geometry":{"type":"Point","coordinates":[19.9014305628589,50.0838310124404]},"properties":{"nazwa":"Miejsce ochronne","rodzajZrodla":"Obiekt ochrony ludności","adres":"ul. Eliasza Radzikowskiego 47b, Kraków","dostepnosc":"Na żądanie"}},{"type":"Feature","id":"OZO-E7FC32787EE7","geometry":{"type":"Point","coordinates":[20.0481798643685,50.0225602488302]},"properties":{"nazwa":"Miejsce ochronne","rodzajZrodla":"Obiekt ochrony ludności","adres":"ul. Agatowa 33, Kraków","dostepnosc":"Całodobowa"}},{"type":"Feature","id":"OZO-DBB1A8970884","geometry":{"type":"Point","coordinates":[19.97719064354897,50.08807214971527]},"properties":{"nazwa":"Miejsce ochronne","rodzajZrodla":"Obiekt ochrony ludności","adres":"ul. Dobrego Pasterza 118F, Kraków","dostepnosc":"Na żądanie"}},{"type":"Feature","id":"OZO-586AEDAC013B","geometry":{"type":"Point","coordinates":[19.951102209987,50.0463719412606]},"properties":{"nazwa":"Miejsce ochronne","rodzajZrodla":"Obiekt ochrony ludności","adres":"ul. Piwna 7, Kraków","dostepnosc":"Całodobowa"}},{"type":"Feature","id":"OZO-C4AD1B50F8F9","geometry":{"type":"Point","coordinates":[20.0078631167727,50.0612717670211]},"properties":{"nazwa":"Miejsce ochronne","rodzajZrodla":"Obiekt ochrony ludności","adres":"ul. Galicyjska 3D, Kraków","dostepnosc":"Całodobowa"}},{"type":"Feature","id":"OZO-7FFCA0FF6CA2","geometry":{"type":"Point","coordinates":[19.933060435547,50.0566537631939]},"properties":{"nazwa":"Miejsce ochronne","rodzajZrodla":"Obiekt ochrony ludności","adres":"Plac Na Groblach 23, Kraków","dostepnosc":"Na żądanie"}},{"type":"Feature","id":"OZO-50E2514A003B","geometry":{"type":"Point","coordinates":[19.977382421493534,50.09520487505332]},"properties":{"nazwa":"Miejsce ochronne","rodzajZrodla":"Obiekt ochrony ludności","adres":"ul. Reduta 11B, Kraków","dostepnosc":"Na żądanie"}},{"type":"Feature","id":"OZO-D461F17D2AD4","geometry":{"type":"Point","coordinates":[19.9489585556185,50.0293113046005]},"properties":{"nazwa":"Miejsce ochronne","rodzajZrodla":"Obiekt ochrony ludności","adres":"ul. Puszkarska 9a, Kraków","dostepnosc":"Określone godziny"}},{"type":"Feature","id":"OZO-E431B4E5C7AD","geometry":{"type":"Point","coordinates":[19.9052417370981,50.0204399181625]},"properties":{"nazwa":"Miejsce ochronne","rodzajZrodla":"Obiekt ochrony ludności","adres":"ul. Raciborska 7, Kraków","dostepnosc":"Całodobowa"}},{"type":"Feature","id":"OZO-94727256E1B6","geometry":{"type":"Point","coordinates":[19.89534437656403,50.069539310993264]},"properties":{"nazwa":"Miejsce ochronne","rodzajZrodla":"Obiekt ochrony ludności","adres":"ul. Stanisława Przybyszewskiego 64, Kraków","dostepnosc":"Całodobowa"}},{"type":"Feature","id":"OZO-84FAA33AC237","geometry":{"type":"Point","coordinates":[19.9626672955227,50.0195734186428]},"properties":{"nazwa":"Miejsce ochronne","rodzajZrodla":"Obiekt ochrony ludności","adres":"ul. Białoruska 63, Kraków","dostepnosc":"Całodobowa"}},{"type":"Feature","id":"OZO-5F9C25C2F117","geometry":{"type":"Point","coordinates":[20.015362501144413,50.06235971961396]},"properties":{"nazwa":"Miejsce ochronne","rodzajZrodla":"Obiekt ochrony ludności","adres":"ul. Sikorki 14, Kraków","dostepnosc":"Całodobowa"}},{"type":"Feature","id":"OZO-04D172DF827F","geometry":{"type":"Point","coordinates":[19.9914571871708,50.0186087292303]},"properties":{"nazwa":"Miejsce ochronne","rodzajZrodla":"Obiekt ochrony ludności","adres":"ul. Górników 70, Kraków","dostepnosc":"Całodobowa"}},{"type":"Feature","id":"OZO-E2C75916803F","geometry":{"type":"Point","coordinates":[19.9183783701638,50.0200023640811]},"properties":{"nazwa":"Miejsce ochronne","rodzajZrodla":"Obiekt ochrony ludności","adres":"ul. Zdunów 22c, Kraków","dostepnosc":"Całodobowa"}},{"type":"Feature","id":"OZO-34A7D0D0EB39","geometry":{"type":"Point","coordinates":[19.9096313670268,50.0185023415062]},"properties":{"nazwa":"Miejsce ochronne","rodzajZrodla":"Obiekt ochrony ludności","adres":"ul. Torfowa 11b, Kraków","dostepnosc":"Całodobowa"}},{"type":"Feature","id":"OZO-E9B7011AE371","geometry":{"type":"Point","coordinates":[19.9054601579265,50.0055054620402]},"properties":{"nazwa":"Miejsce ochronne","rodzajZrodla":"Obiekt ochrony ludności","adres":"ul. Borkowska 5, Kraków","dostepnosc":"Całodobowa"}},{"type":"Feature","id":"OZO-65BFBD2A2920","geometry":{"type":"Point","coordinates":[19.9167064599621,50.0253839330195]},"properties":{"nazwa":"Miejsce ochronne","rodzajZrodla":"Obiekt ochrony ludności","adres":"ul. Pszczelna 30, Kraków","dostepnosc":"Całodobowa"}},{"type":"Feature","id":"OZO-78438BF052CC","geometry":{"type":"Point","coordinates":[19.9321392643881,50.071212751824]},"properties":{"nazwa":"Miejsce ochronne","rodzajZrodla":"Obiekt ochrony ludności","adres":"ul. św.Teresy 10, Kraków","dostepnosc":"Na żądanie"}},{"type":"Feature","id":"OZO-ACC04D571B04","geometry":{"type":"Point","coordinates":[19.9933364777661,50.0754732621528]},"properties":{"nazwa":"Miejsce ochronne","rodzajZrodla":"Obiekt ochrony ludności","adres":"Aleja Jana Pawła II 35, Kraków","dostepnosc":"Na żądanie"}},{"type":"Feature","id":"OZO-F609449683D5","geometry":{"type":"Point","coordinates":[19.896008223295212,50.08453894954426]},"properties":{"nazwa":"Miejsce ochronne","rodzajZrodla":"Obiekt ochrony ludności","adres":"ul. Eliasza Radzikowskiego 67, Kraków","dostepnosc":"Na żądanie"}},{"type":"Feature","id":"OZO-0A611077288A","geometry":{"type":"Point","coordinates":[19.8900836519385,50.0117449089939]},"properties":{"nazwa":"Miejsce ochronne","rodzajZrodla":"Obiekt ochrony ludności","adres":"ul. dr. Jana Piltza 33, Kraków","dostepnosc":"Całodobowa"}},{"type":"Feature","id":"OZO-6451DBE5889B","geometry":{"type":"Point","coordinates":[19.8902060277249,50.013843569911]},"properties":{"nazwa":"Miejsce ochronne","rodzajZrodla":"Obiekt ochrony ludności","adres":"ul. dr. Jana Piltza 41, Kraków","dostepnosc":"Całodobowa"}},{"type":"Feature","id":"OZO-082DEFABD31C","geometry":{"type":"Point","coordinates":[19.8902773577209,50.0143582606755]},"properties":{"nazwa":"Miejsce ochronne","rodzajZrodla":"Obiekt ochrony ludności","adres":"ul. dr. Jana Piltza 43, Kraków","dostepnosc":"Całodobowa"}},{"type":"Feature","id":"OZO-7F182F9B5FD2","geometry":{"type":"Point","coordinates":[19.8924465320546,50.0133719616174]},"properties":{"nazwa":"Miejsce ochronne","rodzajZrodla":"Obiekt ochrony ludności","adres":"ul. dr. Jana Piltza 44A, Kraków","dostepnosc":"Całodobowa"}},{"type":"Feature","id":"OZO-88A589EFCDB3","geometry":{"type":"Point","coordinates":[19.8911065250376,50.0143489595726]},"properties":{"nazwa":"Miejsce ochronne","rodzajZrodla":"Obiekt ochrony ludności","adres":"ul. dr. Jana Piltza 48, Kraków","dostepnosc":"Całodobowa"}},{"type":"Feature","id":"OZO-6C61279B8D51","geometry":{"type":"Point","coordinates":[19.9146034847547,50.0812045252329]},"properties":{"nazwa":"Miejsce ochronne","rodzajZrodla":"Obiekt ochrony ludności","adres":"ul. Tytusa Czyżewskiego 1, Kraków","dostepnosc":"Całodobowa"}},{"type":"Feature","id":"OZO-9CD7A6FF1A60","geometry":{"type":"Point","coordinates":[19.9371041999997,50.0329025999992]},"properties":{"nazwa":"Miejsce ochronne","rodzajZrodla":"Obiekt ochrony ludności","adres":"ul. Rzemieślnicza 1, Kraków","dostepnosc":"Określone godziny"}},{"type":"Feature","id":"OZO-63BFCDF50D18","geometry":{"type":"Point","coordinates":[20.0142090976471,50.0092981917126]},"properties":{"nazwa":"Miejsce ochronne","rodzajZrodla":"Obiekt ochrony ludności","adres":"ul. Podłęska 9, Kraków","dostepnosc":"Całodobowa"}},{"type":"Feature","id":"OZO-6F131B95BE66","geometry":{"type":"Point","coordinates":[19.940585196018223,50.091732428722935]},"properties":{"nazwa":"Miejsce ochronne","rodzajZrodla":"Obiekt ochrony ludności","adres":"ul. Papiernicza 3, Kraków","dostepnosc":"Na żądanie"}},{"type":"Feature","id":"OZO-7DF3388B766C","geometry":{"type":"Point","coordinates":[19.9234444031318,50.0414558849149]},"properties":{"nazwa":"Miejsce ochronne","rodzajZrodla":"Obiekt ochrony ludności","adres":"ul. Kapelanka 6a, Kraków","dostepnosc":"Całodobowa"}},{"type":"Feature","id":"OZO-062535D76BC3","geometry":{"type":"Point","coordinates":[19.9730285967947,50.0472126066595]},"properties":{"nazwa":"Miejsce ochronne","rodzajZrodla":"Obiekt ochrony ludności","adres":"ul. Stanisława Klimeckiego 8A, Kraków","dostepnosc":"Całodobowa"}},{"type":"Feature","id":"OZO-4148B5F6A43B","geometry":{"type":"Point","coordinates":[19.904651641845707,50.07651815209533]},"properties":{"nazwa":"Miejsce ochronne","rodzajZrodla":"Obiekt ochrony ludności","adres":"ul. Bronowicka 9, Kraków","dostepnosc":"Całodobowa"}},{"type":"Feature","id":"OZO-F4BBDA1FA732","geometry":{"type":"Point","coordinates":[19.9488039209012,50.0092591969084]},"properties":{"nazwa":"Miejsce ochronne","rodzajZrodla":"Obiekt ochrony ludności","adres":"ul. Franciszka Bujaka 14A, Kraków","dostepnosc":"Całodobowa"}},{"type":"Feature","id":"OZO-5371C075C676","geometry":{"type":"Point","coordinates":[19.8962680715584,50.0143971527062]},"properties":{"nazwa":"Miejsce ochronne","rodzajZrodla":"Obiekt ochrony ludności","adres":"ul. Lubostroń 15, Kraków","dostepnosc":"Określone godziny"}},{"type":"Feature","id":"OZO-D68F1BC3FF43","geometry":{"type":"Point","coordinates":[19.9566022679008,50.1019324688715]},"properties":{"nazwa":"Miejsce ochronne","rodzajZrodla":"Obiekt ochrony ludności","adres":"ul. Stefana Banacha 39, Kraków","dostepnosc":"Na żądanie"}},{"type":"Feature","id":"OZO-D8906FDADEBD","geometry":{"type":"Point","coordinates":[19.8938134312135,50.0151264621015]},"properties":{"nazwa":"Miejsce ochronne","rodzajZrodla":"Obiekt ochrony ludności","adres":"ul. Lubostroń 21, Kraków","dostepnosc":"Całodobowa"}},{"type":"Feature","id":"OZO-5AF8AFBD9FB2","geometry":{"type":"Point","coordinates":[20.0269498212521,50.092752043745]},"properties":{"nazwa":"Miejsce ochronne","rodzajZrodla":"Obiekt ochrony ludności","adres":"ul. Fatimska 61, Kraków","dostepnosc":"Na żądanie"}},{"type":"Feature","id":"OZO-90B42F8EB47B","geometry":{"type":"Point","coordinates":[19.896142762106,50.0136696873296]},"properties":{"nazwa":"Miejsce ochronne","rodzajZrodla":"Obiekt ochrony ludności","adres":"ul. Lubostroń 15A, Kraków","dostepnosc":"Całodobowa"}},{"type":"Feature","id":"OZO-D343854C6453","geometry":{"type":"Point","coordinates":[19.9278764002646,50.0120134069005]},"properties":{"nazwa":"Miejsce ochronne","rodzajZrodla":"Obiekt ochrony ludności","adres":"ul. Zakopiańska 117J, Kraków","dostepnosc":"Określone godziny"}},{"type":"Feature","id":"OZO-3991D6D84D02","geometry":{"type":"Point","coordinates":[19.9078405946331,50.0853422080539]},"properties":{"nazwa":"Miejsce ochronne","rodzajZrodla":"Obiekt ochrony ludności","adres":"ul. Zygmuntowska 12, Kraków","dostepnosc":"Całodobowa"}},{"type":"Feature","id":"OZO-9AD17F9E672A","geometry":{"type":"Point","coordinates":[19.9365336447659,50.0607328582838]},"properties":{"nazwa":"Miejsce ochronne","rodzajZrodla":"Obiekt ochrony ludności","adres":"ul. Bracka 2, Kraków","dostepnosc":"Na żądanie"}},{"type":"Feature","id":"OZO-B4B27796D601","geometry":{"type":"Point","coordinates":[19.9264655541286,50.1036516810319]},"properties":{"nazwa":"Miejsce ochronne","rodzajZrodla":"Obiekt ochrony ludności","adres":"ul. Zygmunta Glogera 53, Kraków","dostepnosc":"Na żądanie"}},{"type":"Feature","id":"OZO-3D240F5ED255","geometry":{"type":"Point","coordinates":[19.8924858850974,50.0795210244724]},"properties":{"nazwa":"Miejsce ochronne","rodzajZrodla":"Obiekt ochrony ludności","adres":"ul. SołtysaDytmara 3, Kraków","dostepnosc":"Całodobowa"}},{"type":"Feature","id":"OZO-F0D314CA734D","geometry":{"type":"Point","coordinates":[19.9652062999997,50.0573610999991]},"properties":{"nazwa":"Miejsce ochronne","rodzajZrodla":"Obiekt ochrony ludności","adres":"ul. Grzegórzecka 76B, Kraków","dostepnosc":"Całodobowa"}},{"type":"Feature","id":"OZO-E0304A4B1445","geometry":{"type":"Point","coordinates":[19.989072339467835,50.09424227966812]},"properties":{"nazwa":"Miejsce ochronne","rodzajZrodla":"Obiekt ochrony ludności","adres":"Osiedle Oświecenia 58, Kraków","dostepnosc":"Na żądanie"}},{"type":"Feature","id":"OZO-BFAB80BC12B1","geometry":{"type":"Point","coordinates":[19.9759194447076,50.0690032790181]},"properties":{"nazwa":"Miejsce ochronne","rodzajZrodla":"Obiekt ochrony ludności","adres":"ul. płk. pil. Stefana Łaszkiewicza 2, Kraków","dostepnosc":"Na żądanie"}},{"type":"Feature","id":"OZO-6DA0C5B8B833","geometry":{"type":"Point","coordinates":[19.904365,50.0774483333333]},"properties":{"nazwa":"Miejsce ochronne","rodzajZrodla":"Obiekt ochrony ludności","adres":"ul. Bartosza Głowackiego 10b, Kraków","dostepnosc":"Całodobowa"}},{"type":"Feature","id":"OZO-A02BF2973F64","geometry":{"type":"Point","coordinates":[19.9847372999997,50.0433712999992]},"properties":{"nazwa":"Miejsce ochronne","rodzajZrodla":"Obiekt ochrony ludności","adres":"ul. Saska 2, Kraków","dostepnosc":"Całodobowa"}},{"type":"Feature","id":"OZO-F3C45ED14F3B","geometry":{"type":"Point","coordinates":[19.9507021999997,50.0595863999991]},"properties":{"nazwa":"Miejsce ochronne","rodzajZrodla":"Obiekt ochrony ludności","adres":"ul. św.Łazarza 13, Kraków","dostepnosc":"Całodobowa"}},{"type":"Feature","id":"OZO-21E32B75E412","geometry":{"type":"Point","coordinates":[19.9829084666161,50.0187015459774]},"properties":{"nazwa":"Miejsce ochronne","rodzajZrodla":"Obiekt ochrony ludności","adres":"ul. Na Kozłówce 27, Kraków","dostepnosc":"Całodobowa"}},{"type":"Feature","id":"OZO-BE2A3F8CE5BB","geometry":{"type":"Point","coordinates":[19.9218466422747,50.0406619654193]},"properties":{"nazwa":"Miejsce ochronne","rodzajZrodla":"Obiekt ochrony ludności","adres":"ul. Ceglarska 14, Kraków","dostepnosc":"Całodobowa"}},{"type":"Feature","id":"OZO-3A4B0027D630","geometry":{"type":"Point","coordinates":[19.9322986278696,50.0341652612746]},"properties":{"nazwa":"Miejsce ochronne","rodzajZrodla":"Obiekt ochrony ludności","adres":"ul. Tadeusza Szafrana 5B, Kraków","dostepnosc":"Całodobowa"}},{"type":"Feature","id":"OZO-81E960FCCEB8","geometry":{"type":"Point","coordinates":[20.0052883808399,50.0816249577486]},"properties":{"nazwa":"Miejsce ochronne","rodzajZrodla":"Obiekt ochrony ludności","adres":"ul. Bolesława Orlińskiego 9B, Kraków","dostepnosc":"Na żądanie"}},{"type":"Feature","id":"OZO-F2F812691B29","geometry":{"type":"Point","coordinates":[19.9054555549241,50.0147361804677]},"properties":{"nazwa":"Miejsce ochronne","rodzajZrodla":"Obiekt ochrony ludności","adres":"ul. Obozowa 33, Kraków","dostepnosc":"Całodobowa"}},{"type":"Feature","id":"OZO-32427B7E3284","geometry":{"type":"Point","coordinates":[19.9971290212111,50.0220207870109]},"properties":{"nazwa":"Miejsce ochronne","rodzajZrodla":"Obiekt ochrony ludności","adres":"ul. Nad Potokiem 6, Kraków","dostepnosc":"Całodobowa"}},{"type":"Feature","id":"OZO-A27E08008C61","geometry":{"type":"Point","coordinates":[19.9665110185586,50.0355157768519]},"properties":{"nazwa":"Miejsce ochronne","rodzajZrodla":"Obiekt ochrony ludności","adres":"ul. Jerozolimska 2, Kraków","dostepnosc":"Całodobowa"}},{"type":"Feature","id":"OZO-A9476471B085","geometry":{"type":"Point","coordinates":[19.88705635070801,50.08411212546241]},"properties":{"nazwa":"Miejsce ochronne","rodzajZrodla":"Obiekt ochrony ludności","adres":"ul. Kompozytorów 3, Kraków","dostepnosc":"Całodobowa"}},{"type":"Feature","id":"OZO-6BE98D59F9FA","geometry":{"type":"Point","coordinates":[19.9519645608738,50.0150473788451]},"properties":{"nazwa":"Miejsce ochronne","rodzajZrodla":"Obiekt ochrony ludności","adres":"ul. Gołaśka 3, Kraków","dostepnosc":"Całodobowa"}},{"type":"Feature","id":"OZO-4E880DE33373","geometry":{"type":"Point","coordinates":[19.8955625308458,50.0320209952267]},"properties":{"nazwa":"Miejsce ochronne","rodzajZrodla":"Obiekt ochrony ludności","adres":"ul. Filipa Pokutyńskiego 10, Kraków","dostepnosc":"Określone godziny"}},{"type":"Feature","id":"OZO-35AC49BEAB88","geometry":{"type":"Point","coordinates":[19.917735457420353,50.080628548128374]},"properties":{"nazwa":"Miejsce ochronne","rodzajZrodla":"Obiekt ochrony ludności","adres":"ul. Wrocławska 80, Kraków","dostepnosc":"Całodobowa"}},{"type":"Feature","id":"OZO-FF9A5129B281","geometry":{"type":"Point","coordinates":[19.9325848535867,50.0248336552878]},"properties":{"nazwa":"Miejsce ochronne","rodzajZrodla":"Obiekt ochrony ludności","adres":"ul. Ciesielska 13, Kraków","dostepnosc":"Całodobowa"}},{"type":"Feature","id":"OZO-5DBBC62AD82C","geometry":{"type":"Point","coordinates":[19.9493008999997,50.0269072999992]},"properties":{"nazwa":"Miejsce ochronne","rodzajZrodla":"Obiekt ochrony ludności","adres":"ul. Puszkarska 7f, Kraków","dostepnosc":"Określone godziny"}},{"type":"Feature","id":"OZO-2197E5A06018","geometry":{"type":"Point","coordinates":[19.86740112304688,50.0468260875706]},"properties":{"nazwa":"Miejsce ochronne","rodzajZrodla":"Obiekt ochrony ludności","adres":"ul. KsięciaJózefa 104A, Kraków","dostepnosc":"Całodobowa"}},{"type":"Feature","id":"OZO-8B3D76005A55","geometry":{"type":"Point","coordinates":[19.9352596849736,50.035701896556]},"properties":{"nazwa":"Miejsce ochronne","rodzajZrodla":"Obiekt ochrony ludności","adres":"ul. Rydlówka 19, Kraków","dostepnosc":"Całodobowa"}},{"type":"Feature","id":"OZO-4F4E84D603BF","geometry":{"type":"Point","coordinates":[20.0583452091367,50.0971430181655]},"properties":{"nazwa":"Miejsce ochronne","rodzajZrodla":"Obiekt ochrony ludności","adres":"Osiedle Na Stoku 10B, Kraków","dostepnosc":"Na żądanie"}},{"type":"Feature","id":"OZO-88CA48C9E397","geometry":{"type":"Point","coordinates":[19.90510396401,50.0675756162587]},"properties":{"nazwa":"Miejsce ochronne","rodzajZrodla":"Obiekt ochrony ludności","adres":"ul. Józefa Rostafińskiego 2, Kraków","dostepnosc":"Całodobowa"}},{"type":"Feature","id":"OZO-1E391F844C8B","geometry":{"type":"Point","coordinates":[19.8340041934671,50.0619254354676]},"properties":{"nazwa":"Miejsce ochronne","rodzajZrodla":"Obiekt ochrony ludności","adres":"ul. Za Skłonem 6c, Kraków","dostepnosc":"Całodobowa"}},{"type":"Feature","id":"OZO-3E34529F4376","geometry":{"type":"Point","coordinates":[19.9499888624763,50.0532505009571]},"properties":{"nazwa":"Miejsce ochronne","rodzajZrodla":"Obiekt ochrony ludności","adres":"ul. Halicka 5, Kraków","dostepnosc":"Na żądanie"}},{"type":"Feature","id":"OZO-EC4565ED5073","geometry":{"type":"Point","coordinates":[19.8877654083133,50.0807588297054]},"properties":{"nazwa":"Miejsce ochronne","rodzajZrodla":"Obiekt ochrony ludności","adres":"ul. Armii Krajowej 93, Kraków","dostepnosc":"Całodobowa"}},{"type":"Feature","id":"OZO-D9216B7EF101","geometry":{"type":"Point","coordinates":[19.9901061598165,50.0666323770148]},"properties":{"nazwa":"Miejsce ochronne","rodzajZrodla":"Obiekt ochrony ludności","adres":"ul. Stanisława Lema 15B, Kraków","dostepnosc":"Na żądanie"}},{"type":"Feature","id":"OZO-C910713D2AB3","geometry":{"type":"Point","coordinates":[19.870418608188633,50.06615109098792]},"properties":{"nazwa":"Miejsce ochronne","rodzajZrodla":"Obiekt ochrony ludności","adres":"ul. Krańcowa 6, Kraków","dostepnosc":"Całodobowa"}},{"type":"Feature","id":"OZO-6580B09AAFE8","geometry":{"type":"Point","coordinates":[19.8905757534739,50.0117321265916]},"properties":{"nazwa":"Miejsce ochronne","rodzajZrodla":"Obiekt ochrony ludności","adres":"ul. dr. Jana Piltza 34, Kraków","dostepnosc":"Całodobowa"}},{"type":"Feature","id":"OZO-7CA6F770A7C4","geometry":{"type":"Point","coordinates":[19.9514749643321,50.0469807287088]},"properties":{"nazwa":"Miejsce ochronne","rodzajZrodla":"Obiekt ochrony ludności","adres":"ul. Nadwiślańska 11, Kraków","dostepnosc":"Całodobowa"}},{"type":"Feature","id":"OZO-19F82DC41830","geometry":{"type":"Point","coordinates":[20.0065792817653,50.0060597574366]},"properties":{"nazwa":"Miejsce ochronne","rodzajZrodla":"Obiekt ochrony ludności","adres":"ul. Ludwika Rydygiera 18, Kraków","dostepnosc":"Całodobowa"}},{"type":"Feature","id":"OZO-7DB3707081D1","geometry":{"type":"Point","coordinates":[19.9530902341928,50.0712032702242]},"properties":{"nazwa":"Miejsce ochronne","rodzajZrodla":"Obiekt ochrony ludności","adres":"ul. Rakowicka 22H, Kraków","dostepnosc":"Na żądanie"}},{"type":"Feature","id":"OZO-B19F87CB92FA","geometry":{"type":"Point","coordinates":[19.92306768894196,50.07951492035681]},"properties":{"nazwa":"Miejsce ochronne","rodzajZrodla":"Obiekt ochrony ludności","adres":"ul. Wrocławska 53, Kraków","dostepnosc":"Całodobowa"}},{"type":"Feature","id":"OZO-C765299CCE0A","geometry":{"type":"Point","coordinates":[19.877492934465412,50.07750791534479]},"properties":{"nazwa":"Miejsce ochronne","rodzajZrodla":"Obiekt ochrony ludności","adres":"ul. Zygmunta Starego 1A, Kraków","dostepnosc":"Całodobowa"}},{"type":"Feature","id":"OZO-4275025FBEC2","geometry":{"type":"Point","coordinates":[19.9254477707203,50.0245759077416]},"properties":{"nazwa":"Miejsce ochronne","rodzajZrodla":"Obiekt ochrony ludności","adres":"ul. Ruczaj 4, Kraków","dostepnosc":"Całodobowa"}},{"type":"Feature","id":"OZO-317B86B08BB2","geometry":{"type":"Point","coordinates":[19.9059519357541,50.0446546497031]},"properties":{"nazwa":"Miejsce ochronne","rodzajZrodla":"Obiekt ochrony ludności","adres":"ul. Tyniecka 43, Kraków","dostepnosc":"Całodobowa"}},{"type":"Feature","id":"OZO-49D786EE8E6E","geometry":{"type":"Point","coordinates":[19.9307523,50.0465703]},"properties":{"nazwa":"Miejsce ochronne","rodzajZrodla":"Obiekt ochrony ludności","adres":"ul. Twardowskiego 16, Kraków","dostepnosc":"Określone godziny"}},{"type":"Feature","id":"OZO-CB4FBA210492","geometry":{"type":"Point","coordinates":[19.916536509990696,50.067344226250434]},"properties":{"nazwa":"Miejsce ochronne","rodzajZrodla":"Obiekt ochrony ludności","adres":"ul. Czarnowiejska 70, Kraków","dostepnosc":"Całodobowa"}},{"type":"Feature","id":"OZO-6DE5C810C6D5","geometry":{"type":"Point","coordinates":[19.9149256851128,50.0300877401745]},"properties":{"nazwa":"Miejsce ochronne","rodzajZrodla":"Obiekt ochrony ludności","adres":"ul. Stefana Grota-Roweckiego 27, Kraków","dostepnosc":"Określone godziny"}},{"type":"Feature","id":"OZO-ACE75F243535","geometry":{"type":"Point","coordinates":[20.017525702714924,50.10297997079069]},"properties":{"nazwa":"Miejsce ochronne","rodzajZrodla":"Obiekt ochrony ludności","adres":"Osiedle Piastów 63K, Kraków","dostepnosc":"Na żądanie"}},{"type":"Feature","id":"OZO-C626C046937A","geometry":{"type":"Point","coordinates":[19.9176616232773,50.069870043342]},"properties":{"nazwa":"Miejsce ochronne","rodzajZrodla":"Obiekt ochrony ludności","adres":"ul. Spokojna 31, Kraków","dostepnosc":"Całodobowa"}},{"type":"Feature","id":"OZO-DFC3A8584BAD","geometry":{"type":"Point","coordinates":[19.9474257883603,50.0097849279362]},"properties":{"nazwa":"Miejsce ochronne","rodzajZrodla":"Obiekt ochrony ludności","adres":"ul. Franciszka Bujaka 12a, Kraków","dostepnosc":"Całodobowa"}},{"type":"Feature","id":"OZO-B23B6F8BD4A6","geometry":{"type":"Point","coordinates":[20.0147746667534,50.009090740869]},"properties":{"nazwa":"Miejsce ochronne","rodzajZrodla":"Obiekt ochrony ludności","adres":"ul. Podłęska 11B, Kraków","dostepnosc":"Całodobowa"}},{"type":"Feature","id":"OZO-D2070846351C","geometry":{"type":"Point","coordinates":[19.93644152765,50.0608581258267]},"properties":{"nazwa":"Miejsce ochronne","rodzajZrodla":"Obiekt ochrony ludności","adres":"ul. Bracka 1, Kraków","dostepnosc":"Na żądanie"}},{"type":"Feature","id":"OZO-512A4126011F","geometry":{"type":"Point","coordinates":[19.96731905,50.08198671]},"properties":{"nazwa":"Miejsce ochronne","rodzajZrodla":"Obiekt ochrony ludności","adres":"ul. Stanisława ze Skalbmierza 7, Kraków","dostepnosc":"Określone godziny"}},{"type":"Feature","id":"OZO-0D1810B61470","geometry":{"type":"Point","coordinates":[19.9553576390983,50.015122354969]},"properties":{"nazwa":"Miejsce ochronne","rodzajZrodla":"Obiekt ochrony ludności","adres":"ul. Gołaśka 10, Kraków","dostepnosc":"Całodobowa"}},{"type":"Feature","id":"OZO-FEE9177AE2A2","geometry":{"type":"Point","coordinates":[19.875404834747318,50.08988769681289]},"properties":{"nazwa":"Miejsce ochronne","rodzajZrodla":"Obiekt ochrony ludności","adres":"ul. Władysława Żeleńskiego 70, Kraków","dostepnosc":"Całodobowa"}},{"type":"Feature","id":"OZO-006508A6F9B1","geometry":{"type":"Point","coordinates":[19.9569274,50.0807973]},"properties":{"nazwa":"Miejsce ochronne","rodzajZrodla":"Obiekt ochrony ludności","adres":"ul. Gdańska 1, Kraków","dostepnosc":"Na żądanie"}},{"type":"Feature","id":"OZO-9E6D33FF18F8","geometry":{"type":"Point","coordinates":[19.9257481470358,50.0630007917355]},"properties":{"nazwa":"Miejsce ochronne","rodzajZrodla":"Obiekt ochrony ludności","adres":"ul. Krupnicza 33A, Kraków","dostepnosc":"Określone godziny"}},{"type":"Feature","id":"OZO-A111813B280F","geometry":{"type":"Point","coordinates":[19.9645986873492,50.0101817678708]},"properties":{"nazwa":"Miejsce ochronne","rodzajZrodla":"Obiekt ochrony ludności","adres":"ul. Kordiana 50, Kraków","dostepnosc":"Całodobowa"}},{"type":"Feature","id":"OZO-C6C42105C0E6","geometry":{"type":"Point","coordinates":[19.9696442577847,50.017661652536]},"properties":{"nazwa":"Miejsce ochronne","rodzajZrodla":"Obiekt ochrony ludności","adres":"ul. Włoska 8b, Kraków","dostepnosc":"Na żądanie"}},{"type":"Feature","id":"OZO-0C0B3782812D","geometry":{"type":"Point","coordinates":[19.89100188016892,50.06337732418626]},"properties":{"nazwa":"Miejsce ochronne","rodzajZrodla":"Obiekt ochrony ludności","adres":"ul. Józefa Korzeniowskiego 27L, Kraków","dostepnosc":"Całodobowa"}},{"type":"Feature","id":"OZO-2770074B297C","geometry":{"type":"Point","coordinates":[19.8912098444492,50.0150863966043]},"properties":{"nazwa":"Miejsce ochronne","rodzajZrodla":"Obiekt ochrony ludności","adres":"ul. Lubostroń 33, Kraków","dostepnosc":"Całodobowa"}},{"type":"Feature","id":"OZO-230E39E057E3","geometry":{"type":"Point","coordinates":[20.0166910804256,50.0099067814609]},"properties":{"nazwa":"Miejsce ochronne","rodzajZrodla":"Obiekt ochrony ludności","adres":"ul. Podłęska 1, Kraków","dostepnosc":"Całodobowa"}},{"type":"Feature","id":"OZO-D7371F7F6510","geometry":{"type":"Point","coordinates":[19.9982438790523,50.0436420437316]},"properties":{"nazwa":"Miejsce ochronne","rodzajZrodla":"Obiekt ochrony ludności","adres":"ul. Myśliwska 61, Kraków","dostepnosc":"Całodobowa"}},{"type":"Feature","id":"OZO-717F61C11C82","geometry":{"type":"Point","coordinates":[19.8995750676373,50.0855809264284]},"properties":{"nazwa":"Miejsce ochronne","rodzajZrodla":"Obiekt ochrony ludności","adres":"ul. Eliasza Radzikowskiego 106, Kraków","dostepnosc":"Na żądanie"}},{"type":"Feature","id":"OZO-3C0829781B5A","geometry":{"type":"Point","coordinates":[19.9182119765245,50.0185009365985]},"properties":{"nazwa":"Miejsce ochronne","rodzajZrodla":"Obiekt ochrony ludności","adres":"ul. Zdunów 18E, Kraków","dostepnosc":"Całodobowa"}},{"type":"Feature","id":"OZO-50F02105FEC5","geometry":{"type":"Point","coordinates":[19.9005948819397,50.0781443758406]},"properties":{"nazwa":"Miejsce ochronne","rodzajZrodla":"Obiekt ochrony ludności","adres":"ul. Bronowicka 43, Kraków","dostepnosc":"Całodobowa"}},{"type":"Feature","id":"OZO-DE3E0CB14CFA","geometry":{"type":"Point","coordinates":[19.9874247161093,50.0175801308319]},"properties":{"nazwa":"Miejsce ochronne","rodzajZrodla":"Obiekt ochrony ludności","adres":"ul. Polonijna 7, Kraków","dostepnosc":"Całodobowa"}},{"type":"Feature","id":"OZO-2092F414F21E","geometry":{"type":"Point","coordinates":[19.9275059997698,50.0585436728124]},"properties":{"nazwa":"Miejsce ochronne","rodzajZrodla":"Obiekt ochrony ludności","adres":"ul. Smoleńsk 29, Kraków","dostepnosc":"Określone godziny"}},{"type":"Feature","id":"OZO-AEA378867C17","geometry":{"type":"Point","coordinates":[19.9883720302092,50.0171887917004]},"properties":{"nazwa":"Miejsce ochronne","rodzajZrodla":"Obiekt ochrony ludności","adres":"ul. Polonijna 11, Kraków","dostepnosc":"Całodobowa"}},{"type":"Feature","id":"OZO-88F73BB29346","geometry":{"type":"Point","coordinates":[19.9484437424449,50.0795596186442]},"properties":{"nazwa":"Miejsce ochronne","rodzajZrodla":"Obiekt ochrony ludności","adres":"ul. Rogatka 10, Kraków","dostepnosc":"Na żądanie"}},{"type":"Feature","id":"OZO-2DB0F989D100","geometry":{"type":"Point","coordinates":[19.9885945568354,50.0177984156878]},"properties":{"nazwa":"Miejsce ochronne","rodzajZrodla":"Obiekt ochrony ludności","adres":"ul. Polonijna 9, Kraków","dostepnosc":"Całodobowa"}},{"type":"Feature","id":"OZO-074C033C30D4","geometry":{"type":"Point","coordinates":[19.91703738,50.06904422]},"properties":{"nazwa":"Miejsce ochronne","rodzajZrodla":"Obiekt ochrony ludności","adres":"ul. Spokojna 18, Kraków","dostepnosc":"Całodobowa"}},{"type":"Feature","id":"OZO-7B97C470376E","geometry":{"type":"Point","coordinates":[19.9838468171044,50.0943892678356]},"properties":{"nazwa":"Miejsce ochronne","rodzajZrodla":"Obiekt ochrony ludności","adres":"ul. Reduta 34, Kraków","dostepnosc":"Na żądanie"}},{"type":"Feature","id":"OZO-331E5684C61C","geometry":{"type":"Point","coordinates":[20.0091843013433,50.0630930103911]},"properties":{"nazwa":"Miejsce ochronne","rodzajZrodla":"Obiekt ochrony ludności","adres":"ul. Galicyjska 3A, Kraków","dostepnosc":"Całodobowa"}},{"type":"Feature","id":"OZO-690BF107C0DF","geometry":{"type":"Point","coordinates":[20.0435865573333,50.0709885500304]},"properties":{"nazwa":"Miejsce ochronne","rodzajZrodla":"Obiekt ochrony ludności","adres":"Osiedle Ogrodowe 16, Kraków","dostepnosc":"Całodobowa"}},{"type":"Feature","id":"OZO-48198B72AEE9","geometry":{"type":"Point","coordinates":[19.9372993047605,50.0339131660486]},"properties":{"nazwa":"Miejsce ochronne","rodzajZrodla":"Obiekt ochrony ludności","adres":"ul. Rzemieślnicza 4a, Kraków","dostepnosc":"Określone godziny"}},{"type":"Feature","id":"OZO-894B8867CB35","geometry":{"type":"Point","coordinates":[19.898622035980228,50.0711541405666]},"properties":{"nazwa":"Miejsce ochronne","rodzajZrodla":"Obiekt ochrony ludności","adres":"ul. Kołowa 5, Kraków","dostepnosc":"Całodobowa"}},{"type":"Feature","id":"OZO-487A07D9B197","geometry":{"type":"Point","coordinates":[19.95180353522301,50.09442368260365]},"properties":{"nazwa":"Miejsce ochronne","rodzajZrodla":"Obiekt ochrony ludności","adres":"ul. OsiedleWolfganga Amadeusa Mozarta 31, Kraków","dostepnosc":"Na żądanie"}},{"type":"Feature","id":"OZO-CA581F805B27","geometry":{"type":"Point","coordinates":[19.9826108982428,50.0464987978947]},"properties":{"nazwa":"Miejsce ochronne","rodzajZrodla":"Obiekt ochrony ludności","adres":"ul. Saska 7, Kraków","dostepnosc":"Całodobowa"}},{"type":"Feature","id":"OZO-AAD9E36BA503","geometry":{"type":"Point","coordinates":[19.880337417125705,50.08589856543611]},"properties":{"nazwa":"Miejsce ochronne","rodzajZrodla":"Obiekt ochrony ludności","adres":"ul. Włodzimierza Tetmajera 9, Kraków","dostepnosc":"Całodobowa"}},{"type":"Feature","id":"OZO-4F8140ACD912","geometry":{"type":"Point","coordinates":[20.0095143494634,50.0613765908738]},"properties":{"nazwa":"Miejsce ochronne","rodzajZrodla":"Obiekt ochrony ludności","adres":"ul. Galicyjska 3E, Kraków","dostepnosc":"Całodobowa"}},{"type":"Feature","id":"OZO-6A5BD094483A","geometry":{"type":"Point","coordinates":[19.896143674850464,50.06833934378273]},"properties":{"nazwa":"Miejsce ochronne","rodzajZrodla":"Obiekt ochrony ludności","adres":"ul. Jana Buszka 27, Kraków","dostepnosc":"Całodobowa"}},{"type":"Feature","id":"OZO-DAC71946B181","geometry":{"type":"Point","coordinates":[19.9249149858602,50.0549716409552]},"properties":{"nazwa":"Miejsce ochronne","rodzajZrodla":"Obiekt ochrony ludności","adres":"ul. Włóczków 6, Kraków","dostepnosc":"Na żądanie"}},{"type":"Feature","id":"OZO-359A7C3BA991","geometry":{"type":"Point","coordinates":[19.9078867179002,50.0146225293378]},"properties":{"nazwa":"Miejsce ochronne","rodzajZrodla":"Obiekt ochrony ludności","adres":"ul. Obozowa 44a, Kraków","dostepnosc":"Całodobowa"}},{"type":"Feature","id":"OZO-B8B9BC601708","geometry":{"type":"Point","coordinates":[19.9740742612509,50.0608253106758]},"properties":{"nazwa":"Miejsce ochronne","rodzajZrodla":"Obiekt ochrony ludności","adres":"Aleja Pokoju 18, Kraków","dostepnosc":"Na żądanie"}},{"type":"Feature","id":"OZO-B20FFEB67FF3","geometry":{"type":"Point","coordinates":[20.055194351014,50.0194026880976]},"properties":{"nazwa":"Miejsce ochronne","rodzajZrodla":"Obiekt ochrony ludności","adres":"ul. Malachitowa 12, Kraków","dostepnosc":"Całodobowa"}},{"type":"Feature","id":"OZO-163E8F34305D","geometry":{"type":"Point","coordinates":[20.001438093291,50.0159446960105]},"properties":{"nazwa":"Miejsce ochronne","rodzajZrodla":"Obiekt ochrony ludności","adres":"ul. Republiki Korczakowskiej 17, Kraków","dostepnosc":"Całodobowa"}},{"type":"Feature","id":"OZO-2D669EA7EB81","geometry":{"type":"Point","coordinates":[19.9782315175879,50.0131728500189]},"properties":{"nazwa":"Miejsce ochronne","rodzajZrodla":"Obiekt ochrony ludności","adres":"ul. Adama Bochenka 25C, Kraków","dostepnosc":"Całodobowa"}},{"type":"Feature","id":"OZO-633FD6940A66","geometry":{"type":"Point","coordinates":[19.9097703999997,50.0629752999991]},"properties":{"nazwa":"Miejsce ochronne","rodzajZrodla":"Obiekt ochrony ludności","adres":"Aleja 3 Maja 47A, Kraków","dostepnosc":"Całodobowa"}},{"type":"Feature","id":"OZO-EF571746F661","geometry":{"type":"Point","coordinates":[19.95401501655579,50.10200621734586]},"properties":{"nazwa":"Miejsce ochronne","rodzajZrodla":"Obiekt ochrony ludności","adres":"ul. Stefana Banacha 55, Kraków","dostepnosc":"Na żądanie"}},{"type":"Feature","id":"OZO-AE502C36AA50","geometry":{"type":"Point","coordinates":[20.0094725471034,50.0065452372686]},"properties":{"nazwa":"Miejsce ochronne","rodzajZrodla":"Obiekt ochrony ludności","adres":"ul. Rydygiera Ludwika 10, Kraków","dostepnosc":"Określone godziny"}},{"type":"Feature","id":"OZO-B1B82381BFE2","geometry":{"type":"Point","coordinates":[19.9526953790117,50.0140145520638]},"properties":{"nazwa":"Miejsce ochronne","rodzajZrodla":"Obiekt ochrony ludności","adres":"ul. Gołaśka 9, Kraków","dostepnosc":"Całodobowa"}},{"type":"Feature","id":"OZO-55505AAEBE5D","geometry":{"type":"Point","coordinates":[19.9273817247244,50.0075547465148]},"properties":{"nazwa":"Miejsce ochronne","rodzajZrodla":"Obiekt ochrony ludności","adres":"ul. Jugowicka 11, Kraków","dostepnosc":"Całodobowa"}},{"type":"Feature","id":"OZO-020FC1386F1A","geometry":{"type":"Point","coordinates":[20.0092731416269,50.0073700584506]},"properties":{"nazwa":"Miejsce ochronne","rodzajZrodla":"Obiekt ochrony ludności","adres":"ul. Ludwika Rydygiera 8, Kraków","dostepnosc":"Całodobowa"}},{"type":"Feature","id":"OZO-3B9AC381833F","geometry":{"type":"Point","coordinates":[19.8997636581008,50.0597775415628]},"properties":{"nazwa":"Miejsce ochronne","rodzajZrodla":"Obiekt ochrony ludności","adres":"ul. Emaus 37, Kraków","dostepnosc":"Całodobowa"}},{"type":"Feature","id":"OZO-2F2577188919","geometry":{"type":"Point","coordinates":[19.9628295190459,50.0557995634413]},"properties":{"nazwa":"Miejsce ochronne","rodzajZrodla":"Obiekt ochrony ludności","adres":"ul. Grzegórzecka 69C, Kraków","dostepnosc":"Całodobowa"}},{"type":"Feature","id":"OZO-2F54F76880D5","geometry":{"type":"Point","coordinates":[19.9083916482365,50.0127082063392]},"properties":{"nazwa":"Miejsce ochronne","rodzajZrodla":"Obiekt ochrony ludności","adres":"ul. Obozowa 36, Kraków","dostepnosc":"Całodobowa"}},{"type":"Feature","id":"OZO-DE15D4F0506A","geometry":{"type":"Point","coordinates":[19.92946743965149,50.034092337384756]},"properties":{"nazwa":"Miejsce ochronne","rodzajZrodla":"Obiekt ochrony ludności","adres":"ul. Kobierzyńska 8, Kraków","dostepnosc":"Całodobowa"}},{"type":"Feature","id":"OZO-A45A75633142","geometry":{"type":"Point","coordinates":[19.917193651199344,50.06947905510613]},"properties":{"nazwa":"Miejsce ochronne","rodzajZrodla":"Obiekt ochrony ludności","adres":"ul. Spokojna 26, Kraków","dostepnosc":"Całodobowa"}},{"type":"Feature","id":"OZO-C498723650E6","geometry":{"type":"Point","coordinates":[19.81447041034699,50.04176537754906]},"properties":{"nazwa":"Miejsce ochronne","rodzajZrodla":"Obiekt ochrony ludności","adres":"ul. KsięciaJózefa 230, Kraków","dostepnosc":"Całodobowa"}},{"type":"Feature","id":"OZO-391EFF831B69","geometry":{"type":"Point","coordinates":[19.9876104930761,50.0926015371139]},"properties":{"nazwa":"Miejsce ochronne","rodzajZrodla":"Obiekt ochrony ludności","adres":"ul. Marchołta 32, Kraków","dostepnosc":"Na żądanie"}},{"type":"Feature","id":"OZO-F57B7736D6E8","geometry":{"type":"Point","coordinates":[19.9219647276408,50.0671370043608]},"properties":{"nazwa":"Miejsce ochronne","rodzajZrodla":"Obiekt ochrony ludności","adres":"ul. Mieczysława Karłowicza 14, Kraków","dostepnosc":"Całodobowa"}},{"type":"Feature","id":"OZO-74C6EE10190F","geometry":{"type":"Point","coordinates":[19.9222525283485,50.0213235190869]},"properties":{"nazwa":"Miejsce ochronne","rodzajZrodla":"Obiekt ochrony ludności","adres":"ul. Dekarzy 13, Kraków","dostepnosc":"Całodobowa"}},{"type":"Feature","id":"OZO-CAD459660E77","geometry":{"type":"Point","coordinates":[19.820569753646854,50.04353961504624]},"properties":{"nazwa":"Miejsce ochronne","rodzajZrodla":"Obiekt ochrony ludności","adres":"ul. KsięciaJózefa 355, Kraków","dostepnosc":"Całodobowa"}},{"type":"Feature","id":"OZO-2050A90C5A4A","geometry":{"type":"Point","coordinates":[19.9886916999997,50.0207484999992]},"properties":{"nazwa":"Miejsce ochronne","rodzajZrodla":"Obiekt ochrony ludności","adres":"ul. Prosta 35A, Kraków","dostepnosc":"Określone godziny"}},{"type":"Feature","id":"OZO-F55C4FDB8AED","geometry":{"type":"Point","coordinates":[19.9336918567112,50.0466987226373]},"properties":{"nazwa":"Miejsce ochronne","rodzajZrodla":"Obiekt ochrony ludności","adres":"ul. Marii Konopnickiej 19, Kraków","dostepnosc":"Całodobowa"}},{"type":"Feature","id":"OZO-1D7F1910608A","geometry":{"type":"Point","coordinates":[19.9209316361593,50.0543166066295]},"properties":{"nazwa":"Miejsce ochronne","rodzajZrodla":"Obiekt ochrony ludności","adres":"Plac Na Stawach 3, Kraków","dostepnosc":"Na żądanie"}},{"type":"Feature","id":"OZO-9B0F8BFA956D","geometry":{"type":"Point","coordinates":[19.9151563404789,50.0497253382021]},"properties":{"nazwa":"Miejsce ochronne","rodzajZrodla":"Obiekt ochrony ludności","adres":"ul. Czarodziejska 2, Kraków","dostepnosc":"Całodobowa"}},{"type":"Feature","id":"OZO-871A9B383BEE","geometry":{"type":"Point","coordinates":[19.9465458132854,50.0434494927457]},"properties":{"nazwa":"Miejsce ochronne","rodzajZrodla":"Obiekt ochrony ludności","adres":"ul. Kalwaryjska 14, Kraków","dostepnosc":"Całodobowa"}},{"type":"Feature","id":"OZO-0F4CCC843897","geometry":{"type":"Point","coordinates":[19.965018818494,50.0669643070459]},"properties":{"nazwa":"Miejsce ochronne","rodzajZrodla":"Obiekt ochrony ludności","adres":"ul. Mogilska 56, Kraków","dostepnosc":"Na żądanie"}},{"type":"Feature","id":"OZO-15F7BB3D7E61","geometry":{"type":"Point","coordinates":[19.9065350669109,50.02327959009]},"properties":{"nazwa":"Miejsce ochronne","rodzajZrodla":"Obiekt ochrony ludności","adres":"ul. Zalesie 46, Kraków","dostepnosc":"Całodobowa"}},{"type":"Feature","id":"OZO-5AB90E6C7E95","geometry":{"type":"Point","coordinates":[19.9871276999997,50.0697852999991]},"properties":{"nazwa":"Miejsce ochronne","rodzajZrodla":"Obiekt ochrony ludności","adres":"ul. Stanisława Lema 24, Kraków","dostepnosc":"Na żądanie"}},{"type":"Feature","id":"OZO-9E8C3E26A77D","geometry":{"type":"Point","coordinates":[19.98586367,50.09054871]},"properties":{"nazwa":"Miejsce ochronne","rodzajZrodla":"Obiekt ochrony ludności","adres":"ul. Franciszka Bohomolca 7, Kraków","dostepnosc":"Na żądanie"}},{"type":"Feature","id":"OZO-321F58202B74","geometry":{"type":"Point","coordinates":[19.901159405708317,50.07606199345871]},"properties":{"nazwa":"Miejsce ochronne","rodzajZrodla":"Obiekt ochrony ludności","adres":"ul. Lucjana Rydla 9A, Kraków","dostepnosc":"Całodobowa"}},{"type":"Feature","id":"OZO-FB6204381BB9","geometry":{"type":"Point","coordinates":[19.953120499849323,50.03968444069704]},"properties":{"nazwa":"Miejsce ochronne","rodzajZrodla":"Obiekt ochrony ludności","adres":"ul. Parkowa 22, Kraków","dostepnosc":"Całodobowa"}},{"type":"Feature","id":"OZO-A525B5656578","geometry":{"type":"Point","coordinates":[19.9674708302913,50.1015106076847]},"properties":{"nazwa":"Miejsce ochronne","rodzajZrodla":"Obiekt ochrony ludności","adres":"ul. Arcybiskupa Zygmunta Szczęsnego Felińskiego 35, Kraków","dostepnosc":"Na żądanie"}},{"type":"Feature","id":"OZO-98D323797EF8","geometry":{"type":"Point","coordinates":[19.894102513790134,50.07761291511684]},"properties":{"nazwa":"Miejsce ochronne","rodzajZrodla":"Obiekt ochrony ludności","adres":"ul. Stańczyka 7, Kraków","dostepnosc":"Całodobowa"}},{"type":"Feature","id":"OZO-7A894DE93CC1","geometry":{"type":"Point","coordinates":[19.9552421271801,50.10063157410647]},"properties":{"nazwa":"Miejsce ochronne","rodzajZrodla":"Obiekt ochrony ludności","adres":"ul. Stefana Banacha 45C, Kraków","dostepnosc":"Na żądanie"}},{"type":"Feature","id":"OZO-F91603CC48A0","geometry":{"type":"Point","coordinates":[19.925183625857,50.0350937061175]},"properties":{"nazwa":"Miejsce ochronne","rodzajZrodla":"Obiekt ochrony ludności","adres":"ul. Kapelanka 42B, Kraków","dostepnosc":"Określone godziny"}},{"type":"Feature","id":"OZO-6E3F6841EE9B","geometry":{"type":"Point","coordinates":[19.8489637333333,50.0865533833333]},"properties":{"nazwa":"Miejsce ochronne","rodzajZrodla":"Obiekt ochrony ludności","adres":"ul. Kazimierza Wierzyńskiego 41, Kraków","dostepnosc":"Całodobowa"}},{"type":"Feature","id":"OZO-7149C50EA1E0","geometry":{"type":"Point","coordinates":[19.89198356866837,50.07663864610493]},"properties":{"nazwa":"Miejsce ochronne","rodzajZrodla":"Obiekt ochrony ludności","adres":"ul. Jerzego Szablowskiego 3, Kraków","dostepnosc":"Całodobowa"}},{"type":"Feature","id":"OZO-869BDDE508F3","geometry":{"type":"Point","coordinates":[19.9741043522833,50.0614097388747]},"properties":{"nazwa":"Miejsce ochronne","rodzajZrodla":"Obiekt ochrony ludności","adres":"Aleja Pokoju 18B, Kraków","dostepnosc":"Na żądanie"}},{"type":"Feature","id":"OZO-1CE66353B236","geometry":{"type":"Point","coordinates":[19.9643718873832,50.0507169816351]},"properties":{"nazwa":"Miejsce ochronne","rodzajZrodla":"Obiekt ochrony ludności","adres":"ul. Gustawa Herlinga-Grudzińskiego 1B, Kraków","dostepnosc":"Określone godziny"}},{"type":"Feature","id":"OZO-B67F1CFF0B69","geometry":{"type":"Point","coordinates":[20.0578588538563,50.0949959000571]},"properties":{"nazwa":"Miejsce ochronne","rodzajZrodla":"Obiekt ochrony ludności","adres":"Osiedle Na Stoku 4, Kraków","dostepnosc":"Całodobowa"}},{"type":"Feature","id":"OZO-07A25891208B","geometry":{"type":"Point","coordinates":[19.9749414529535,50.0280994270127]},"properties":{"nazwa":"Miejsce ochronne","rodzajZrodla":"Obiekt ochrony ludności","adres":"ul. Wielicka 107, Kraków","dostepnosc":"Całodobowa"}},{"type":"Feature","id":"OZO-F9611E7FAA23","geometry":{"type":"Point","coordinates":[19.901045411825184,49.999436413390995]},"properties":{"nazwa":"Miejsce ochronne","rodzajZrodla":"Obiekt ochrony ludności","adres":"ul. Mieczykowa 4, Kraków","dostepnosc":"Całodobowa"}},{"type":"Feature","id":"OZO-42D427504950","geometry":{"type":"Point","coordinates":[19.9361677258951,50.0780858006603]},"properties":{"nazwa":"Miejsce ochronne","rodzajZrodla":"Obiekt ochrony ludności","adres":"ul. Zbożowa 2A, Kraków","dostepnosc":"Całodobowa"}},{"type":"Feature","id":"OZO-832FE7C8B32E","geometry":{"type":"Point","coordinates":[19.9039432654372,50.0202112755124]},"properties":{"nazwa":"Miejsce ochronne","rodzajZrodla":"Obiekt ochrony ludności","adres":"ul. Raciborska 15c, Kraków","dostepnosc":"Całodobowa"}},{"type":"Feature","id":"OZO-B23C4A50A521","geometry":{"type":"Point","coordinates":[19.9198205904015,50.0233607825696]},"properties":{"nazwa":"Miejsce ochronne","rodzajZrodla":"Obiekt ochrony ludności","adres":"ul. Krokusowa 1, Kraków","dostepnosc":"Całodobowa"}},{"type":"Feature","id":"OZO-BDC157A6FF17","geometry":{"type":"Point","coordinates":[19.9400703682481,50.0424684849532]},"properties":{"nazwa":"Miejsce ochronne","rodzajZrodla":"Obiekt ochrony ludności","adres":"ul. Przedwiośnie 2B, Kraków","dostepnosc":"Całodobowa"}},{"type":"Feature","id":"OZO-10CD4DC0A0F8","geometry":{"type":"Point","coordinates":[20.0106897670825,50.0071297492865]},"properties":{"nazwa":"Miejsce ochronne","rodzajZrodla":"Obiekt ochrony ludności","adres":"ul. Ludwika Rydygiera 9, Kraków","dostepnosc":"Całodobowa"}},{"type":"Feature","id":"OZO-983C142A85D5","geometry":{"type":"Point","coordinates":[19.98550650663,50.0739136105747]},"properties":{"nazwa":"Miejsce ochronne","rodzajZrodla":"Obiekt ochrony ludności","adres":"ul. Ułanów 8, Kraków","dostepnosc":"Na żądanie"}},{"type":"Feature","id":"OZO-6BDDF3C0F567","geometry":{"type":"Point","coordinates":[19.834892749786377,50.06158832308381]},"properties":{"nazwa":"Miejsce ochronne","rodzajZrodla":"Obiekt ochrony ludności","adres":"ul. Za Skłonem 6b, Kraków","dostepnosc":"Całodobowa"}},{"type":"Feature","id":"OZO-7F34B83DD028","geometry":{"type":"Point","coordinates":[20.0079686660357,50.0060321390657]},"properties":{"nazwa":"Miejsce ochronne","rodzajZrodla":"Obiekt ochrony ludności","adres":"ul. Ludwika Rydygiera 14, Kraków","dostepnosc":"Całodobowa"}},{"type":"Feature","id":"OZO-53668CA2FA08","geometry":{"type":"Point","coordinates":[20.0033715999997,50.0868983999992]},"properties":{"nazwa":"Miejsce ochronne","rodzajZrodla":"Obiekt ochrony ludności","adres":"Osiedle Dywizjonu 303 20, Kraków","dostepnosc":"Na żądanie"}},{"type":"Feature","id":"OZO-2177AFA8271E","geometry":{"type":"Point","coordinates":[19.9045687236057,50.0165412525977]},"properties":{"nazwa":"Miejsce ochronne","rodzajZrodla":"Obiekt ochrony ludności","adres":"ul. Kobierzyńska 164A, Kraków","dostepnosc":"Całodobowa"}},{"type":"Feature","id":"OZO-2BB90A7AAA76","geometry":{"type":"Point","coordinates":[19.9588647999997,50.0483799999991]},"properties":{"nazwa":"Miejsce ochronne","rodzajZrodla":"Obiekt ochrony ludności","adres":"ul. Przemysłowa 15, Kraków","dostepnosc":"Całodobowa"}},{"type":"Feature","id":"OZO-6600D3594908","geometry":{"type":"Point","coordinates":[19.9617380367852,50.086730102017]},"properties":{"nazwa":"Miejsce ochronne","rodzajZrodla":"Obiekt ochrony ludności","adres":"ul. Rezedowa 2, Kraków","dostepnosc":"Na żądanie"}},{"type":"Feature","id":"OZO-BA330A52D8FF","geometry":{"type":"Point","coordinates":[19.92115125060082,50.06737005136084]},"properties":{"nazwa":"Miejsce ochronne","rodzajZrodla":"Obiekt ochrony ludności","adres":"ul. Mieczysława Karłowicza 27, Kraków","dostepnosc":"Całodobowa"}},{"type":"Feature","id":"OZO-8BCF9DBA5CCA","geometry":{"type":"Point","coordinates":[19.9449466448021,50.0666266773206]},"properties":{"nazwa":"Miejsce ochronne","rodzajZrodla":"Obiekt ochrony ludności","adres":"ul. Pawia 18A, Kraków","dostepnosc":"Na żądanie"}},{"type":"Feature","id":"OZO-78A78BBDC42F","geometry":{"type":"Point","coordinates":[19.9650734415233,50.0501797175997]},"properties":{"nazwa":"Miejsce ochronne","rodzajZrodla":"Obiekt ochrony ludności","adres":"ul. Gustawa Herlinga-Grudzińskiego 1A, Kraków","dostepnosc":"Określone godziny"}},{"type":"Feature","id":"OZO-36A1221ADAB3","geometry":{"type":"Point","coordinates":[19.92552995681763,50.08114490462286]},"properties":{"nazwa":"Miejsce ochronne","rodzajZrodla":"Obiekt ochrony ludności","adres":"ul. Poznańska 15, Kraków","dostepnosc":"Całodobowa"}},{"type":"Feature","id":"OZO-151E9E663777","geometry":{"type":"Point","coordinates":[19.994758398209164,50.07463423438074]},"properties":{"nazwa":"Miejsce ochronne","rodzajZrodla":"Obiekt ochrony ludności","adres":"ul. prof. Michała Życzkowskiego 5, Kraków","dostepnosc":"Na żądanie"}},{"type":"Feature","id":"OZO-A24E014165ED","geometry":{"type":"Point","coordinates":[19.9190066661309,50.0943014584921]},"properties":{"nazwa":"Miejsce ochronne","rodzajZrodla":"Obiekt ochrony ludności","adres":"ul. Henryka Pachońskiego 5F, Kraków","dostepnosc":"Całodobowa"}},{"type":"Feature","id":"OZO-1E26A17B6D6B","geometry":{"type":"Point","coordinates":[19.938074648380283,50.08301751084869]},"properties":{"nazwa":"Miejsce ochronne","rodzajZrodla":"Obiekt ochrony ludności","adres":"ul. Prądnicka 35, Kraków","dostepnosc":"Na żądanie"}},{"type":"Feature","id":"OZO-F030C34EF7B3","geometry":{"type":"Point","coordinates":[19.9684053008924,50.0441256957761]},"properties":{"nazwa":"Miejsce ochronne","rodzajZrodla":"Obiekt ochrony ludności","adres":"ul. Powstańców Wielkopolskich 13F, Kraków","dostepnosc":"Określone godziny"}},{"type":"Feature","id":"OZO-C05C9AFA1810","geometry":{"type":"Point","coordinates":[19.90533828735352,50.07950631416819]},"properties":{"nazwa":"Miejsce ochronne","rodzajZrodla":"Obiekt ochrony ludności","adres":"ul. Lucjana Rydla 45B, Kraków","dostepnosc":"Całodobowa"}},{"type":"Feature","id":"OZO-B8E62B97E859","geometry":{"type":"Point","coordinates":[19.9652896340704,50.0669408660458]},"properties":{"nazwa":"Miejsce ochronne","rodzajZrodla":"Obiekt ochrony ludności","adres":"ul. Mogilska 56, Kraków","dostepnosc":"Na żądanie"}},{"type":"Feature","id":"OZO-7BA4D14E0A69","geometry":{"type":"Point","coordinates":[19.9618714814669,50.0492706834806]},"properties":{"nazwa":"Miejsce ochronne","rodzajZrodla":"Obiekt ochrony ludności","adres":"ul. Ślusarska 5, Kraków","dostepnosc":"Całodobowa"}},{"type":"Feature","id":"OZO-717174B0B92A","geometry":{"type":"Point","coordinates":[19.9996242285389,50.0148586900275]},"properties":{"nazwa":"Miejsce ochronne","rodzajZrodla":"Obiekt ochrony ludności","adres":"ul. Leonida Teligi 3, Kraków","dostepnosc":"Całodobowa"}},{"type":"Feature","id":"OZO-8ED57A87CDF8","geometry":{"type":"Point","coordinates":[19.9019944472928,49.9981384866055]},"properties":{"nazwa":"Miejsce ochronne","rodzajZrodla":"Obiekt ochrony ludności","adres":"ul. Mieczykowa 20, Kraków","dostepnosc":"Całodobowa"}},{"type":"Feature","id":"OZO-E326F4C6F906","geometry":{"type":"Point","coordinates":[20.0278832999997,50.0159059999992]},"properties":{"nazwa":"Miejsce ochronne","rodzajZrodla":"Obiekt ochrony ludności","adres":"ul. Mała Góra 8D, Kraków","dostepnosc":"Całodobowa"}},{"type":"Feature","id":"OZO-3ECC24D69EF0","geometry":{"type":"Point","coordinates":[19.9419631999997,50.0956957999991]},"properties":{"nazwa":"Miejsce ochronne","rodzajZrodla":"Obiekt ochrony ludności","adres":"ul. Henryka Pachońskiego 28, Kraków","dostepnosc":"Na żądanie"}},{"type":"Feature","id":"OZO-EE9D73294D43","geometry":{"type":"Point","coordinates":[19.9585688347866,50.0499758406008]},"properties":{"nazwa":"Miejsce ochronne","rodzajZrodla":"Obiekt ochrony ludności","adres":"ul. Przemysłowa 1, Kraków","dostepnosc":"Całodobowa"}},{"type":"Feature","id":"OZO-AB814D80099B","geometry":{"type":"Point","coordinates":[19.9811802999997,50.0157309999991]},"properties":{"nazwa":"Miejsce ochronne","rodzajZrodla":"Obiekt ochrony ludności","adres":"ul. Okólna 16, Kraków","dostepnosc":"Określone godziny"}},{"type":"Feature","id":"OZO-FB7417C5DA3F","geometry":{"type":"Point","coordinates":[19.8897559940815,50.094487348544284]},"properties":{"nazwa":"Miejsce ochronne","rodzajZrodla":"Obiekt ochrony ludności","adres":"ul. Stawowa 129, Kraków","dostepnosc":"Na żądanie"}},{"type":"Feature","id":"OZO-215294EB26A1","geometry":{"type":"Point","coordinates":[20.0544914818524,50.0194519556669]},"properties":{"nazwa":"Miejsce ochronne","rodzajZrodla":"Obiekt ochrony ludności","adres":"ul. Malachitowa 10, Kraków","dostepnosc":"Całodobowa"}},{"type":"Feature","id":"OZO-DD5EE4F09CA8","geometry":{"type":"Point","coordinates":[19.9473395423128,50.0738878941562]},"properties":{"nazwa":"Miejsce ochronne","rodzajZrodla":"Obiekt ochrony ludności","adres":"ul. Kątowa 11, Kraków","dostepnosc":"Na żądanie"}},{"type":"Feature","id":"OZO-311F5BB40F63","geometry":{"type":"Point","coordinates":[19.914877511832,50.0450243450586]},"properties":{"nazwa":"Miejsce ochronne","rodzajZrodla":"Obiekt ochrony ludności","adres":"ul. Generała Bohdana Zielińskiego 22, Kraków","dostepnosc":"Określone godziny"}},{"type":"Feature","id":"OZO-620935057D0A","geometry":{"type":"Point","coordinates":[19.9363851174416,50.0604125857635]},"properties":{"nazwa":"Miejsce ochronne","rodzajZrodla":"Obiekt ochrony ludności","adres":"ul. Bracka 4, Kraków","dostepnosc":"Na żądanie"}},{"type":"Feature","id":"OZO-C54AB9ABE075","geometry":{"type":"Point","coordinates":[19.931243537492,50.0346392075861]},"properties":{"nazwa":"Miejsce ochronne","rodzajZrodla":"Obiekt ochrony ludności","adres":"ul. Tadeusza Szafrana 5, Kraków","dostepnosc":"Całodobowa"}},{"type":"Feature","id":"OZO-9BF87BED51C8","geometry":{"type":"Point","coordinates":[19.9774842049102,50.0697627745921]},"properties":{"nazwa":"Miejsce ochronne","rodzajZrodla":"Obiekt ochrony ludności","adres":"ul. Ostatnia 1E, Kraków","dostepnosc":"Na żądanie"}},{"type":"Feature","id":"OZO-EC751D9D3B6C","geometry":{"type":"Point","coordinates":[19.9878563665471,50.0762625620232]},"properties":{"nazwa":"Miejsce ochronne","rodzajZrodla":"Obiekt ochrony ludności","adres":"ul. Mariana Markowskiego 15, Kraków","dostepnosc":"Na żądanie"}},{"type":"Feature","id":"OZO-299B051CFCC7","geometry":{"type":"Point","coordinates":[20.0122334999976,50.0340693999941]},"properties":{"nazwa":"Miejsce ochronne","rodzajZrodla":"Obiekt ochrony ludności","adres":"ul. płk. Stanisława Dąbka 8, Kraków","dostepnosc":"Całodobowa"}},{"type":"Feature","id":"OZO-7275E4D453DC","geometry":{"type":"Point","coordinates":[19.9028382723533,50.0764109933584]},"properties":{"nazwa":"Miejsce ochronne","rodzajZrodla":"Obiekt ochrony ludności","adres":"ul. Krzywy Zaułek 5, Kraków","dostepnosc":"Całodobowa"}},{"type":"Feature","id":"OZO-4A130427DFDE","geometry":{"type":"Point","coordinates":[20.0446230615355,50.0707956827529]},"properties":{"nazwa":"Miejsce ochronne","rodzajZrodla":"Obiekt ochrony ludności","adres":"Osiedle Ogrodowe 18, Kraków","dostepnosc":"Całodobowa"}},{"type":"Feature","id":"OZO-6FD80ED63D49","geometry":{"type":"Point","coordinates":[20.0129223761112,50.0672262896516]},"properties":{"nazwa":"Miejsce ochronne","rodzajZrodla":"Obiekt ochrony ludności","adres":"ul. Centralna 43C, Kraków","dostepnosc":"Całodobowa"}},{"type":"Feature","id":"OZO-1CD9C09E76D3","geometry":{"type":"Point","coordinates":[19.9431881146594,50.0619710600731]},"properties":{"nazwa":"Miejsce ochronne","rodzajZrodla":"Obiekt ochrony ludności","adres":"ul. św.Tomasza 34, Kraków","dostepnosc":"Na żądanie"}},{"type":"Feature","id":"OZO-4E62CB578752","geometry":{"type":"Point","coordinates":[19.89578505,50.06855422]},"properties":{"nazwa":"Miejsce ochronne","rodzajZrodla":"Obiekt ochrony ludności","adres":"ul. Jana Buszka 27, Kraków","dostepnosc":"Całodobowa"}},{"type":"Feature","id":"OZO-832B62C64F8B","geometry":{"type":"Point","coordinates":[19.8922434119953,50.0116152321542]},"properties":{"nazwa":"Miejsce ochronne","rodzajZrodla":"Obiekt ochrony ludności","adres":"ul. dr. Jana Piltza 36, Kraków","dostepnosc":"Całodobowa"}},{"type":"Feature","id":"OZO-FD4E70EF37CF","geometry":{"type":"Point","coordinates":[19.9033592254638,50.0761127809158]},"properties":{"nazwa":"Miejsce ochronne","rodzajZrodla":"Obiekt ochrony ludności","adres":"ul. Krzywy Zaułek 3, Kraków","dostepnosc":"Całodobowa"}},{"type":"Feature","id":"OZO-CD82C0248711","geometry":{"type":"Point","coordinates":[19.9160416219015,50.0320384773]},"properties":{"nazwa":"Miejsce ochronne","rodzajZrodla":"Obiekt ochrony ludności","adres":"ul. Pychowicka 18, Kraków","dostepnosc":"Całodobowa"}},{"type":"Feature","id":"OZO-FDA18495B7C2","geometry":{"type":"Point","coordinates":[20.0469891196094,50.1082776827945]},"properties":{"nazwa":"Miejsce ochronne","rodzajZrodla":"Obiekt ochrony ludności","adres":"155, Zastów","dostepnosc":"Na żądanie"}},{"type":"Feature","id":"OZO-306FA745EF1B","geometry":{"type":"Point","coordinates":[19.9643515888435,50.0085481187789]},"properties":{"nazwa":"Miejsce ochronne","rodzajZrodla":"Obiekt ochrony ludności","adres":"ul. Kordiana 35, Kraków","dostepnosc":"Całodobowa"}},{"type":"Feature","id":"OZO-1BB799285E69","geometry":{"type":"Point","coordinates":[19.904155457651,50.0186644534119]},"properties":{"nazwa":"Miejsce ochronne","rodzajZrodla":"Obiekt ochrony ludności","adres":"ul. Szuwarowa 3, Kraków","dostepnosc":"Całodobowa"}},{"type":"Feature","id":"OZO-FC681F057962","geometry":{"type":"Point","coordinates":[20.0007685079826,50.0156767480097]},"properties":{"nazwa":"Miejsce ochronne","rodzajZrodla":"Obiekt ochrony ludności","adres":"ul. Republiki Korczakowskiej 19, Kraków","dostepnosc":"Całodobowa"}},{"type":"Feature","id":"OZO-854CD178A4C4","geometry":{"type":"Point","coordinates":[19.893187880516056,50.07713094705531]},"properties":{"nazwa":"Miejsce ochronne","rodzajZrodla":"Obiekt ochrony ludności","adres":"ul. Stańczyka 20, Kraków","dostepnosc":"Całodobowa"}},{"type":"Feature","id":"OZO-565C49EF2EDF","geometry":{"type":"Point","coordinates":[20.008194297552112,50.062898656704085]},"properties":{"nazwa":"Miejsce ochronne","rodzajZrodla":"Obiekt ochrony ludności","adres":"ul. Galicyjska 3B, Kraków","dostepnosc":"Całodobowa"}},{"type":"Feature","id":"OZO-8F385BED97A5","geometry":{"type":"Point","coordinates":[19.9176703886089,50.069898989855]},"properties":{"nazwa":"Miejsce ochronne","rodzajZrodla":"Obiekt ochrony ludności","adres":"ul. Spokojna 31, Kraków","dostepnosc":"Całodobowa"}},{"type":"Feature","id":"OZO-BF0C2D6448A0","geometry":{"type":"Point","coordinates":[19.921579062938694,50.02580635121509]},"properties":{"nazwa":"Miejsce ochronne","rodzajZrodla":"Obiekt ochrony ludności","adres":"ul. Ruczaj 17A, Kraków","dostepnosc":"Całodobowa"}},{"type":"Feature","id":"OZO-BCA8F18F4E0D","geometry":{"type":"Point","coordinates":[19.9658942942355,50.0643487508706]},"properties":{"nazwa":"Miejsce ochronne","rodzajZrodla":"Obiekt ochrony ludności","adres":"ul. płk. Francesco Nullo 28, Kraków","dostepnosc":"Na żądanie"}},{"type":"Feature","id":"OZO-CB732779C64D","geometry":{"type":"Point","coordinates":[19.9236723852243,50.0731032590578]},"properties":{"nazwa":"Miejsce ochronne","rodzajZrodla":"Obiekt ochrony ludności","adres":"ul. Kujawska 11A, Kraków","dostepnosc":"Całodobowa"}},{"type":"Feature","id":"OZO-935280325EFF","geometry":{"type":"Point","coordinates":[19.942941750787,50.0828644844689]},"properties":{"nazwa":"Miejsce ochronne","rodzajZrodla":"Obiekt ochrony ludności","adres":"ul. Żabiniec 83, Kraków","dostepnosc":"Na żądanie"}},{"type":"Feature","id":"OZO-6C7F83E730E6","geometry":{"type":"Point","coordinates":[19.9427627868132,50.0256088838059]},"properties":{"nazwa":"Miejsce ochronne","rodzajZrodla":"Obiekt ochrony ludności","adres":"ul. Aleksandra Fredry 6H, Kraków","dostepnosc":"Na żądanie"}},{"type":"Feature","id":"OZO-902143580878","geometry":{"type":"Point","coordinates":[19.9746626999997,50.0431140999992]},"properties":{"nazwa":"Miejsce ochronne","rodzajZrodla":"Obiekt ochrony ludności","adres":"ul. Strycharska 10, Kraków","dostepnosc":"Całodobowa"}},{"type":"Feature","id":"OZO-54C9EB5F45C3","geometry":{"type":"Point","coordinates":[19.9645013734533,50.0088577624452]},"properties":{"nazwa":"Miejsce ochronne","rodzajZrodla":"Obiekt ochrony ludności","adres":"ul. Kordiana 33, Kraków","dostepnosc":"Całodobowa"}},{"type":"Feature","id":"OZO-B4BAA238DF2E","geometry":{"type":"Point","coordinates":[19.92056518793106,50.09500355575033]},"properties":{"nazwa":"Miejsce ochronne","rodzajZrodla":"Obiekt ochrony ludności","adres":"ul. Henryka Pachońskiego 5C, Kraków","dostepnosc":"Całodobowa"}},{"type":"Feature","id":"OZO-793E654B58C2","geometry":{"type":"Point","coordinates":[19.9626551754599,50.0584857538615]},"properties":{"nazwa":"Miejsce ochronne","rodzajZrodla":"Obiekt ochrony ludności","adres":"Aleja Pokoju 5, Kraków","dostepnosc":"Na żądanie"}},{"type":"Feature","id":"OZO-FA898A0C3CF9","geometry":{"type":"Point","coordinates":[19.9604660020352,50.0897871991272]},"properties":{"nazwa":"Miejsce ochronne","rodzajZrodla":"Obiekt ochrony ludności","adres":"ul. mjr. Ryszarda Nuszkiewicza 14, Kraków","dostepnosc":"Na żądanie"}},{"type":"Feature","id":"OZO-E75C1DDEF78C","geometry":{"type":"Point","coordinates":[19.8917172322251,50.0133761187037]},"properties":{"nazwa":"Miejsce ochronne","rodzajZrodla":"Obiekt ochrony ludności","adres":"ul. dr. Jana Piltza 44, Kraków","dostepnosc":"Całodobowa"}},{"type":"Feature","id":"OZO-29F4625B49FF","geometry":{"type":"Point","coordinates":[19.9524958058971,50.0668691657795]},"properties":{"nazwa":"Miejsce ochronne","rodzajZrodla":"Obiekt ochrony ludności","adres":"ul. Topolowa 9, Kraków","dostepnosc":"Na żądanie"}},{"type":"Feature","id":"OZO-83B1F32CAE4F","geometry":{"type":"Point","coordinates":[19.955566674470905,50.10633118294073]},"properties":{"nazwa":"Miejsce ochronne","rodzajZrodla":"Obiekt ochrony ludności","adres":"ul. Górka Narodowa 118a, Kraków","dostepnosc":"Na żądanie"}},{"type":"Feature","id":"OZO-7479B2B41C3F","geometry":{"type":"Point","coordinates":[19.917102165578,50.0688027410351]},"properties":{"nazwa":"Miejsce ochronne","rodzajZrodla":"Obiekt ochrony ludności","adres":"ul. Spokojna 14, Kraków","dostepnosc":"Całodobowa"}},{"type":"Feature","id":"OZO-1A06EC4C2CB8","geometry":{"type":"Point","coordinates":[19.9198205904015,50.0233607825696]},"properties":{"nazwa":"Miejsce ochronne","rodzajZrodla":"Obiekt ochrony ludności","adres":"ul. Krokusowa 1, Kraków","dostepnosc":"Całodobowa"}},{"type":"Feature","id":"OZO-38FE2DC681EE","geometry":{"type":"Point","coordinates":[19.9836599999997,50.0703968999992]},"properties":{"nazwa":"Miejsce ochronne","rodzajZrodla":"Obiekt ochrony ludności","adres":"ul. Czyżyńska 17, Kraków","dostepnosc":"Na żądanie"}},{"type":"Feature","id":"OZO-4FFE5141C58E","geometry":{"type":"Point","coordinates":[19.9021924347664,50.0153160706657]},"properties":{"nazwa":"Miejsce ochronne","rodzajZrodla":"Obiekt ochrony ludności","adres":"ul. Lubostroń 1, Kraków","dostepnosc":"Określone godziny"}},{"type":"Feature","id":"OZO-3BB26CB6FB5D","geometry":{"type":"Point","coordinates":[19.8939985874547,50.0154170626846]},"properties":{"nazwa":"Miejsce ochronne","rodzajZrodla":"Obiekt ochrony ludności","adres":"ul. Lubostroń 20a, Kraków","dostepnosc":"Całodobowa"}},{"type":"Feature","id":"OZO-5E4A8CD5CD39","geometry":{"type":"Point","coordinates":[19.9301950999997,50.0857635999991]},"properties":{"nazwa":"Miejsce ochronne","rodzajZrodla":"Obiekt ochrony ludności","adres":"ul. Krowoderskich Zuchów 3, Kraków","dostepnosc":"Całodobowa"}},{"type":"Feature","id":"OZO-39159DEBFA23","geometry":{"type":"Point","coordinates":[19.9741185656499,50.0724033502001]},"properties":{"nazwa":"Miejsce ochronne","rodzajZrodla":"Obiekt ochrony ludności","adres":"ul. Śliczna 36, Kraków","dostepnosc":"Całodobowa"}},{"type":"Feature","id":"OZO-EFB68AEC7954","geometry":{"type":"Point","coordinates":[19.99751614,50.0455408]},"properties":{"nazwa":"Miejsce ochronne","rodzajZrodla":"Obiekt ochrony ludności","adres":"ul. Myśliwska 68, Kraków","dostepnosc":"Całodobowa"}},{"type":"Feature","id":"OZO-1C9F7C5671AA","geometry":{"type":"Point","coordinates":[20.0462389271922,50.0828401698185]},"properties":{"nazwa":"Miejsce ochronne","rodzajZrodla":"Obiekt ochrony ludności","adres":"ul. Bulwarowa 31B, Kraków","dostepnosc":"Całodobowa"}},{"type":"Feature","id":"OZO-CF219609FFFC","geometry":{"type":"Point","coordinates":[19.9085623023724,50.0123485468042]},"properties":{"nazwa":"Miejsce ochronne","rodzajZrodla":"Obiekt ochrony ludności","adres":"ul. Aleksandra Krępy 22, Kraków","dostepnosc":"Całodobowa"}},{"type":"Feature","id":"OZO-59279F102942","geometry":{"type":"Point","coordinates":[19.8813290980702,50.0837423398856]},"properties":{"nazwa":"Miejsce ochronne","rodzajZrodla":"Obiekt ochrony ludności","adres":"ul. Zielony Most 8B, Kraków","dostepnosc":"Całodobowa"}},{"type":"Feature","id":"OZO-7AEC070C1E59","geometry":{"type":"Point","coordinates":[19.993784277417856,50.09457494886259]},"properties":{"nazwa":"Miejsce ochronne","rodzajZrodla":"Obiekt ochrony ludności","adres":"Osiedle Oświecenia 55a, Kraków","dostepnosc":"Na żądanie"}},{"type":"Feature","id":"OZO-6BD6CD49BE30","geometry":{"type":"Point","coordinates":[19.9435290135178,50.0249722466893]},"properties":{"nazwa":"Miejsce ochronne","rodzajZrodla":"Obiekt ochrony ludności","adres":"ul. Aleksandra Fredry 4E, Kraków","dostepnosc":"Określone godziny"}},{"type":"Feature","id":"OZO-96D7123DD423","geometry":{"type":"Point","coordinates":[19.879086166620255,50.08340820163763]},"properties":{"nazwa":"Miejsce ochronne","rodzajZrodla":"Obiekt ochrony ludności","adres":"Osiedle Złota Podkowa 11, Kraków","dostepnosc":"Całodobowa"}},{"type":"Feature","id":"OZO-2A03CA516E32","geometry":{"type":"Point","coordinates":[19.918460752777,50.0942752231351]},"properties":{"nazwa":"Miejsce ochronne","rodzajZrodla":"Obiekt ochrony ludności","adres":"ul. Henryka Pachońskiego 5H, Kraków","dostepnosc":"Całodobowa"}},{"type":"Feature","id":"OZO-57396FBF2450","geometry":{"type":"Point","coordinates":[19.9186237807938,50.0939070480382]},"properties":{"nazwa":"Miejsce ochronne","rodzajZrodla":"Obiekt ochrony ludności","adres":"ul. Henryka Pachońskiego 5J, Kraków","dostepnosc":"Na żądanie"}},{"type":"Feature","id":"OZO-41A9C48AA7E7","geometry":{"type":"Point","coordinates":[19.8883282153868,50.0944597805294]},"properties":{"nazwa":"Miejsce ochronne","rodzajZrodla":"Obiekt ochrony ludności","adres":"ul. Sosnowiecka 33, Kraków","dostepnosc":"Na żądanie"}},{"type":"Feature","id":"OZO-41051F8A7FC3","geometry":{"type":"Point","coordinates":[19.9022963049184,49.9984053627012]},"properties":{"nazwa":"Miejsce ochronne","rodzajZrodla":"Obiekt ochrony ludności","adres":"ul. Mieczykowa 6, Kraków","dostepnosc":"Całodobowa"}},{"type":"Feature","id":"OZO-78ACBD372D8E","geometry":{"type":"Point","coordinates":[19.9462250526744,50.0890271878285]},"properties":{"nazwa":"Miejsce ochronne","rodzajZrodla":"Obiekt ochrony ludności","adres":"ul. Opolska 100, Kraków","dostepnosc":"Określone godziny"}},{"type":"Feature","id":"OZO-C3574EC2D5E7","geometry":{"type":"Point","coordinates":[19.9307264549563,50.0743916410249]},"properties":{"nazwa":"Miejsce ochronne","rodzajZrodla":"Obiekt ochrony ludności","adres":"ul. Słomnicka 4, Kraków","dostepnosc":"Na żądanie"}},{"type":"Feature","id":"OZO-DA703B204C81","geometry":{"type":"Point","coordinates":[20.0472940406637,50.0225211822399]},"properties":{"nazwa":"Miejsce ochronne","rodzajZrodla":"Obiekt ochrony ludności","adres":"ul. Agatowa 35, Kraków","dostepnosc":"Całodobowa"}},{"type":"Feature","id":"OZO-5B2F3F8168AE","geometry":{"type":"Point","coordinates":[19.9252108670423,50.0546442438171]},"properties":{"nazwa":"Miejsce ochronne","rodzajZrodla":"Obiekt ochrony ludności","adres":"ul. Włóczków 2, Kraków","dostepnosc":"Całodobowa"}},{"type":"Feature","id":"OZO-860234A9B647","geometry":{"type":"Point","coordinates":[19.9664977751516,50.0987829687534]},"properties":{"nazwa":"Miejsce ochronne","rodzajZrodla":"Obiekt ochrony ludności","adres":"ul. Arcybiskupa Zygmunta Szczęsnego Felińskiego 17, Kraków","dostepnosc":"Na żądanie"}},{"type":"Feature","id":"OZO-6B0EABA5AF1D","geometry":{"type":"Point","coordinates":[19.959799200296406,50.101116746812814]},"properties":{"nazwa":"Miejsce ochronne","rodzajZrodla":"Obiekt ochrony ludności","adres":"ul. Stefana Banacha 29A, Kraków","dostepnosc":"Na żądanie"}},{"type":"Feature","id":"OZO-B51E4370344E","geometry":{"type":"Point","coordinates":[19.9964628055573,50.0430070214462]},"properties":{"nazwa":"Miejsce ochronne","rodzajZrodla":"Obiekt ochrony ludności","adres":"ul. Przewóz 32H, Kraków","dostepnosc":"Całodobowa"}},{"type":"Feature","id":"OZO-1AFB2719EB1F","geometry":{"type":"Point","coordinates":[19.931597113609318,50.07523229002065]},"properties":{"nazwa":"Miejsce ochronne","rodzajZrodla":"Obiekt ochrony ludności","adres":"ul. Śląska 20, Kraków","dostepnosc":"Całodobowa"}},{"type":"Feature","id":"OZO-B2227CFE9D2B","geometry":{"type":"Point","coordinates":[19.9341527816071,50.0924696579872]},"properties":{"nazwa":"Miejsce ochronne","rodzajZrodla":"Obiekt ochrony ludności","adres":"ul. Nad Sudołem 32, Kraków","dostepnosc":"Na żądanie"}},{"type":"Feature","id":"OZO-3A4A0920FF23","geometry":{"type":"Point","coordinates":[19.9054850999997,50.0053233999991]},"properties":{"nazwa":"Miejsce ochronne","rodzajZrodla":"Obiekt ochrony ludności","adres":"ul. Borkowska 5, Kraków","dostepnosc":"Całodobowa"}},{"type":"Feature","id":"OZO-AC2AAECDC4F7","geometry":{"type":"Point","coordinates":[19.9103954766425,50.0839994043424]},"properties":{"nazwa":"Miejsce ochronne","rodzajZrodla":"Obiekt ochrony ludności","adres":"ul. Murarska 3C, Kraków","dostepnosc":"Całodobowa"}},{"type":"Feature","id":"OZO-B3EE136C8DF4","geometry":{"type":"Point","coordinates":[19.8932834654109,50.0789145159159]},"properties":{"nazwa":"Miejsce ochronne","rodzajZrodla":"Obiekt ochrony ludności","adres":"ul. Stańczyka 8A, Kraków","dostepnosc":"Całodobowa"}},{"type":"Feature","id":"OZO-14DCE2B26C88","geometry":{"type":"Point","coordinates":[19.951949715614322,50.09475405629514]},"properties":{"nazwa":"Miejsce ochronne","rodzajZrodla":"Obiekt ochrony ludności","adres":"ul. OsiedleWolfganga Amadeusa Mozarta 31, Kraków","dostepnosc":"Na żądanie"}},{"type":"Feature","id":"OZO-CD166ED49DE6","geometry":{"type":"Point","coordinates":[19.96531144063215,50.08441131550469]},"properties":{"nazwa":"Miejsce ochronne","rodzajZrodla":"Obiekt ochrony ludności","adres":"ul. Lublańska 22, Kraków","dostepnosc":"Na żądanie"}},{"type":"Feature","id":"OZO-70C19154B1A4","geometry":{"type":"Point","coordinates":[19.9445181619118,50.0825657043991]},"properties":{"nazwa":"Miejsce ochronne","rodzajZrodla":"Obiekt ochrony ludności","adres":"ul. Żabiniec 89, Kraków","dostepnosc":"Na żądanie"}},{"type":"Feature","id":"OZO-1442E471D55F","geometry":{"type":"Point","coordinates":[19.9036769195943,50.0209442153671]},"properties":{"nazwa":"Miejsce ochronne","rodzajZrodla":"Obiekt ochrony ludności","adres":"ul. Raciborska 13, Kraków","dostepnosc":"Całodobowa"}},{"type":"Feature","id":"OZO-DBF1C04EC326","geometry":{"type":"Point","coordinates":[19.9154697395764,50.0204723840891]},"properties":{"nazwa":"Miejsce ochronne","rodzajZrodla":"Obiekt ochrony ludności","adres":"ul. Obozowa 120, Kraków","dostepnosc":"Całodobowa"}},{"type":"Feature","id":"OZO-E29DC11E7E43","geometry":{"type":"Point","coordinates":[19.9026212210526,50.0231899167524]},"properties":{"nazwa":"Miejsce ochronne","rodzajZrodla":"Obiekt ochrony ludności","adres":"ul. Drukarska 13, Kraków","dostepnosc":"Na żądanie"}},{"type":"Feature","id":"OZO-0A2EAB8781AA","geometry":{"type":"Point","coordinates":[19.9630734806976,50.089780085007]},"properties":{"nazwa":"Miejsce ochronne","rodzajZrodla":"Obiekt ochrony ludności","adres":"ul. mjr. Ryszarda Nuszkiewicza 1, Kraków","dostepnosc":"Na żądanie"}},{"type":"Feature","id":"OZO-39700DF47911","geometry":{"type":"Point","coordinates":[19.883000850677494,50.0889928385925]},"properties":{"nazwa":"Miejsce ochronne","rodzajZrodla":"Obiekt ochrony ludności","adres":"ul. Katowicka 11, Kraków","dostepnosc":"Całodobowa"}},{"type":"Feature","id":"OZO-4BF0CF3B77A8","geometry":{"type":"Point","coordinates":[19.923707755701795,50.07000644622481]},"properties":{"nazwa":"Miejsce ochronne","rodzajZrodla":"Obiekt ochrony ludności","adres":"ul. Józefitów 16, Kraków","dostepnosc":"Określone godziny"}},{"type":"Feature","id":"OZO-5D0895B30FC4","geometry":{"type":"Point","coordinates":[19.9821711284366,50.0943653363162]},"properties":{"nazwa":"Miejsce ochronne","rodzajZrodla":"Obiekt ochrony ludności","adres":"ul. Reduta 30, Kraków","dostepnosc":"Na żądanie"}},{"type":"Feature","id":"OZO-9E16FF5F34DC","geometry":{"type":"Point","coordinates":[19.9123119607219,50.0669304832701]},"properties":{"nazwa":"Miejsce ochronne","rodzajZrodla":"Obiekt ochrony ludności","adres":"ul. Władysława Reymonta 21B, Kraków","dostepnosc":"Całodobowa"}},{"type":"Feature","id":"OZO-E62A918E0AE1","geometry":{"type":"Point","coordinates":[20.0468896233232,50.1085418472748]},"properties":{"nazwa":"Miejsce ochronne","rodzajZrodla":"Obiekt ochrony ludności","adres":"154, Zastów","dostepnosc":"Na żądanie"}},{"type":"Feature","id":"OZO-359182759B5E","geometry":{"type":"Point","coordinates":[19.9908232179427,50.0252426078786]},"properties":{"nazwa":"Miejsce ochronne","rodzajZrodla":"Obiekt ochrony ludności","adres":"ul. Bieżanowska 54, Kraków","dostepnosc":"Całodobowa"}},{"type":"Feature","id":"OZO-30E12296F53F","geometry":{"type":"Point","coordinates":[20.0047830399148,50.0148422736744]},"properties":{"nazwa":"Miejsce ochronne","rodzajZrodla":"Obiekt ochrony ludności","adres":"ul. Jana Kurczaba 5, Kraków","dostepnosc":"Określone godziny"}},{"type":"Feature","id":"OZO-CC52E79F19EB","geometry":{"type":"Point","coordinates":[19.974475905549,50.0395457054934]},"properties":{"nazwa":"Miejsce ochronne","rodzajZrodla":"Obiekt ochrony ludności","adres":"ul. Wodna 24, Kraków","dostepnosc":"Całodobowa"}},{"type":"Feature","id":"OZO-3DFC61DEF2DA","geometry":{"type":"Point","coordinates":[19.9785992489326,50.012308894846]},"properties":{"nazwa":"Miejsce ochronne","rodzajZrodla":"Obiekt ochrony ludności","adres":"ul. Adama Bochenka 22, Kraków","dostepnosc":"Całodobowa"}},{"type":"Feature","id":"OZO-0A93782A399C","geometry":{"type":"Point","coordinates":[19.9746788757202,50.0391928382908]},"properties":{"nazwa":"Miejsce ochronne","rodzajZrodla":"Obiekt ochrony ludności","adres":"ul. Wodna 26, Kraków","dostepnosc":"Całodobowa"}},{"type":"Feature","id":"OZO-5FF4EB4D2688","geometry":{"type":"Point","coordinates":[19.879640042781833,50.08479022323446]},"properties":{"nazwa":"Miejsce ochronne","rodzajZrodla":"Obiekt ochrony ludności","adres":"Osiedle Złota Podkowa 6, Kraków","dostepnosc":"Całodobowa"}},{"type":"Feature","id":"OZO-D475F9F88EB9","geometry":{"type":"Point","coordinates":[19.9999434966594,50.0817487202965]},"properties":{"nazwa":"Miejsce ochronne","rodzajZrodla":"Obiekt ochrony ludności","adres":"ul. Bolesława Orlińskiego 1, Kraków","dostepnosc":"Całodobowa"}},{"type":"Feature","id":"OZO-29DC00541B7E","geometry":{"type":"Point","coordinates":[19.942698565729,50.0270452719105]},"properties":{"nazwa":"Miejsce ochronne","rodzajZrodla":"Obiekt ochrony ludności","adres":"ul. Aleksandra Fredry 2a, Kraków","dostepnosc":"Określone godziny"}},{"type":"Feature","id":"OZO-F1707C966F49","geometry":{"type":"Point","coordinates":[19.956730753183365,50.09249473656548]},"properties":{"nazwa":"Miejsce ochronne","rodzajZrodla":"Obiekt ochrony ludności","adres":"ul. Bociana 4, Kraków","dostepnosc":"Na żądanie"}},{"type":"Feature","id":"OZO-5C3944C9D193","geometry":{"type":"Point","coordinates":[19.91008794,50.01679742]},"properties":{"nazwa":"Miejsce ochronne","rodzajZrodla":"Obiekt ochrony ludności","adres":"ul. Obozowa 74, Kraków","dostepnosc":"Całodobowa"}},{"type":"Feature","id":"OZO-66854AC22702","geometry":{"type":"Point","coordinates":[19.9824689247738,50.0939777129831]},"properties":{"nazwa":"Miejsce ochronne","rodzajZrodla":"Obiekt ochrony ludności","adres":"ul. Reduta 25, Kraków","dostepnosc":"Na żądanie"}},{"type":"Feature","id":"OZO-CA6504C46399","geometry":{"type":"Point","coordinates":[19.8902537207539,50.0126562733262]},"properties":{"nazwa":"Miejsce ochronne","rodzajZrodla":"Obiekt ochrony ludności","adres":"ul. dr. Jana Piltza 35, Kraków","dostepnosc":"Całodobowa"}},{"type":"Feature","id":"OZO-35D51697F176","geometry":{"type":"Point","coordinates":[19.9022974259696,50.002193688416]},"properties":{"nazwa":"Miejsce ochronne","rodzajZrodla":"Obiekt ochrony ludności","adres":"ul. Borkowska 29E, Kraków","dostepnosc":"Całodobowa"}},{"type":"Feature","id":"OZO-99238A1C6A20","geometry":{"type":"Point","coordinates":[19.9596612999997,50.0499833999992]},"properties":{"nazwa":"Miejsce ochronne","rodzajZrodla":"Obiekt ochrony ludności","adres":"ul. Zabłocie 19A, Kraków","dostepnosc":"Całodobowa"}},{"type":"Feature","id":"OZO-9AB2498CD232","geometry":{"type":"Point","coordinates":[19.9734259117186,50.040897292706]},"properties":{"nazwa":"Miejsce ochronne","rodzajZrodla":"Obiekt ochrony ludności","adres":"ul. Krzywda 17H, Kraków","dostepnosc":"Całodobowa"}},{"type":"Feature","id":"OZO-DD868E22735B","geometry":{"type":"Point","coordinates":[19.912965148687366,50.08301578973684]},"properties":{"nazwa":"Miejsce ochronne","rodzajZrodla":"Obiekt ochrony ludności","adres":"ul. Wacława Nałkowskiego 2, Kraków","dostepnosc":"Na żądanie"}},{"type":"Feature","id":"OZO-E10D82F5583F","geometry":{"type":"Point","coordinates":[19.9215677566461,50.0758572481926]},"properties":{"nazwa":"Miejsce ochronne","rodzajZrodla":"Obiekt ochrony ludności","adres":"ul. Mazowiecka 72, Kraków","dostepnosc":"Całodobowa"}},{"type":"Feature","id":"OZO-0F777611A28C","geometry":{"type":"Point","coordinates":[19.9962666215291,50.0940192158606]},"properties":{"nazwa":"Miejsce ochronne","rodzajZrodla":"Obiekt ochrony ludności","adres":"Osiedle Tysiąclecia 86, Kraków","dostepnosc":"Na żądanie"}},{"type":"Feature","id":"OZO-11A74A88B334","geometry":{"type":"Point","coordinates":[19.918474406003956,50.01462515491794]},"properties":{"nazwa":"Miejsce ochronne","rodzajZrodla":"Obiekt ochrony ludności","adres":"ul. Żywiecka 40, Kraków","dostepnosc":"Całodobowa"}},{"type":"Feature","id":"OZO-D7936E900AD4","geometry":{"type":"Point","coordinates":[19.9851909999997,50.0713891999991]},"properties":{"nazwa":"Miejsce ochronne","rodzajZrodla":"Obiekt ochrony ludności","adres":"ul. Stanisława Lema 5, Kraków","dostepnosc":"Na żądanie"}},{"type":"Feature","id":"OZO-6C37F4BD7E1C","geometry":{"type":"Point","coordinates":[19.968452443317734,50.08412346705996]},"properties":{"nazwa":"Miejsce ochronne","rodzajZrodla":"Obiekt ochrony ludności","adres":"ul. Macieja Miechowity 17, Kraków","dostepnosc":"Na żądanie"}},{"type":"Feature","id":"OZO-04D8A1B1B14F","geometry":{"type":"Point","coordinates":[19.9432573560361,50.0912189297803]},"properties":{"nazwa":"Miejsce ochronne","rodzajZrodla":"Obiekt ochrony ludności","adres":"ul. Gabriela Narutowicza 14, Kraków","dostepnosc":"Na żądanie"}},{"type":"Feature","id":"OZO-7BCDDFB7C58A","geometry":{"type":"Point","coordinates":[19.984818174731,50.0924205670034]},"properties":{"nazwa":"Miejsce ochronne","rodzajZrodla":"Obiekt ochrony ludności","adres":"ul. Marchołta 26, Kraków","dostepnosc":"Na żądanie"}},{"type":"Feature","id":"OZO-67DEB8328A81","geometry":{"type":"Point","coordinates":[19.969680744342504,50.084290410763124]},"properties":{"nazwa":"Miejsce ochronne","rodzajZrodla":"Obiekt ochrony ludności","adres":"ul. Młyńska 11, Kraków","dostepnosc":"Na żądanie"}},{"type":"Feature","id":"OZO-E12C3BC6FE82","geometry":{"type":"Point","coordinates":[19.9817388411526,50.0642359489874]},"properties":{"nazwa":"Miejsce ochronne","rodzajZrodla":"Obiekt ochrony ludności","adres":"ul. Dąbska 5, Kraków","dostepnosc":"Na żądanie"}},{"type":"Feature","id":"OZO-84615B97AE26","geometry":{"type":"Point","coordinates":[19.8962544090563,50.085043337264]},"properties":{"nazwa":"Miejsce ochronne","rodzajZrodla":"Obiekt ochrony ludności","adres":"ul. Eliasza Radzikowskiego 65g, Kraków","dostepnosc":"Na żądanie"}},{"type":"Feature","id":"OZO-BB16DDA3774C","geometry":{"type":"Point","coordinates":[19.9662325083962,50.0437204497792]},"properties":{"nazwa":"Miejsce ochronne","rodzajZrodla":"Obiekt ochrony ludności","adres":"ul. Powstańców Wielkopolskich 13G, Kraków","dostepnosc":"Określone godziny"}},{"type":"Feature","id":"OZO-728D6CF5AFBD","geometry":{"type":"Point","coordinates":[20.0436061015168,50.067455793219]},"properties":{"nazwa":"Miejsce ochronne","rodzajZrodla":"Obiekt ochrony ludności","adres":"Osiedle Na Skarpie 60, Kraków","dostepnosc":"Całodobowa"}},{"type":"Feature","id":"OZO-DB070CC353F4","geometry":{"type":"Point","coordinates":[20.0195461272112,50.0189161695596]},"properties":{"nazwa":"Miejsce ochronne","rodzajZrodla":"Obiekt ochrony ludności","adres":"ul. Duża Góra 32K, Kraków","dostepnosc":"Całodobowa"}},{"type":"Feature","id":"OZO-58D69852ADF4","geometry":{"type":"Point","coordinates":[19.9760608561226,50.0206529861412]},"properties":{"nazwa":"Miejsce ochronne","rodzajZrodla":"Obiekt ochrony ludności","adres":"ul. Alfreda Dauna 97, Kraków","dostepnosc":"Całodobowa"}},{"type":"Feature","id":"OZO-591FBD067328","geometry":{"type":"Point","coordinates":[20.0040676444788,50.0135180167917]},"properties":{"nazwa":"Miejsce ochronne","rodzajZrodla":"Obiekt ochrony ludności","adres":"ul. Jana Kurczaba 10, Kraków","dostepnosc":"Całodobowa"}},{"type":"Feature","id":"OZO-B9BCD45A990E","geometry":{"type":"Point","coordinates":[19.9716202076392,50.0616817316328]},"properties":{"nazwa":"Miejsce ochronne","rodzajZrodla":"Obiekt ochrony ludności","adres":"ul. Fabryczna 5A, Kraków","dostepnosc":"Całodobowa"}},{"type":"Feature","id":"OZO-3111F8DE3EB7","geometry":{"type":"Point","coordinates":[20.048635753835,50.0233425038234]},"properties":{"nazwa":"Miejsce ochronne","rodzajZrodla":"Obiekt ochrony ludności","adres":"ul. Mariana Domagały 45D, Kraków","dostepnosc":"Całodobowa"}},{"type":"Feature","id":"OZO-EE4380CCD073","geometry":{"type":"Point","coordinates":[19.9083985012241,50.0122936332625]},"properties":{"nazwa":"Miejsce ochronne","rodzajZrodla":"Obiekt ochrony ludności","adres":"ul. Obozowa 34, Kraków","dostepnosc":"Całodobowa"}},{"type":"Feature","id":"OZO-C87D97B2F643","geometry":{"type":"Point","coordinates":[19.994607675428,50.0221110435976]},"properties":{"nazwa":"Miejsce ochronne","rodzajZrodla":"Obiekt ochrony ludności","adres":"ul. Snycerska 41, Kraków","dostepnosc":"Całodobowa"}},{"type":"Feature","id":"OZO-18965A77D4D8","geometry":{"type":"Point","coordinates":[19.904163479804993,50.079630243135085]},"properties":{"nazwa":"Miejsce ochronne","rodzajZrodla":"Obiekt ochrony ludności","adres":"ul. Lucjana Rydla 45, Kraków","dostepnosc":"Całodobowa"}},{"type":"Feature","id":"OZO-7BB2BFD98DCE","geometry":{"type":"Point","coordinates":[19.92951571941376,50.076053386650266]},"properties":{"nazwa":"Miejsce ochronne","rodzajZrodla":"Obiekt ochrony ludności","adres":"ul. Władysława Łokietka 8D, Kraków","dostepnosc":"Całodobowa"}},{"type":"Feature","id":"OZO-8B90B882D06F","geometry":{"type":"Point","coordinates":[19.88612086471398,50.09498233399065]},"properties":{"nazwa":"Miejsce ochronne","rodzajZrodla":"Obiekt ochrony ludności","adres":"ul. Sosnowiecka 19b, Kraków","dostepnosc":"Na żądanie"}},{"type":"Feature","id":"OZO-F5EA626884AC","geometry":{"type":"Point","coordinates":[19.9319557999997,50.0342427999991]},"properties":{"nazwa":"Miejsce ochronne","rodzajZrodla":"Obiekt ochrony ludności","adres":"ul. Tadeusza Szafrana 5, Kraków","dostepnosc":"Całodobowa"}},{"type":"Feature","id":"OZO-6011FEB404CF","geometry":{"type":"Point","coordinates":[20.0563942355028,50.0201629394891]},"properties":{"nazwa":"Miejsce ochronne","rodzajZrodla":"Obiekt ochrony ludności","adres":"ul. Henryka i Karola Czeczów 20, Kraków","dostepnosc":"Całodobowa"}},{"type":"Feature","id":"OZO-39EF3D397702","geometry":{"type":"Point","coordinates":[19.9904462709491,50.0513711903263]},"properties":{"nazwa":"Miejsce ochronne","rodzajZrodla":"Obiekt ochrony ludności","adres":"ul. Nowohucka 33, Kraków","dostepnosc":"Całodobowa"}},{"type":"Feature","id":"OZO-5E087BA7B2C2","geometry":{"type":"Point","coordinates":[19.931567609310154,50.047015552396694]},"properties":{"nazwa":"Miejsce ochronne","rodzajZrodla":"Obiekt ochrony ludności","adres":"ul. Wygrana 6, Kraków","dostepnosc":"Określone godziny"}},{"type":"Feature","id":"OZO-60412AE2CE88","geometry":{"type":"Point","coordinates":[20.0168102327812,50.062193237274]},"properties":{"nazwa":"Miejsce ochronne","rodzajZrodla":"Obiekt ochrony ludności","adres":"ul. Sikorki 10, Kraków","dostepnosc":"Całodobowa"}},{"type":"Feature","id":"OZO-E698B0794DF7","geometry":{"type":"Point","coordinates":[19.925653338432316,50.07890043460729]},"properties":{"nazwa":"Miejsce ochronne","rodzajZrodla":"Obiekt ochrony ludności","adres":"ul. Poznańska 6, Kraków","dostepnosc":"Całodobowa"}},{"type":"Feature","id":"OZO-ABCE27EA657E","geometry":{"type":"Point","coordinates":[19.92306232452393,50.07948221683188]},"properties":{"nazwa":"Miejsce ochronne","rodzajZrodla":"Obiekt ochrony ludności","adres":"ul. Wrocławska 53, Kraków","dostepnosc":"Całodobowa"}},{"type":"Feature","id":"OZO-D1B138335791","geometry":{"type":"Point","coordinates":[19.916981756687168,50.01334452817378]},"properties":{"nazwa":"Miejsce ochronne","rodzajZrodla":"Obiekt ochrony ludności","adres":"ul. Kępna 19, Kraków","dostepnosc":"Całodobowa"}},{"type":"Feature","id":"OZO-1C1B7C753171","geometry":{"type":"Point","coordinates":[19.9125385947901,50.0316904596996]},"properties":{"nazwa":"Miejsce ochronne","rodzajZrodla":"Obiekt ochrony ludności","adres":"ul. Pychowicka 18J, Kraków","dostepnosc":"Określone godziny"}},{"type":"Feature","id":"OZO-C6B50F00A4D9","geometry":{"type":"Point","coordinates":[19.9828793,50.076075]},"properties":{"nazwa":"Miejsce ochronne","rodzajZrodla":"Obiekt ochrony ludności","adres":"ul. Ugorek 1, Kraków","dostepnosc":"Na żądanie"}},{"type":"Feature","id":"OZO-588657AA9D1B","geometry":{"type":"Point","coordinates":[19.9055146237372,49.9967753195066]},"properties":{"nazwa":"Miejsce ochronne","rodzajZrodla":"Obiekt ochrony ludności","adres":"ul. Anny Szwed-Śniadowskiej 31, Kraków","dostepnosc":"Całodobowa"}},{"type":"Feature","id":"OZO-8D6173EFC355","geometry":{"type":"Point","coordinates":[19.885016530752182,50.00777349088802]},"properties":{"nazwa":"Miejsce ochronne","rodzajZrodla":"Obiekt ochrony ludności","adres":"ul. dr. Józefa Babińskiego 42b, Kraków","dostepnosc":"Całodobowa"}},{"type":"Feature","id":"OZO-B815FE88318C","geometry":{"type":"Point","coordinates":[19.917806535959247,50.0911783282786]},"properties":{"nazwa":"Miejsce ochronne","rodzajZrodla":"Obiekt ochrony ludności","adres":"ul. Skrajna 3a, Kraków","dostepnosc":"Na żądanie"}},{"type":"Feature","id":"OZO-71CAD97374B5","geometry":{"type":"Point","coordinates":[19.8924144915735,50.017397790224]},"properties":{"nazwa":"Miejsce ochronne","rodzajZrodla":"Obiekt ochrony ludności","adres":"ul. Profesora Michała Bobrzyńskiego 41, Kraków","dostepnosc":"Całodobowa"}},{"type":"Feature","id":"OZO-AABDC3AA8D09","geometry":{"type":"Point","coordinates":[20.0032068725327,50.0818442639374]},"properties":{"nazwa":"Miejsce ochronne","rodzajZrodla":"Obiekt ochrony ludności","adres":"Osiedle Dywizjonu 303 4c, Kraków","dostepnosc":"Całodobowa"}},{"type":"Feature","id":"OZO-D81ED6CE504A","geometry":{"type":"Point","coordinates":[19.9500989999997,50.0639495999991]},"properties":{"nazwa":"Miejsce ochronne","rodzajZrodla":"Obiekt ochrony ludności","adres":"ul. Lubicz 17C, Kraków","dostepnosc":"Całodobowa"}},{"type":"Feature","id":"OZO-3A1A99D9BCB8","geometry":{"type":"Point","coordinates":[19.961447495350534,50.05426770369395]},"properties":{"nazwa":"Miejsce ochronne","rodzajZrodla":"Obiekt ochrony ludności","adres":"ul. Grzegórzecka 67e, Kraków","dostepnosc":"Całodobowa"}},{"type":"Feature","id":"OZO-6A037F691536","geometry":{"type":"Point","coordinates":[19.9517449790734,50.0517574132456]},"properties":{"nazwa":"Miejsce ochronne","rodzajZrodla":"Obiekt ochrony ludności","adres":"ul. Halicka 14A, Kraków","dostepnosc":"Całodobowa"}},{"type":"Feature","id":"OZO-61F2ED71DC82","geometry":{"type":"Point","coordinates":[19.828679412603382,50.03086702050133]},"properties":{"nazwa":"Miejsce ochronne","rodzajZrodla":"Obiekt ochrony ludności","adres":"ul. Kolna 19A, Kraków","dostepnosc":"Określone godziny"}},{"type":"Feature","id":"OZO-61B4463054A7","geometry":{"type":"Point","coordinates":[19.992565263991374,50.08133009848217]},"properties":{"nazwa":"Miejsce ochronne","rodzajZrodla":"Obiekt ochrony ludności","adres":"ul. prof. Michała Życzkowskiego 33, Kraków","dostepnosc":"Na żądanie"}},{"type":"Feature","id":"OZO-CBF28E74D47C","geometry":{"type":"Point","coordinates":[19.9673259808883,50.0484005922254]},"properties":{"nazwa":"Miejsce ochronne","rodzajZrodla":"Obiekt ochrony ludności","adres":"ul. Jana Dekerta 24, Kraków","dostepnosc":"Określone godziny"}},{"type":"Feature","id":"OZO-119CCE7EDA97","geometry":{"type":"Point","coordinates":[19.9275059997698,50.0585436728124]},"properties":{"nazwa":"Miejsce ochronne","rodzajZrodla":"Obiekt ochrony ludności","adres":"ul. Smoleńsk 29, Kraków","dostepnosc":"Na żądanie"}},{"type":"Feature","id":"OZO-54FBB0B41EBE","geometry":{"type":"Point","coordinates":[19.9303752680527,50.0461401418045]},"properties":{"nazwa":"Miejsce ochronne","rodzajZrodla":"Obiekt ochrony ludności","adres":"ul. Dworska 1B, Kraków","dostepnosc":"Całodobowa"}},{"type":"Feature","id":"OZO-0B2355C735C1","geometry":{"type":"Point","coordinates":[20.0286125727251,50.0691584667737]},"properties":{"nazwa":"Miejsce ochronne","rodzajZrodla":"Obiekt ochrony ludności","adres":"ul. bp. Filipa Padniewskiego 18, Kraków","dostepnosc":"Na żądanie"}},{"type":"Feature","id":"OZO-1CE9B9B693C1","geometry":{"type":"Point","coordinates":[19.9160623550024,50.030329055167]},"properties":{"nazwa":"Miejsce ochronne","rodzajZrodla":"Obiekt ochrony ludności","adres":"ul. Stefana Grota-Roweckiego 23, Kraków","dostepnosc":"Całodobowa"}},{"type":"Feature","id":"OZO-6AF092F680B8","geometry":{"type":"Point","coordinates":[19.9009713546151,49.9989932650098]},"properties":{"nazwa":"Miejsce ochronne","rodzajZrodla":"Obiekt ochrony ludności","adres":"ul. Mieczykowa 12, Kraków","dostepnosc":"Całodobowa"}},{"type":"Feature","id":"OZO-256D0048BAE4","geometry":{"type":"Point","coordinates":[19.913405,50.0477116666667]},"properties":{"nazwa":"Miejsce ochronne","rodzajZrodla":"Obiekt ochrony ludności","adres":"ul. Praska 34A, Kraków","dostepnosc":"Całodobowa"}},{"type":"Feature","id":"OZO-8F598D2CCD1B","geometry":{"type":"Point","coordinates":[19.89475026726723,50.08496576982548]},"properties":{"nazwa":"Miejsce ochronne","rodzajZrodla":"Obiekt ochrony ludności","adres":"ul. Władysława Podkowińskiego 4a, Kraków","dostepnosc":"Na żądanie"}},{"type":"Feature","id":"OZO-262FE96FEF6C","geometry":{"type":"Point","coordinates":[19.9637717177195,50.0271831444389]},"properties":{"nazwa":"Miejsce ochronne","rodzajZrodla":"Obiekt ochrony ludności","adres":"ul. Henryka Kamieńskiego 47, Kraków","dostepnosc":"Określone godziny"}},{"type":"Feature","id":"OZO-0F86B09F0B7B","geometry":{"type":"Point","coordinates":[19.9658861071873,50.064790429774]},"properties":{"nazwa":"Miejsce ochronne","rodzajZrodla":"Obiekt ochrony ludności","adres":"ul. płk. Francesco Nullo 40, Kraków","dostepnosc":"Całodobowa"}},{"type":"Feature","id":"OZO-25E1105B0AE6","geometry":{"type":"Point","coordinates":[19.9004167863101,50.0712669749853]},"properties":{"nazwa":"Miejsce ochronne","rodzajZrodla":"Obiekt ochrony ludności","adres":"ul. Armii Krajowej 12, Kraków","dostepnosc":"Całodobowa"}},{"type":"Feature","id":"OZO-13C03D81AE52","geometry":{"type":"Point","coordinates":[19.968411773443226,50.07321477694913]},"properties":{"nazwa":"Miejsce ochronne","rodzajZrodla":"Obiekt ochrony ludności","adres":"ul. Kryniczna 2, Kraków","dostepnosc":"Całodobowa"}},{"type":"Feature","id":"OZO-CE1C9C792FE5","geometry":{"type":"Point","coordinates":[19.953509470787,50.0468685598211]},"properties":{"nazwa":"Miejsce ochronne","rodzajZrodla":"Obiekt ochrony ludności","adres":"ul. Piwna 25, Kraków","dostepnosc":"Całodobowa"}},{"type":"Feature","id":"OZO-83223E1C56AC","geometry":{"type":"Point","coordinates":[19.9581479367588,50.0677043246182]},"properties":{"nazwa":"Miejsce ochronne","rodzajZrodla":"Obiekt ochrony ludności","adres":"ul. Aleksandra Lubomirskiego 22, Kraków","dostepnosc":"Na żądanie"}},{"type":"Feature","id":"OZO-A6A67F9E2C8D","geometry":{"type":"Point","coordinates":[19.902210831642154,50.07923435781242]},"properties":{"nazwa":"Miejsce ochronne","rodzajZrodla":"Obiekt ochrony ludności","adres":"ul. Lucjana Rydla 32, Kraków","dostepnosc":"Całodobowa"}},{"type":"Feature","id":"OZO-19E7529A560F","geometry":{"type":"Point","coordinates":[19.9071360225764,50.0676952192699]},"properties":{"nazwa":"Miejsce ochronne","rodzajZrodla":"Obiekt ochrony ludności","adres":"ul. Witolda Budryka 2, Kraków","dostepnosc":"Całodobowa"}},{"type":"Feature","id":"OZO-C460534D7A86","geometry":{"type":"Point","coordinates":[20.0268982081779,50.0738667186124]},"properties":{"nazwa":"Miejsce ochronne","rodzajZrodla":"Obiekt ochrony ludności","adres":"Osiedle Kolorowe 11a, Kraków","dostepnosc":"Całodobowa"}},{"type":"Feature","id":"OZO-6B6844432F1A","geometry":{"type":"Point","coordinates":[19.8909629135816,50.017342385844]},"properties":{"nazwa":"Miejsce ochronne","rodzajZrodla":"Obiekt ochrony ludności","adres":"ul. Profesora Michała Bobrzyńskiego 45, Kraków","dostepnosc":"Całodobowa"}},{"type":"Feature","id":"OZO-297BD5A24EB5","geometry":{"type":"Point","coordinates":[19.986516085706,50.0939741595081]},"properties":{"nazwa":"Miejsce ochronne","rodzajZrodla":"Obiekt ochrony ludności","adres":"ul. Marchołta 53, Kraków","dostepnosc":"Na żądanie"}},{"type":"Feature","id":"OZO-527E5049101D","geometry":{"type":"Point","coordinates":[19.9083555560648,50.0205897776647]},"properties":{"nazwa":"Miejsce ochronne","rodzajZrodla":"Obiekt ochrony ludności","adres":"ul. Kobierzyńska 134B, Kraków","dostepnosc":"Całodobowa"}},{"type":"Feature","id":"OZO-7874E29634BE","geometry":{"type":"Point","coordinates":[20.0043412999997,50.0815774999991]},"properties":{"nazwa":"Miejsce ochronne","rodzajZrodla":"Obiekt ochrony ludności","adres":"ul. Bolesława Orlińskiego 9A, Kraków","dostepnosc":"Całodobowa"}},{"type":"Feature","id":"OZO-6A6A1C567ACB","geometry":{"type":"Point","coordinates":[19.9665552750074,50.0608834391744]},"properties":{"nazwa":"Miejsce ochronne","rodzajZrodla":"Obiekt ochrony ludności","adres":"ul. płk. Francesco Nullo 13, Kraków","dostepnosc":"Całodobowa"}},{"type":"Feature","id":"OZO-58B3AC9E95DC","geometry":{"type":"Point","coordinates":[19.9566835852323,50.0550225066318]},"properties":{"nazwa":"Miejsce ochronne","rodzajZrodla":"Obiekt ochrony ludności","adres":"ul. Masarska 9, Kraków","dostepnosc":"Na żądanie"}},{"type":"Feature","id":"OZO-EC7F72D6440F","geometry":{"type":"Point","coordinates":[19.900565296411518,49.99732605529522]},"properties":{"nazwa":"Miejsce ochronne","rodzajZrodla":"Obiekt ochrony ludności","adres":"ul. Mieczykowa 13, Kraków","dostepnosc":"Całodobowa"}},{"type":"Feature","id":"OZO-F6272E779562","geometry":{"type":"Point","coordinates":[19.9856179859422,50.0747568719437]},"properties":{"nazwa":"Miejsce ochronne","rodzajZrodla":"Obiekt ochrony ludności","adres":"ul. Ułanów 32, Kraków","dostepnosc":"Na żądanie"}},{"type":"Feature","id":"OZO-8338BAA63757","geometry":{"type":"Point","coordinates":[19.936964213848114,50.03881104049276]},"properties":{"nazwa":"Miejsce ochronne","rodzajZrodla":"Obiekt ochrony ludności","adres":"ul. Marii Konopnickiej 63, Kraków","dostepnosc":"Całodobowa"}},{"type":"Feature","id":"OZO-994256B18DA0","geometry":{"type":"Point","coordinates":[19.90128949284554,50.08341508602829]},"properties":{"nazwa":"Miejsce ochronne","rodzajZrodla":"Obiekt ochrony ludności","adres":"ul. Eliasza Radzikowskiego 47d, Kraków","dostepnosc":"Na żądanie"}},{"type":"Feature","id":"OZO-CE2A303B08A4","geometry":{"type":"Point","coordinates":[19.95607361197472,50.10198041088989]},"properties":{"nazwa":"Miejsce ochronne","rodzajZrodla":"Obiekt ochrony ludności","adres":"ul. Stefana Banacha 41, Kraków","dostepnosc":"Na żądanie"}},{"type":"Feature","id":"OZO-4B33A17234FF","geometry":{"type":"Point","coordinates":[19.849186,50.0846218]},"properties":{"nazwa":"Miejsce ochronne","rodzajZrodla":"Obiekt ochrony ludności","adres":"ul. Kazimierza Wierzyńskiego 18, Kraków","dostepnosc":"Całodobowa"}},{"type":"Feature","id":"OZO-23149BFA127E","geometry":{"type":"Point","coordinates":[19.9495775079342,50.0092726444672]},"properties":{"nazwa":"Miejsce ochronne","rodzajZrodla":"Obiekt ochrony ludności","adres":"ul. Franciszka Bujaka 16A, Kraków","dostepnosc":"Całodobowa"}},{"type":"Feature","id":"OZO-284A8EDF215A","geometry":{"type":"Point","coordinates":[19.9844310019024,50.0689556241479]},"properties":{"nazwa":"Miejsce ochronne","rodzajZrodla":"Obiekt ochrony ludności","adres":"ul. Dąbska 18N, Kraków","dostepnosc":"Na żądanie"}},{"type":"Feature","id":"OZO-33814D8ACF4B","geometry":{"type":"Point","coordinates":[19.900061041116718,50.059356713275584]},"properties":{"nazwa":"Miejsce ochronne","rodzajZrodla":"Obiekt ochrony ludności","adres":"ul. Piastowska 11, Kraków","dostepnosc":"Całodobowa"}},{"type":"Feature","id":"OZO-4B3C0CC14C1B","geometry":{"type":"Point","coordinates":[20.034338531513217,50.076314648895895]},"properties":{"nazwa":"Miejsce ochronne","rodzajZrodla":"Obiekt ochrony ludności","adres":"Osiedle Zgody 13b, Kraków","dostepnosc":"Określone godziny"}},{"type":"Feature","id":"OZO-9C268AECF8EC","geometry":{"type":"Point","coordinates":[19.814607203006748,50.04176537754906]},"properties":{"nazwa":"Miejsce ochronne","rodzajZrodla":"Obiekt ochrony ludności","adres":"ul. KsięciaJózefa 230A, Kraków","dostepnosc":"Całodobowa"}},{"type":"Feature","id":"OZO-BD81FD13A2E2","geometry":{"type":"Point","coordinates":[20.0119149281288,50.0655842833718]},"properties":{"nazwa":"Miejsce ochronne","rodzajZrodla":"Obiekt ochrony ludności","adres":"ul. Sołtysowska 3, Kraków","dostepnosc":"Całodobowa"}},{"type":"Feature","id":"OZO-6D9644CEACC3","geometry":{"type":"Point","coordinates":[19.9245548,50.0810824]},"properties":{"nazwa":"Miejsce ochronne","rodzajZrodla":"Obiekt ochrony ludności","adres":"ul. Wrocławska 53J, Kraków","dostepnosc":"Całodobowa"}},{"type":"Feature","id":"OZO-3BB7AA303136","geometry":{"type":"Point","coordinates":[19.9453679999997,50.0508590999991]},"properties":{"nazwa":"Miejsce ochronne","rodzajZrodla":"Obiekt ochrony ludności","adres":"ul. Józefa 24, Kraków","dostepnosc":"Na żądanie"}},{"type":"Feature","id":"OZO-C4C5CAD9A61C","geometry":{"type":"Point","coordinates":[20.01778051257134,50.103396304561855]},"properties":{"nazwa":"Miejsce ochronne","rodzajZrodla":"Obiekt ochrony ludności","adres":"os. Osiedle Piastów 63J, Kraków","dostepnosc":"Na żądanie"}},{"type":"Feature","id":"OZO-9890ED6624F5","geometry":{"type":"Point","coordinates":[19.9850069109724,50.0676375589525]},"properties":{"nazwa":"Miejsce ochronne","rodzajZrodla":"Obiekt ochrony ludności","adres":"ul. Dąbska 20, Kraków","dostepnosc":"Na żądanie"}},{"type":"Feature","id":"OZO-744494EF7246","geometry":{"type":"Point","coordinates":[19.897821396589283,50.017355206206545]},"properties":{"nazwa":"Miejsce ochronne","rodzajZrodla":"Obiekt ochrony ludności","adres":"ul. Chmieleniec 37, Kraków","dostepnosc":"Całodobowa"}},{"type":"Feature","id":"OZO-DAF62C1643B5","geometry":{"type":"Point","coordinates":[19.898756155697,50.084975501562]},"properties":{"nazwa":"Miejsce ochronne","rodzajZrodla":"Obiekt ochrony ludności","adres":"ul. Eliasza Radzikowskiego 104, Kraków","dostepnosc":"Na żądanie"}},{"type":"Feature","id":"OZO-9855FA7E4F7D","geometry":{"type":"Point","coordinates":[19.9704603198778,50.0625535333821]},"properties":{"nazwa":"Miejsce ochronne","rodzajZrodla":"Obiekt ochrony ludności","adres":"ul. Cystersów 26C, Kraków","dostepnosc":"Na żądanie"}},{"type":"Feature","id":"OZO-FC0100331584","geometry":{"type":"Point","coordinates":[19.9362343578356,50.0351717342779]},"properties":{"nazwa":"Miejsce ochronne","rodzajZrodla":"Obiekt ochrony ludności","adres":"ul. Rydlówka 9, Kraków","dostepnosc":"Całodobowa"}},{"type":"Feature","id":"OZO-4B49F3409FA8","geometry":{"type":"Point","coordinates":[19.9840045534,50.0693694455872]},"properties":{"nazwa":"Miejsce ochronne","rodzajZrodla":"Obiekt ochrony ludności","adres":"ul. Dąbska 18L, Kraków","dostepnosc":"Na żądanie"}},{"type":"Feature","id":"OZO-AD9C702FE305","geometry":{"type":"Point","coordinates":[19.925820976495746,50.029502398146114]},"properties":{"nazwa":"Miejsce ochronne","rodzajZrodla":"Obiekt ochrony ludności","adres":"ul. Wacława Lipińskiego 1A, Kraków","dostepnosc":"Całodobowa"}},{"type":"Feature","id":"OZO-8A8884B1EA7E","geometry":{"type":"Point","coordinates":[19.928122311830524,50.08543905399991]},"properties":{"nazwa":"Miejsce ochronne","rodzajZrodla":"Obiekt ochrony ludności","adres":"ul. Rusznikarska - Deptak 15, Kraków","dostepnosc":"Na żądanie"}},{"type":"Feature","id":"OZO-67BFC53D0C22","geometry":{"type":"Point","coordinates":[19.924113750457767,50.08059412416432]},"properties":{"nazwa":"Miejsce ochronne","rodzajZrodla":"Obiekt ochrony ludności","adres":"ul. Wrocławska 53G, Kraków","dostepnosc":"Całodobowa"}},{"type":"Feature","id":"OZO-568F17D95F37","geometry":{"type":"Point","coordinates":[19.968002712972,50.0451496606138]},"properties":{"nazwa":"Miejsce ochronne","rodzajZrodla":"Obiekt ochrony ludności","adres":"ul. Powstańców Wielkopolskich 13d, Kraków","dostepnosc":"Określone godziny"}},{"type":"Feature","id":"OZO-350EA9722F67","geometry":{"type":"Point","coordinates":[19.9047407059248,50.0796238312063]},"properties":{"nazwa":"Miejsce ochronne","rodzajZrodla":"Obiekt ochrony ludności","adres":"ul. Lucjana Rydla 45A, Kraków","dostepnosc":"Całodobowa"}},{"type":"Feature","id":"OZO-CB749CC78DC5","geometry":{"type":"Point","coordinates":[19.9260404239996,50.0551219284791]},"properties":{"nazwa":"Miejsce ochronne","rodzajZrodla":"Obiekt ochrony ludności","adres":"ul. Władysława Syrokomli 2, Kraków","dostepnosc":"Na żądanie"}},{"type":"Feature","id":"OZO-93CF7AF67CD2","geometry":{"type":"Point","coordinates":[19.9830233328566,50.0951176017038]},"properties":{"nazwa":"Miejsce ochronne","rodzajZrodla":"Obiekt ochrony ludności","adres":"ul. Reduta 26C, Kraków","dostepnosc":"Na żądanie"}},{"type":"Feature","id":"OZO-4CAFBD6B543F","geometry":{"type":"Point","coordinates":[20.0092561358889,50.0737817098623]},"properties":{"nazwa":"Miejsce ochronne","rodzajZrodla":"Obiekt ochrony ludności","adres":"Aleja Jana Pawła II 150, Kraków","dostepnosc":"Na żądanie"}},{"type":"Feature","id":"OZO-AFF75C0290EB","geometry":{"type":"Point","coordinates":[19.922808855772022,50.05539259483783]},"properties":{"nazwa":"Miejsce ochronne","rodzajZrodla":"Obiekt ochrony ludności","adres":"ul. Michała Stachowicza 14, Kraków","dostepnosc":"Całodobowa"}},{"type":"Feature","id":"OZO-DEE502A91769","geometry":{"type":"Point","coordinates":[19.9822858759836,50.0950198838028]},"properties":{"nazwa":"Miejsce ochronne","rodzajZrodla":"Obiekt ochrony ludności","adres":"ul. Reduta 26B, Kraków","dostepnosc":"Na żądanie"}},{"type":"Feature","id":"OZO-7228A15F68E7","geometry":{"type":"Point","coordinates":[19.8491096666667,50.08603]},"properties":{"nazwa":"Miejsce ochronne","rodzajZrodla":"Obiekt ochrony ludności","adres":"ul. Kazimierza Wierzyńskiego 39, Kraków","dostepnosc":"Całodobowa"}},{"type":"Feature","id":"OZO-2C2C2D87D6AC","geometry":{"type":"Point","coordinates":[20.0027766367155,50.0807004788387]},"properties":{"nazwa":"Miejsce ochronne","rodzajZrodla":"Obiekt ochrony ludności","adres":"ul. Bolesława Orlińskiego 8, Kraków","dostepnosc":"Całodobowa"}},{"type":"Feature","id":"OZO-C71DA6D1D901","geometry":{"type":"Point","coordinates":[19.9698501889814,50.0622588621795]},"properties":{"nazwa":"Miejsce ochronne","rodzajZrodla":"Obiekt ochrony ludności","adres":"ul. Cystersów 26C, Kraków","dostepnosc":"Całodobowa"}},{"type":"Feature","id":"OZO-77C80D459B55","geometry":{"type":"Point","coordinates":[19.90805268287659,50.070525775180364]},"properties":{"nazwa":"Miejsce ochronne","rodzajZrodla":"Obiekt ochrony ludności","adres":"ul. Stanisława Skarbińskiego 5, Kraków","dostepnosc":"Całodobowa"}},{"type":"Feature","id":"OZO-8315B8331A80","geometry":{"type":"Point","coordinates":[19.9551789999997,50.0229150999992]},"properties":{"nazwa":"Miejsce ochronne","rodzajZrodla":"Obiekt ochrony ludności","adres":"ul. Pszenna 28, Kraków","dostepnosc":"Całodobowa"}},{"type":"Feature","id":"OZO-48B1B652B91D","geometry":{"type":"Point","coordinates":[19.941556155681614,50.039519064363]},"properties":{"nazwa":"Miejsce ochronne","rodzajZrodla":"Obiekt ochrony ludności","adres":"ul. Śliska 9, Kraków","dostepnosc":"Całodobowa"}},{"type":"Feature","id":"OZO-A09F4B8F3E0F","geometry":{"type":"Point","coordinates":[20.0496919226854,50.0666834894208]},"properties":{"nazwa":"Miejsce ochronne","rodzajZrodla":"Obiekt ochrony ludności","adres":"Osiedle Młodości 10, Kraków","dostepnosc":"Określone godziny"}},{"type":"Feature","id":"OZO-D834E681C148","geometry":{"type":"Point","coordinates":[19.9338166508516,50.088891317178]},"properties":{"nazwa":"Miejsce ochronne","rodzajZrodla":"Obiekt ochrony ludności","adres":"ul. gen. Augusta Fieldorfa-Nila 14, Kraków","dostepnosc":"Na żądanie"}},{"type":"Feature","id":"OZO-EE222B3504CD","geometry":{"type":"Point","coordinates":[20.0107533019086,50.0205861404634]},"properties":{"nazwa":"Miejsce ochronne","rodzajZrodla":"Obiekt ochrony ludności","adres":"ul. Telimeny 36, Kraków","dostepnosc":"Całodobowa"}},{"type":"Feature","id":"OZO-7529C8819489","geometry":{"type":"Point","coordinates":[19.888037641089,50.0840968674247]},"properties":{"nazwa":"Miejsce ochronne","rodzajZrodla":"Obiekt ochrony ludności","adres":"ul. Kompozytorów 5, Kraków","dostepnosc":"Całodobowa"}},{"type":"Feature","id":"OZO-A0DC33E81820","geometry":{"type":"Point","coordinates":[19.9832407943826,50.0681617809777]},"properties":{"nazwa":"Miejsce ochronne","rodzajZrodla":"Obiekt ochrony ludności","adres":"ul. Dąbska 18F, Kraków","dostepnosc":"Na żądanie"}},{"type":"Feature","id":"OZO-21ED888668D5","geometry":{"type":"Point","coordinates":[19.973393653555,50.0476106056189]},"properties":{"nazwa":"Miejsce ochronne","rodzajZrodla":"Obiekt ochrony ludności","adres":"ul. Stanisława Klimeckiego 8B, Kraków","dostepnosc":"Całodobowa"}},{"type":"Feature","id":"OZO-2D56F4618129","geometry":{"type":"Point","coordinates":[20.0502404655325,50.0236618886693]},"properties":{"nazwa":"Miejsce ochronne","rodzajZrodla":"Obiekt ochrony ludności","adres":"ul. Mariana Domagały 45B, Kraków","dostepnosc":"Całodobowa"}},{"type":"Feature","id":"OZO-65B6E2D4C236","geometry":{"type":"Point","coordinates":[19.9399140663165,50.0630939984988]},"properties":{"nazwa":"Miejsce ochronne","rodzajZrodla":"Obiekt ochrony ludności","adres":"ul. Floriańska 16, Kraków","dostepnosc":"Na żądanie"}},{"type":"Feature","id":"OZO-5ABF3DE1EC33","geometry":{"type":"Point","coordinates":[20.0015087196493,50.0809811475506]},"properties":{"nazwa":"Miejsce ochronne","rodzajZrodla":"Obiekt ochrony ludności","adres":"ul. Bolesława Orlińskiego 6, Kraków","dostepnosc":"Całodobowa"}},{"type":"Feature","id":"OZO-893DAB47ED1B","geometry":{"type":"Point","coordinates":[19.904650300741196,50.07652503747545]},"properties":{"nazwa":"Miejsce ochronne","rodzajZrodla":"Obiekt ochrony ludności","adres":"ul. Bronowicka 9, Kraków","dostepnosc":"Całodobowa"}},{"type":"Feature","id":"OZO-BE982862FA68","geometry":{"type":"Point","coordinates":[19.9194502528744,50.0202458872924]},"properties":{"nazwa":"Miejsce ochronne","rodzajZrodla":"Obiekt ochrony ludności","adres":"ul. Zdunów 22F, Kraków","dostepnosc":"Całodobowa"}},{"type":"Feature","id":"OZO-511CBEB804B3","geometry":{"type":"Point","coordinates":[19.8697261046012,50.0776233571012]},"properties":{"nazwa":"Miejsce ochronne","rodzajZrodla":"Obiekt ochrony ludności","adres":"ul. Samuela Bogumiła Lindego 13, Kraków","dostepnosc":"Całodobowa"}},{"type":"Feature","id":"OZO-5CD7259917C0","geometry":{"type":"Point","coordinates":[19.9615364818188,50.0413415222307]},"properties":{"nazwa":"Miejsce ochronne","rodzajZrodla":"Obiekt ochrony ludności","adres":"ul. Robotnicza 2, Kraków","dostepnosc":"Całodobowa"}},{"type":"Feature","id":"OZO-B2FDA2BB70C0","geometry":{"type":"Point","coordinates":[19.90265333,50.02423672]},"properties":{"nazwa":"Miejsce ochronne","rodzajZrodla":"Obiekt ochrony ludności","adres":"ul. Drukarska 18, Kraków","dostepnosc":"Określone godziny"}},{"type":"Feature","id":"OZO-E741366CC3B7","geometry":{"type":"Point","coordinates":[19.9428444634857,50.0853238115484]},"properties":{"nazwa":"Miejsce ochronne","rodzajZrodla":"Obiekt ochrony ludności","adres":"ul. Mikołaja Reja 12, Kraków","dostepnosc":"Na żądanie"}},{"type":"Feature","id":"OZO-1F6F5A6C819E","geometry":{"type":"Point","coordinates":[20.0092875021835,50.1035877504579]},"properties":{"nazwa":"Miejsce ochronne","rodzajZrodla":"Obiekt ochrony ludności","adres":"Osiedle Bohaterów Września 84D, Kraków","dostepnosc":"Na żądanie"}},{"type":"Feature","id":"OZO-517674B84398","geometry":{"type":"Point","coordinates":[19.91786688566208,50.01465790266438]},"properties":{"nazwa":"Miejsce ochronne","rodzajZrodla":"Obiekt ochrony ludności","adres":"ul. Żywiecka 42, Kraków","dostepnosc":"Całodobowa"}},{"type":"Feature","id":"OZO-46D1DDD61ACD","geometry":{"type":"Point","coordinates":[19.9492097645762,50.0523245521133]},"properties":{"nazwa":"Miejsce ochronne","rodzajZrodla":"Obiekt ochrony ludności","adres":"ul. Dajwór 2a, Kraków","dostepnosc":"Na żądanie"}},{"type":"Feature","id":"OZO-65A5CF78616D","geometry":{"type":"Point","coordinates":[19.9642263994957,50.0670147081008]},"properties":{"nazwa":"Miejsce ochronne","rodzajZrodla":"Obiekt ochrony ludności","adres":"ul. Mogilska 50, Kraków","dostepnosc":"Całodobowa"}},{"type":"Feature","id":"OZO-181308005AF5","geometry":{"type":"Point","coordinates":[19.933561831712726,50.09766881713631]},"properties":{"nazwa":"Miejsce ochronne","rodzajZrodla":"Obiekt ochrony ludności","adres":"ul. Ludwika Pasteura 6A, Kraków","dostepnosc":"Na żądanie"}},{"type":"Feature","id":"OZO-965BE3762FE2","geometry":{"type":"Point","coordinates":[19.91347208619118,50.03139597353663]},"properties":{"nazwa":"Miejsce ochronne","rodzajZrodla":"Obiekt ochrony ludności","adres":"ul. Norymberska 10B, Kraków","dostepnosc":"Całodobowa"}},{"type":"Feature","id":"OZO-7DC114ED33AD","geometry":{"type":"Point","coordinates":[19.9581825083645,50.0082819398521]},"properties":{"nazwa":"Miejsce ochronne","rodzajZrodla":"Obiekt ochrony ludności","adres":"ul. Marii i Bolesława Wysłouchów 41A, Kraków","dostepnosc":"Całodobowa"}},{"type":"Feature","id":"OZO-B118E0DDC35E","geometry":{"type":"Point","coordinates":[19.8846339037756,50.0843822798433]},"properties":{"nazwa":"Miejsce ochronne","rodzajZrodla":"Obiekt ochrony ludności","adres":"ul. Naukowców 5, Kraków","dostepnosc":"Całodobowa"}},{"type":"Feature","id":"OZO-BDEF51BC8698","geometry":{"type":"Point","coordinates":[19.899084717035297,50.057960182418825]},"properties":{"nazwa":"Miejsce ochronne","rodzajZrodla":"Obiekt ochrony ludności","adres":"ul. KrólowejJadwigi 120, Kraków","dostepnosc":"Całodobowa"}},{"type":"Feature","id":"OZO-884820E4F87F","geometry":{"type":"Point","coordinates":[19.9905290155474,50.0507156314185]},"properties":{"nazwa":"Miejsce ochronne","rodzajZrodla":"Obiekt ochrony ludności","adres":"ul. Koszykarska 33, Kraków","dostepnosc":"Całodobowa"}},{"type":"Feature","id":"OZO-6ADA1DDC650D","geometry":{"type":"Point","coordinates":[19.914564676543,50.0297913560782]},"properties":{"nazwa":"Miejsce ochronne","rodzajZrodla":"Obiekt ochrony ludności","adres":"ul. Stefana Grota-Roweckiego 29, Kraków","dostepnosc":"Całodobowa"}},{"type":"Feature","id":"OZO-DAED9BB1ECFB","geometry":{"type":"Point","coordinates":[19.930177815226,50.0570513587711]},"properties":{"nazwa":"Miejsce ochronne","rodzajZrodla":"Obiekt ochrony ludności","adres":"ul. Zwierzyniecka 24, Kraków","dostepnosc":"Całodobowa"}},{"type":"Feature","id":"OZO-0B63BA550477","geometry":{"type":"Point","coordinates":[19.9185809406745,50.0300092496723]},"properties":{"nazwa":"Miejsce ochronne","rodzajZrodla":"Obiekt ochrony ludności","adres":"ul. Kobierzyńska 59, Kraków","dostepnosc":"Określone godziny"}},{"type":"Feature","id":"OZO-5A334C051096","geometry":{"type":"Point","coordinates":[19.90577816963196,50.06931205982325]},"properties":{"nazwa":"Miejsce ochronne","rodzajZrodla":"Obiekt ochrony ludności","adres":"ul. Józefa Rostafińskiego 10, Kraków","dostepnosc":"Całodobowa"}},{"type":"Feature","id":"OZO-7ADD1CAC9EA2","geometry":{"type":"Point","coordinates":[19.9940035394939,50.0498762022291]},"properties":{"nazwa":"Miejsce ochronne","rodzajZrodla":"Obiekt ochrony ludności","adres":"ul. Lasówka 40, Kraków","dostepnosc":"Całodobowa"}},{"type":"Feature","id":"OZO-C084D509FF25","geometry":{"type":"Point","coordinates":[19.95232154613,50.0670443056463]},"properties":{"nazwa":"Miejsce ochronne","rodzajZrodla":"Obiekt ochrony ludności","adres":"ul. Topolowa 16, Kraków","dostepnosc":"Na żądanie"}},{"type":"Feature","id":"OZO-81FD7700734C","geometry":{"type":"Point","coordinates":[20.005119144916538,50.079344517534814]},"properties":{"nazwa":"Miejsce ochronne","rodzajZrodla":"Obiekt ochrony ludności","adres":"Osiedle Avia 7, Kraków","dostepnosc":"Na żądanie"}},{"type":"Feature","id":"OZO-3D5F0F0F481D","geometry":{"type":"Point","coordinates":[19.9681701384254,50.0328129029733]},"properties":{"nazwa":"Miejsce ochronne","rodzajZrodla":"Obiekt ochrony ludności","adres":"ul. Wielicka 81, Kraków","dostepnosc":"Całodobowa"}},{"type":"Feature","id":"OZO-9800244EFB23","geometry":{"type":"Point","coordinates":[19.9772262344554,50.0441093214666]},"properties":{"nazwa":"Miejsce ochronne","rodzajZrodla":"Obiekt ochrony ludności","adres":"ul. Sarmacka 10A, Kraków","dostepnosc":"Całodobowa"}},{"type":"Feature","id":"OZO-B1340C87ED91","geometry":{"type":"Point","coordinates":[19.959682524204258,50.09947883910537]},"properties":{"nazwa":"Miejsce ochronne","rodzajZrodla":"Obiekt ochrony ludności","adres":"ul. Kuźnicy Kołłątajowskiej 10B, Kraków","dostepnosc":"Na żądanie"}},{"type":"Feature","id":"OZO-37CC05A5EB11","geometry":{"type":"Point","coordinates":[19.917147852467,50.0249684705941]},"properties":{"nazwa":"Miejsce ochronne","rodzajZrodla":"Obiekt ochrony ludności","adres":"ul. Pszczelna 32A, Kraków","dostepnosc":"Całodobowa"}},{"type":"Feature","id":"OZO-EF37BC83ED74","geometry":{"type":"Point","coordinates":[19.8813629904466,50.0834375171363]},"properties":{"nazwa":"Miejsce ochronne","rodzajZrodla":"Obiekt ochrony ludności","adres":"ul. Zielony Most 8C, Kraków","dostepnosc":"Całodobowa"}},{"type":"Feature","id":"OZO-E8244AA10B57","geometry":{"type":"Point","coordinates":[20.00868558,50.09563456]},"properties":{"nazwa":"Miejsce ochronne","rodzajZrodla":"Obiekt ochrony ludności","adres":"Osiedle Bohaterów Września 4, Kraków","dostepnosc":"Na żądanie"}},{"type":"Feature","id":"OZO-ECDDD8F17565","geometry":{"type":"Point","coordinates":[19.900057017803196,49.995608734763785]},"properties":{"nazwa":"Miejsce ochronne","rodzajZrodla":"Obiekt ochrony ludności","adres":"ul. Anny Szwed-Śniadowskiej 42, Kraków","dostepnosc":"Całodobowa"}},{"type":"Feature","id":"OZO-FAD567FE1F29","geometry":{"type":"Point","coordinates":[19.90991815924645,50.06843919872742]},"properties":{"nazwa":"Miejsce ochronne","rodzajZrodla":"Obiekt ochrony ludności","adres":"ul. Kawiory 39, Kraków","dostepnosc":"Całodobowa"}},{"type":"Feature","id":"OZO-F658B24C5A25","geometry":{"type":"Point","coordinates":[19.9170163999997,50.0965214999991]},"properties":{"nazwa":"Miejsce ochronne","rodzajZrodla":"Obiekt ochrony ludności","adres":"ul. Pękowicka 37A, Kraków","dostepnosc":"Na żądanie"}},{"type":"Feature","id":"OZO-590B41951EE6","geometry":{"type":"Point","coordinates":[19.9151176646492,50.0319664088747]},"properties":{"nazwa":"Miejsce ochronne","rodzajZrodla":"Obiekt ochrony ludności","adres":"ul. Pychowicka 18c, Kraków","dostepnosc":"Określone godziny"}},{"type":"Feature","id":"OZO-EB7B9A0A4DEE","geometry":{"type":"Point","coordinates":[19.923830777406696,50.08308463416232]},"properties":{"nazwa":"Miejsce ochronne","rodzajZrodla":"Obiekt ochrony ludności","adres":"ul. Pod Fortem 3, Kraków","dostepnosc":"Na żądanie"}},{"type":"Feature","id":"OZO-D93BDB564484","geometry":{"type":"Point","coordinates":[20.0130158303141,50.0656080212244]},"properties":{"nazwa":"Miejsce ochronne","rodzajZrodla":"Obiekt ochrony ludności","adres":"ul. Sołtysowska 11C, Kraków","dostepnosc":"Całodobowa"}},{"type":"Feature","id":"OZO-5D0E55A36E6B","geometry":{"type":"Point","coordinates":[19.929791986942295,50.0765353655438]},"properties":{"nazwa":"Miejsce ochronne","rodzajZrodla":"Obiekt ochrony ludności","adres":"ul. Władysława Łokietka 8C, Kraków","dostepnosc":"Całodobowa"}},{"type":"Feature","id":"OZO-A131E0CC412D","geometry":{"type":"Point","coordinates":[20.0042603999997,50.0790874999992]},"properties":{"nazwa":"Miejsce ochronne","rodzajZrodla":"Obiekt ochrony ludności","adres":"Osiedle Avia 6, Kraków","dostepnosc":"Na żądanie"}},{"type":"Feature","id":"OZO-F5D85E9B081E","geometry":{"type":"Point","coordinates":[19.9843420521929,50.0948909770436]},"properties":{"nazwa":"Miejsce ochronne","rodzajZrodla":"Obiekt ochrony ludności","adres":"ul. Reduta 40B, Kraków","dostepnosc":"Na żądanie"}},{"type":"Feature","id":"OZO-6ABEEA74DDBF","geometry":{"type":"Point","coordinates":[19.9693591675583,50.022984727633]},"properties":{"nazwa":"Miejsce ochronne","rodzajZrodla":"Obiekt ochrony ludności","adres":"ul. Sportowa 5, Kraków","dostepnosc":"Na żądanie"}},{"type":"Feature","id":"OZO-61B0A9D6EC15","geometry":{"type":"Point","coordinates":[19.9290742620445,50.0779512821362]},"properties":{"nazwa":"Miejsce ochronne","rodzajZrodla":"Obiekt ochrony ludności","adres":"ul. Władysława Łokietka 12a, Kraków","dostepnosc":"Całodobowa"}},{"type":"Feature","id":"OZO-0159E635C2CD","geometry":{"type":"Point","coordinates":[19.908078163862232,50.02406075324915]},"properties":{"nazwa":"Miejsce ochronne","rodzajZrodla":"Obiekt ochrony ludności","adres":"ul. Zachodnia 15, Kraków","dostepnosc":"Całodobowa"}},{"type":"Feature","id":"OZO-88C82FD340E0","geometry":{"type":"Point","coordinates":[19.9016813178486,49.9983288232241]},"properties":{"nazwa":"Miejsce ochronne","rodzajZrodla":"Obiekt ochrony ludności","adres":"ul. Mieczykowa 18, Kraków","dostepnosc":"Całodobowa"}},{"type":"Feature","id":"OZO-532E32291E86","geometry":{"type":"Point","coordinates":[19.9709184747054,50.0618497887914]},"properties":{"nazwa":"Miejsce ochronne","rodzajZrodla":"Obiekt ochrony ludności","adres":"ul. Fabryczna 5, Kraków","dostepnosc":"Całodobowa"}},{"type":"Feature","id":"OZO-473A12EAA721","geometry":{"type":"Point","coordinates":[19.9220225249706,50.0258046357256]},"properties":{"nazwa":"Miejsce ochronne","rodzajZrodla":"Obiekt ochrony ludności","adres":"ul. Ruczaj 15g, Kraków","dostepnosc":"Całodobowa"}},{"type":"Feature","id":"OZO-29EF509BEB63","geometry":{"type":"Point","coordinates":[19.95385676622391,50.091660155115285]},"properties":{"nazwa":"Miejsce ochronne","rodzajZrodla":"Obiekt ochrony ludności","adres":"ul. Zawodzie 3, Kraków","dostepnosc":"Na żądanie"}},{"type":"Feature","id":"OZO-47C8945A49E8","geometry":{"type":"Point","coordinates":[19.9523163951123,50.0708447860733]},"properties":{"nazwa":"Miejsce ochronne","rodzajZrodla":"Obiekt ochrony ludności","adres":"ul. Rakowicka 22J, Kraków","dostepnosc":"Na żądanie"}},{"type":"Feature","id":"OZO-31209539B35F","geometry":{"type":"Point","coordinates":[19.893482923507694,50.0778883232624]},"properties":{"nazwa":"Miejsce ochronne","rodzajZrodla":"Obiekt ochrony ludności","adres":"ul. Stańczyka 12, Kraków","dostepnosc":"Całodobowa"}},{"type":"Feature","id":"OZO-266DC0C81354","geometry":{"type":"Point","coordinates":[19.9145314003874,50.076124882361]},"properties":{"nazwa":"Miejsce ochronne","rodzajZrodla":"Obiekt ochrony ludności","adres":"ul. Zakątek 6a, Kraków","dostepnosc":"Całodobowa"}},{"type":"Feature","id":"OZO-C62CD05BB0DA","geometry":{"type":"Point","coordinates":[19.9043615956559,50.0200826478957]},"properties":{"nazwa":"Miejsce ochronne","rodzajZrodla":"Obiekt ochrony ludności","adres":"ul. Raciborska 15d, Kraków","dostepnosc":"Całodobowa"}},{"type":"Feature","id":"OZO-97A79CA69A62","geometry":{"type":"Point","coordinates":[19.9055271225183,49.996195662972]},"properties":{"nazwa":"Miejsce ochronne","rodzajZrodla":"Obiekt ochrony ludności","adres":"ul. Anny Szwed-Śniadowskiej 33, Kraków","dostepnosc":"Całodobowa"}},{"type":"Feature","id":"OZO-2DDDE00DD64A","geometry":{"type":"Point","coordinates":[19.9517241099386,50.0709773022397]},"properties":{"nazwa":"Miejsce ochronne","rodzajZrodla":"Obiekt ochrony ludności","adres":"ul. Rakowicka 20H, Kraków","dostepnosc":"Na żądanie"}},{"type":"Feature","id":"OZO-F41CF31570AB","geometry":{"type":"Point","coordinates":[19.88873273134232,50.004942908338144]},"properties":{"nazwa":"Miejsce ochronne","rodzajZrodla":"Obiekt ochrony ludności","adres":"ul. dr. Józefa Babińskiego 23d, Kraków","dostepnosc":"Całodobowa"}},{"type":"Feature","id":"OZO-DB49EDEACE21","geometry":{"type":"Point","coordinates":[19.968500286340717,50.07245904840781]},"properties":{"nazwa":"Miejsce ochronne","rodzajZrodla":"Obiekt ochrony ludności","adres":"ul. Lotnicza 3, Kraków","dostepnosc":"Określone godziny"}},{"type":"Feature","id":"OZO-9CE2072960F2","geometry":{"type":"Point","coordinates":[19.9739145859955,50.0279241614174]},"properties":{"nazwa":"Miejsce ochronne","rodzajZrodla":"Obiekt ochrony ludności","adres":"ul. Wielicka 111, Kraków","dostepnosc":"Całodobowa"}},{"type":"Feature","id":"OZO-2E0D16139D0F","geometry":{"type":"Point","coordinates":[20.0222140457585,50.077299606091]},"properties":{"nazwa":"Miejsce ochronne","rodzajZrodla":"Obiekt ochrony ludności","adres":"ul. Bieńczycka 15D, Kraków","dostepnosc":"Całodobowa"}},{"type":"Feature","id":"OZO-02E4C1F15159","geometry":{"type":"Point","coordinates":[19.9576124544246,50.0801166827769]},"properties":{"nazwa":"Miejsce ochronne","rodzajZrodla":"Obiekt ochrony ludności","adres":"ul. Czerwonego Prądnika 8, Kraków","dostepnosc":"Na żądanie"}},{"type":"Feature","id":"OZO-00A2BF986D00","geometry":{"type":"Point","coordinates":[19.9012066412445,49.9992812479399]},"properties":{"nazwa":"Miejsce ochronne","rodzajZrodla":"Obiekt ochrony ludności","adres":"ul. Mieczykowa 2, Kraków","dostepnosc":"Całodobowa"}},{"type":"Feature","id":"OZO-CA7EC44FCA85","geometry":{"type":"Point","coordinates":[20.012079486629,50.0193259632305]},"properties":{"nazwa":"Miejsce ochronne","rodzajZrodla":"Obiekt ochrony ludności","adres":"ul. Telimeny 44, Kraków","dostepnosc":"Całodobowa"}},{"type":"Feature","id":"OZO-7CE04D0FD285","geometry":{"type":"Point","coordinates":[19.934235066175464,50.028418598472754]},"properties":{"nazwa":"Miejsce ochronne","rodzajZrodla":"Obiekt ochrony ludności","adres":"ul. Cegielniana 6a, Kraków","dostepnosc":"Całodobowa"}},{"type":"Feature","id":"OZO-A5518BBA9A35","geometry":{"type":"Point","coordinates":[19.8883677087204,50.0847573206223]},"properties":{"nazwa":"Miejsce ochronne","rodzajZrodla":"Obiekt ochrony ludności","adres":"ul. Aktorów 1, Kraków","dostepnosc":"Całodobowa"}},{"type":"Feature","id":"OZO-B1B72FF5CB43","geometry":{"type":"Point","coordinates":[19.9879111185615,50.044569536437]},"properties":{"nazwa":"Miejsce ochronne","rodzajZrodla":"Obiekt ochrony ludności","adres":"ul. Przewóz 10, Kraków","dostepnosc":"Całodobowa"}},{"type":"Feature","id":"OZO-54F513F8ADDC","geometry":{"type":"Point","coordinates":[20.0434470092119,50.0712859663487]},"properties":{"nazwa":"Miejsce ochronne","rodzajZrodla":"Obiekt ochrony ludności","adres":"Osiedle Ogrodowe 14, Kraków","dostepnosc":"Całodobowa"}},{"type":"Feature","id":"OZO-7BB18BD88129","geometry":{"type":"Point","coordinates":[19.9468087999997,50.0098203999992]},"properties":{"nazwa":"Miejsce ochronne","rodzajZrodla":"Obiekt ochrony ludności","adres":"ul. Franciszka Bujaka 10, Kraków","dostepnosc":"Całodobowa"}},{"type":"Feature","id":"OZO-1E6D71C17B52","geometry":{"type":"Point","coordinates":[19.9153482913971,50.07179454832413]},"properties":{"nazwa":"Miejsce ochronne","rodzajZrodla":"Obiekt ochrony ludności","adres":"Aleja Kijowska 14, Kraków","dostepnosc":"Całodobowa"}},{"type":"Feature","id":"OZO-FD0A96B0E820","geometry":{"type":"Point","coordinates":[19.90429222583771,50.06892986224528]},"properties":{"nazwa":"Miejsce ochronne","rodzajZrodla":"Obiekt ochrony ludności","adres":"ul. Józefa Rostafińskiego 9, Kraków","dostepnosc":"Całodobowa"}},{"type":"Feature","id":"OZO-2F6D079C6808","geometry":{"type":"Point","coordinates":[19.94102649,50.03973633]},"properties":{"nazwa":"Miejsce ochronne","rodzajZrodla":"Obiekt ochrony ludności","adres":"ul. Śliska 5, Kraków","dostepnosc":"Całodobowa"}},{"type":"Feature","id":"OZO-08D763BB441E","geometry":{"type":"Point","coordinates":[19.91842478513718,50.01384782027858]},"properties":{"nazwa":"Miejsce ochronne","rodzajZrodla":"Obiekt ochrony ludności","adres":"ul. Żywiecka 30, Kraków","dostepnosc":"Całodobowa"}},{"type":"Feature","id":"OZO-04D576232E1F","geometry":{"type":"Point","coordinates":[19.92452408,50.02157602]},"properties":{"nazwa":"Miejsce ochronne","rodzajZrodla":"Obiekt ochrony ludności","adres":"ul. Huculska 4, Kraków","dostepnosc":"Całodobowa"}},{"type":"Feature","id":"OZO-1912FC6EE548","geometry":{"type":"Point","coordinates":[19.91839393973351,50.014242521700176]},"properties":{"nazwa":"Miejsce ochronne","rodzajZrodla":"Obiekt ochrony ludności","adres":"ul. Żywiecka 34, Kraków","dostepnosc":"Całodobowa"}},{"type":"Feature","id":"OZO-274ABD452140","geometry":{"type":"Point","coordinates":[19.9562708474492,50.0145309697904]},"properties":{"nazwa":"Miejsce ochronne","rodzajZrodla":"Obiekt ochrony ludności","adres":"ul. Gołaśka 14, Kraków","dostepnosc":"Całodobowa"}},{"type":"Feature","id":"OZO-8FD750128163","geometry":{"type":"Point","coordinates":[19.9026088487056,49.9979133604984]},"properties":{"nazwa":"Miejsce ochronne","rodzajZrodla":"Obiekt ochrony ludności","adres":"ul. Mieczykowa 5, Kraków","dostepnosc":"Całodobowa"}},{"type":"Feature","id":"OZO-1725307E7962","geometry":{"type":"Point","coordinates":[19.88900631666184,50.09482288386083]},"properties":{"nazwa":"Miejsce ochronne","rodzajZrodla":"Obiekt ochrony ludności","adres":"ul. Stawowa 137A, Kraków","dostepnosc":"Na żądanie"}},{"type":"Feature","id":"OZO-C4D5E0895A3F","geometry":{"type":"Point","coordinates":[19.918841868638996,50.01434765995999]},"properties":{"nazwa":"Miejsce ochronne","rodzajZrodla":"Obiekt ochrony ludności","adres":"ul. Żywiecka 36, Kraków","dostepnosc":"Całodobowa"}},{"type":"Feature","id":"OZO-38C9F42F9C61","geometry":{"type":"Point","coordinates":[19.968305839705,50.1029344457686]},"properties":{"nazwa":"Miejsce ochronne","rodzajZrodla":"Obiekt ochrony ludności","adres":"ul. Arcybiskupa Zygmunta Szczęsnego Felińskiego 30, Kraków","dostepnosc":"Na żądanie"}},{"type":"Feature","id":"OZO-D57E2BD47964","geometry":{"type":"Point","coordinates":[19.9489049985767,50.0538956560445]},"properties":{"nazwa":"Miejsce ochronne","rodzajZrodla":"Obiekt ochrony ludności","adres":"ul. Miodowa 42, Kraków","dostepnosc":"Na żądanie"}},{"type":"Feature","id":"OZO-3FF98FBCEDED","geometry":{"type":"Point","coordinates":[19.962362832555883,50.089547000212136]},"properties":{"nazwa":"Miejsce ochronne","rodzajZrodla":"Obiekt ochrony ludności","adres":"ul. Józefa Łepkowskiego 3, Kraków","dostepnosc":"Na żądanie"}},{"type":"Feature","id":"OZO-D14E727A2889","geometry":{"type":"Point","coordinates":[19.9665552750074,50.0608834391744]},"properties":{"nazwa":"Miejsce ochronne","rodzajZrodla":"Obiekt ochrony ludności","adres":"ul. płk. Francesco Nullo 13, Kraków","dostepnosc":"Na żądanie"}},{"type":"Feature","id":"OZO-A1F0B7254E5F","geometry":{"type":"Point","coordinates":[19.9173081453444,50.0525874464653]},"properties":{"nazwa":"Miejsce ochronne","rodzajZrodla":"Obiekt ochrony ludności","adres":"ul. Tadeusza Kościuszki 73, Kraków","dostepnosc":"Na żądanie"}},{"type":"Feature","id":"OZO-62E4F9CB076B","geometry":{"type":"Point","coordinates":[19.9685391099359,50.0447055463315]},"properties":{"nazwa":"Miejsce ochronne","rodzajZrodla":"Obiekt ochrony ludności","adres":"ul. Powstańców Wielkopolskich 13E, Kraków","dostepnosc":"Określone godziny"}},{"type":"Feature","id":"OZO-02B785E3566F","geometry":{"type":"Point","coordinates":[19.9166361800938,50.0133013865041]},"properties":{"nazwa":"Miejsce ochronne","rodzajZrodla":"Obiekt ochrony ludności","adres":"ul. Kępna 17, Kraków","dostepnosc":"Całodobowa"}},{"type":"Feature","id":"OZO-390A6886C6E4","geometry":{"type":"Point","coordinates":[19.9633160161714,50.0193216196225]},"properties":{"nazwa":"Miejsce ochronne","rodzajZrodla":"Obiekt ochrony ludności","adres":"ul. Białoruska 59, Kraków","dostepnosc":"Całodobowa"}},{"type":"Feature","id":"OZO-18A28710EC80","geometry":{"type":"Point","coordinates":[19.907907843589786,50.01424424528008]},"properties":{"nazwa":"Miejsce ochronne","rodzajZrodla":"Obiekt ochrony ludności","adres":"ul. Obozowa 44a, Kraków","dostepnosc":"Całodobowa"}},{"type":"Feature","id":"OZO-83039F421DD3","geometry":{"type":"Point","coordinates":[19.9947003840416,50.0429504829463]},"properties":{"nazwa":"Miejsce ochronne","rodzajZrodla":"Obiekt ochrony ludności","adres":"ul. Przewóz 32F, Kraków","dostepnosc":"Całodobowa"}},{"type":"Feature","id":"OZO-8B171CED9806","geometry":{"type":"Point","coordinates":[19.9603171532725,50.0085397411403]},"properties":{"nazwa":"Miejsce ochronne","rodzajZrodla":"Obiekt ochrony ludności","adres":"ul. Marii i Bolesława Wysłouchów 51a, Kraków","dostepnosc":"Całodobowa"}},{"type":"Feature","id":"OZO-C473A45C6F10","geometry":{"type":"Point","coordinates":[19.9877653,50.09049639]},"properties":{"nazwa":"Miejsce ochronne","rodzajZrodla":"Obiekt ochrony ludności","adres":"ul. Franciszka Bohomolca 11, Kraków","dostepnosc":"Na żądanie"}},{"type":"Feature","id":"OZO-0F758E54DCFE","geometry":{"type":"Point","coordinates":[19.9173399659109,50.0198810121457]},"properties":{"nazwa":"Miejsce ochronne","rodzajZrodla":"Obiekt ochrony ludności","adres":"ul. Obozowa 118, Kraków","dostepnosc":"Całodobowa"}},{"type":"Feature","id":"OZO-F2082B941498","geometry":{"type":"Point","coordinates":[19.9658774704489,50.0652320465329]},"properties":{"nazwa":"Miejsce ochronne","rodzajZrodla":"Obiekt ochrony ludności","adres":"ul. płk. Francesco Nullo 42, Kraków","dostepnosc":"Całodobowa"}},{"type":"Feature","id":"OZO-ABB9F0AE9680","geometry":{"type":"Point","coordinates":[19.913307130336765,50.02121217336463]},"properties":{"nazwa":"Miejsce ochronne","rodzajZrodla":"Obiekt ochrony ludności","adres":"ul. Jana Kantego Przyzby 7, Kraków","dostepnosc":"Całodobowa"}},{"type":"Feature","id":"OZO-DCDB61AD6EC5","geometry":{"type":"Point","coordinates":[19.9462183471519,50.070010325904]},"properties":{"nazwa":"Miejsce ochronne","rodzajZrodla":"Obiekt ochrony ludności","adres":"ul. Pawia 9, Kraków","dostepnosc":"Na żądanie"}},{"type":"Feature","id":"OZO-C5642177FCA1","geometry":{"type":"Point","coordinates":[19.926688671112064,50.07731684959589]},"properties":{"nazwa":"Miejsce ochronne","rodzajZrodla":"Obiekt ochrony ludności","adres":"ul. Wrocławska 33, Kraków","dostepnosc":"Całodobowa"}},{"type":"Feature","id":"OZO-DA03052C58BE","geometry":{"type":"Point","coordinates":[19.954048544168476,50.092123048477696]},"properties":{"nazwa":"Miejsce ochronne","rodzajZrodla":"Obiekt ochrony ludności","adres":"ul. Zawodzie 1, Kraków","dostepnosc":"Na żądanie"}},{"type":"Feature","id":"OZO-279E6B18FFC6","geometry":{"type":"Point","coordinates":[19.9817529999997,50.0698199999991]},"properties":{"nazwa":"Miejsce ochronne","rodzajZrodla":"Obiekt ochrony ludności","adres":"ul. Mogilska 123, Kraków","dostepnosc":"Całodobowa"}},{"type":"Feature","id":"OZO-BD3BD6BF458C","geometry":{"type":"Point","coordinates":[19.931623935699466,50.047873301979116]},"properties":{"nazwa":"Miejsce ochronne","rodzajZrodla":"Obiekt ochrony ludności","adres":"ul. Marii Konopnickiej 17, Kraków","dostepnosc":"Określone godziny"}},{"type":"Feature","id":"OZO-CD70BE8FFF89","geometry":{"type":"Point","coordinates":[19.9126784130524,50.0312923872989]},"properties":{"nazwa":"Miejsce ochronne","rodzajZrodla":"Obiekt ochrony ludności","adres":"ul. Norymberska 10A, Kraków","dostepnosc":"Całodobowa"}},{"type":"Feature","id":"OZO-92448B0EF0E9","geometry":{"type":"Point","coordinates":[19.9653444252747,50.0571852177648]},"properties":{"nazwa":"Miejsce ochronne","rodzajZrodla":"Obiekt ochrony ludności","adres":"ul. Grzegórzecka 77, Kraków","dostepnosc":"Całodobowa"}},{"type":"Feature","id":"OZO-82EA2D67FAF1","geometry":{"type":"Point","coordinates":[19.9983712040554,50.0443725532646]},"properties":{"nazwa":"Miejsce ochronne","rodzajZrodla":"Obiekt ochrony ludności","adres":"ul. Myśliwska 59, Kraków","dostepnosc":"Całodobowa"}},{"type":"Feature","id":"OZO-6090591C2B19","geometry":{"type":"Point","coordinates":[19.9361084308179,50.0393886523718]},"properties":{"nazwa":"Miejsce ochronne","rodzajZrodla":"Obiekt ochrony ludności","adres":"ul. Marii Konopnickiej 61, Kraków","dostepnosc":"Całodobowa"}},{"type":"Feature","id":"OZO-77D4FEFFC37D","geometry":{"type":"Point","coordinates":[19.933940023183826,50.098379413762366]},"properties":{"nazwa":"Miejsce ochronne","rodzajZrodla":"Obiekt ochrony ludności","adres":"ul. Ludwika Pasteura 16, Kraków","dostepnosc":"Na żądanie"}},{"type":"Feature","id":"OZO-1778415B8F4F","geometry":{"type":"Point","coordinates":[19.9340808255817,50.0938989928185]},"properties":{"nazwa":"Miejsce ochronne","rodzajZrodla":"Obiekt ochrony ludności","adres":"ul. Stanisława Pigonia 2, Kraków","dostepnosc":"Na żądanie"}},{"type":"Feature","id":"OZO-B4E084C43100","geometry":{"type":"Point","coordinates":[19.9475599545741,50.0084638549054]},"properties":{"nazwa":"Miejsce ochronne","rodzajZrodla":"Obiekt ochrony ludności","adres":"ul. Łowienicka 4, Kraków","dostepnosc":"Całodobowa"}},{"type":"Feature","id":"OZO-32CA7E81D747","geometry":{"type":"Point","coordinates":[19.9501545999997,50.0639401999991]},"properties":{"nazwa":"Miejsce ochronne","rodzajZrodla":"Obiekt ochrony ludności","adres":"ul. Lubicz 17C, Kraków","dostepnosc":"Całodobowa"}},{"type":"Feature","id":"OZO-5794E19B26F6","geometry":{"type":"Point","coordinates":[19.91534718,50.04953804]},"properties":{"nazwa":"Miejsce ochronne","rodzajZrodla":"Obiekt ochrony ludności","adres":"ul. Czarodziejska 2D, Kraków","dostepnosc":"Całodobowa"}},{"type":"Feature","id":"OZO-2B0A77427048","geometry":{"type":"Point","coordinates":[19.8967075325406,50.0850741844366]},"properties":{"nazwa":"Miejsce ochronne","rodzajZrodla":"Obiekt ochrony ludności","adres":"ul. Eliasza Radzikowskiego 65b, Kraków","dostepnosc":"Na żądanie"}},{"type":"Feature","id":"OZO-E4284E10D26F","geometry":{"type":"Point","coordinates":[19.9885042104817,50.0154293421728]},"properties":{"nazwa":"Miejsce ochronne","rodzajZrodla":"Obiekt ochrony ludności","adres":"ul. Facimiech 13, Kraków","dostepnosc":"Całodobowa"}},{"type":"Feature","id":"OZO-D2E992BFDB18","geometry":{"type":"Point","coordinates":[19.95068,50.0595300000001]},"properties":{"nazwa":"Miejsce ochronne","rodzajZrodla":"Obiekt ochrony ludności","adres":"ul. św.Łazarza 13, Kraków","dostepnosc":"Na żądanie"}},{"type":"Feature","id":"OZO-2D503C50DD06","geometry":{"type":"Point","coordinates":[19.9199690099083,50.0803351609059]},"properties":{"nazwa":"Miejsce ochronne","rodzajZrodla":"Obiekt ochrony ludności","adres":"ul. Wrocławska 79, Kraków","dostepnosc":"Całodobowa"}},{"type":"Feature","id":"OZO-985B91C04AE9","geometry":{"type":"Point","coordinates":[19.9741043522833,50.0614097388747]},"properties":{"nazwa":"Miejsce ochronne","rodzajZrodla":"Obiekt ochrony ludności","adres":"Aleja Pokoju 18B, Kraków","dostepnosc":"Określone godziny"}},{"type":"Feature","id":"OZO-08019E3AD6F4","geometry":{"type":"Point","coordinates":[19.9873752974205,50.0941246826828]},"properties":{"nazwa":"Miejsce ochronne","rodzajZrodla":"Obiekt ochrony ludności","adres":"ul. Marchołta 55, Kraków","dostepnosc":"Na żądanie"}},{"type":"Feature","id":"OZO-FDB8972BA2FC","geometry":{"type":"Point","coordinates":[19.9200816452131,50.0683289999461]},"properties":{"nazwa":"Miejsce ochronne","rodzajZrodla":"Obiekt ochrony ludności","adres":"ul. Fryderyka Chopina 19, Kraków","dostepnosc":"Całodobowa"}},{"type":"Feature","id":"OZO-AAC89CA308A2","geometry":{"type":"Point","coordinates":[19.9800955427413,50.0924205817682]},"properties":{"nazwa":"Miejsce ochronne","rodzajZrodla":"Obiekt ochrony ludności","adres":"ul. Marchołta 3, Kraków","dostepnosc":"Na żądanie"}},{"type":"Feature","id":"OZO-4A03EFFD6841","geometry":{"type":"Point","coordinates":[19.9671518511725,50.0620242398961]},"properties":{"nazwa":"Miejsce ochronne","rodzajZrodla":"Obiekt ochrony ludności","adres":"ul. płk. Francesco Nullo 12, Kraków","dostepnosc":"Całodobowa"}},{"type":"Feature","id":"OZO-23D41B4B4ADC","geometry":{"type":"Point","coordinates":[19.9821581877685,50.0840392848868]},"properties":{"nazwa":"Miejsce ochronne","rodzajZrodla":"Obiekt ochrony ludności","adres":"ul. Ernesta Cieślewskiego 5, Kraków","dostepnosc":"Całodobowa"}},{"type":"Feature","id":"OZO-84552CD7F0C8","geometry":{"type":"Point","coordinates":[19.9538642354095,50.0150449900026]},"properties":{"nazwa":"Miejsce ochronne","rodzajZrodla":"Obiekt ochrony ludności","adres":"ul. Gołaśka 6, Kraków","dostepnosc":"Całodobowa"}},{"type":"Feature","id":"OZO-640DE0C7B13F","geometry":{"type":"Point","coordinates":[19.934861361980442,50.098102402771794]},"properties":{"nazwa":"Miejsce ochronne","rodzajZrodla":"Obiekt ochrony ludności","adres":"ul. Ludwika Pasteura 24, Kraków","dostepnosc":"Na żądanie"}},{"type":"Feature","id":"OZO-2730D07F8CDD","geometry":{"type":"Point","coordinates":[19.9679361935556,50.0655572302945]},"properties":{"nazwa":"Miejsce ochronne","rodzajZrodla":"Obiekt ochrony ludności","adres":"ul. płk. Francesco Nullo 36, Kraków","dostepnosc":"Na żądanie"}},{"type":"Feature","id":"OZO-E8730D22576A","geometry":{"type":"Point","coordinates":[19.9275101409332,50.0139831504502]},"properties":{"nazwa":"Miejsce ochronne","rodzajZrodla":"Obiekt ochrony ludności","adres":"ul. Zakopiańska 105A, Kraków","dostepnosc":"Określone godziny"}},{"type":"Feature","id":"OZO-44C190B6CF0F","geometry":{"type":"Point","coordinates":[19.9069555848404,50.0230968138311]},"properties":{"nazwa":"Miejsce ochronne","rodzajZrodla":"Obiekt ochrony ludności","adres":"ul. Zalesie 44, Kraków","dostepnosc":"Całodobowa"}},{"type":"Feature","id":"OZO-9630A905AC4F","geometry":{"type":"Point","coordinates":[19.9555990379097,50.0553138321523]},"properties":{"nazwa":"Miejsce ochronne","rodzajZrodla":"Obiekt ochrony ludności","adres":"ul. Masarska 8, Kraków","dostepnosc":"Na żądanie"}},{"type":"Feature","id":"OZO-4E87EB34F1B9","geometry":{"type":"Point","coordinates":[19.906011521816257,50.07749242355568]},"properties":{"nazwa":"Miejsce ochronne","rodzajZrodla":"Obiekt ochrony ludności","adres":"ul. Grenadierów 1a, Kraków","dostepnosc":"Całodobowa"}},{"type":"Feature","id":"OZO-57692CA1F9FC","geometry":{"type":"Point","coordinates":[19.9257115634634,50.0160527246781]},"properties":{"nazwa":"Miejsce ochronne","rodzajZrodla":"Obiekt ochrony ludności","adres":"ul. Kościuszkowców 6, Kraków","dostepnosc":"Określone godziny"}},{"type":"Feature","id":"OZO-2243E60CB769","geometry":{"type":"Point","coordinates":[19.935025681829448,50.02403186698094]},"properties":{"nazwa":"Miejsce ochronne","rodzajZrodla":"Obiekt ochrony ludności","adres":"ul. Sucha 1D, Kraków","dostepnosc":"Całodobowa"}},{"type":"Feature","id":"OZO-1B530628FBAB","geometry":{"type":"Point","coordinates":[19.8878287171492,50.0945669291394]},"properties":{"nazwa":"Miejsce ochronne","rodzajZrodla":"Obiekt ochrony ludności","adres":"ul. Sosnowiecka 31, Kraków","dostepnosc":"Na żądanie"}},{"type":"Feature","id":"OZO-E046815E2505","geometry":{"type":"Point","coordinates":[19.89283919334412,50.07889699208793]},"properties":{"nazwa":"Miejsce ochronne","rodzajZrodla":"Obiekt ochrony ludności","adres":"ul. Stańczyka 8B, Kraków","dostepnosc":"Całodobowa"}},{"type":"Feature","id":"OZO-11DD9A13F80B","geometry":{"type":"Point","coordinates":[19.9238239973429,50.0829354720576]},"properties":{"nazwa":"Miejsce ochronne","rodzajZrodla":"Obiekt ochrony ludności","adres":"ul. Pod Fortem 3, Kraków","dostepnosc":"Na żądanie"}},{"type":"Feature","id":"OZO-7DCDFA07422E","geometry":{"type":"Point","coordinates":[19.849308983373632,50.08645280903803]},"properties":{"nazwa":"Miejsce ochronne","rodzajZrodla":"Obiekt ochrony ludności","adres":"ul. Kazimierza Wierzyńskiego 39, Kraków","dostepnosc":"Całodobowa"}},{"type":"Feature","id":"OZO-18F387AA7574","geometry":{"type":"Point","coordinates":[20.0585094467078,50.0980460576146]},"properties":{"nazwa":"Miejsce ochronne","rodzajZrodla":"Obiekt ochrony ludności","adres":"Osiedle Na Stoku 10D, Kraków","dostepnosc":"Całodobowa"}},{"type":"Feature","id":"OZO-20371F120892","geometry":{"type":"Point","coordinates":[19.88584193495773,50.08621465624614]},"properties":{"nazwa":"Miejsce ochronne","rodzajZrodla":"Obiekt ochrony ludności","adres":"ul. Wizjonerów 6, Kraków","dostepnosc":"Na żądanie"}},{"type":"Feature","id":"OZO-D14E7CB135E5","geometry":{"type":"Point","coordinates":[20.01470328,50.00647824]},"properties":{"nazwa":"Miejsce ochronne","rodzajZrodla":"Obiekt ochrony ludności","adres":"ul. Kosocicka 6b, Kraków","dostepnosc":"Na żądanie"}},{"type":"Feature","id":"OZO-78AF2989924A","geometry":{"type":"Point","coordinates":[19.9963829999997,50.0374416999991]},"properties":{"nazwa":"Miejsce ochronne","rodzajZrodla":"Obiekt ochrony ludności","adres":"ul. Motyla 26, Kraków","dostepnosc":"Określone godziny"}},{"type":"Feature","id":"OZO-7228B9D87CFF","geometry":{"type":"Point","coordinates":[19.92020511,50.07185215]},"properties":{"nazwa":"Miejsce ochronne","rodzajZrodla":"Obiekt ochrony ludności","adres":"ul. Królewska 41, Kraków","dostepnosc":"Na żądanie"}},{"type":"Feature","id":"OZO-710148316267","geometry":{"type":"Point","coordinates":[19.915989662007,50.0202282772982]},"properties":{"nazwa":"Miejsce ochronne","rodzajZrodla":"Obiekt ochrony ludności","adres":"ul. Obozowa 120, Kraków","dostepnosc":"Całodobowa"}},{"type":"Feature","id":"OZO-E8117E4CCE29","geometry":{"type":"Point","coordinates":[19.906884580850605,50.07971458349884]},"properties":{"nazwa":"Miejsce ochronne","rodzajZrodla":"Obiekt ochrony ludności","adres":"ul. Wojciecha Halczyna 8, Kraków","dostepnosc":"Całodobowa"}},{"type":"Feature","id":"OZO-4F215DE42AB2","geometry":{"type":"Point","coordinates":[20.0100819952833,50.1045478322099]},"properties":{"nazwa":"Miejsce ochronne","rodzajZrodla":"Obiekt ochrony ludności","adres":"Osiedle Bohaterów Września 84A, Kraków","dostepnosc":"Na żądanie"}},{"type":"Feature","id":"OZO-F25DA69E0647","geometry":{"type":"Point","coordinates":[19.9448701731335,50.021110991722]},"properties":{"nazwa":"Miejsce ochronne","rodzajZrodla":"Obiekt ochrony ludności","adres":"ul. gen. Bolesława Roi 4b, Kraków","dostepnosc":"Całodobowa"}},{"type":"Feature","id":"OZO-1AACD565A4E3","geometry":{"type":"Point","coordinates":[19.9831028282564,50.0685020862466]},"properties":{"nazwa":"Miejsce ochronne","rodzajZrodla":"Obiekt ochrony ludności","adres":"ul. Dąbska 18H, Kraków","dostepnosc":"Na żądanie"}},{"type":"Feature","id":"OZO-9BE3484120C1","geometry":{"type":"Point","coordinates":[19.91670929,50.02020375]},"properties":{"nazwa":"Miejsce ochronne","rodzajZrodla":"Obiekt ochrony ludności","adres":"ul. Obozowa 118, Kraków","dostepnosc":"Całodobowa"}},{"type":"Feature","id":"OZO-80C2DCC85749","geometry":{"type":"Point","coordinates":[19.9854223411779,50.0941359258021]},"properties":{"nazwa":"Miejsce ochronne","rodzajZrodla":"Obiekt ochrony ludności","adres":"ul. Reduta 33, Kraków","dostepnosc":"Na żądanie"}},{"type":"Feature","id":"OZO-B7BBA8A271C6","geometry":{"type":"Point","coordinates":[19.9803557926476,50.0797657801269]},"properties":{"nazwa":"Miejsce ochronne","rodzajZrodla":"Obiekt ochrony ludności","adres":"ul. Ułanów 54a, Kraków","dostepnosc":"Na żądanie"}},{"type":"Feature","id":"OZO-43077442C0E5","geometry":{"type":"Point","coordinates":[19.9622752270232,50.0865959372643]},"properties":{"nazwa":"Miejsce ochronne","rodzajZrodla":"Obiekt ochrony ludności","adres":"ul. Rezedowa 4, Kraków","dostepnosc":"Na żądanie"}},{"type":"Feature","id":"OZO-123E15CFCBB9","geometry":{"type":"Point","coordinates":[19.94171842932701,50.08217932206867]},"properties":{"nazwa":"Miejsce ochronne","rodzajZrodla":"Obiekt ochrony ludności","adres":"ul. Żabiniec 101J, Kraków","dostepnosc":"Na żądanie"}},{"type":"Feature","id":"OZO-9106DB466FB5","geometry":{"type":"Point","coordinates":[19.938431382179264,49.99815365774542]},"properties":{"nazwa":"Miejsce ochronne","rodzajZrodla":"Obiekt ochrony ludności","adres":"ul. Borowinowa 51, Kraków","dostepnosc":"Całodobowa"}},{"type":"Feature","id":"OZO-E68174EAB831","geometry":{"type":"Point","coordinates":[20.0024233273143,50.0800076170772]},"properties":{"nazwa":"Miejsce ochronne","rodzajZrodla":"Obiekt ochrony ludności","adres":"ul. Bolesława Orlińskiego 10, Kraków","dostepnosc":"Całodobowa"}},{"type":"Feature","id":"OZO-A0208771F6C1","geometry":{"type":"Point","coordinates":[20.0313880215252,50.0852592512033]},"properties":{"nazwa":"Miejsce ochronne","rodzajZrodla":"Obiekt ochrony ludności","adres":"ul. Fatimska 16, Kraków","dostepnosc":"Na żądanie"}},{"type":"Feature","id":"OZO-73AC879EEB41","geometry":{"type":"Point","coordinates":[20.0552138679626,50.0187134185981]},"properties":{"nazwa":"Miejsce ochronne","rodzajZrodla":"Obiekt ochrony ludności","adres":"ul. Henryka i Karola Czeczów 24, Kraków","dostepnosc":"Całodobowa"}},{"type":"Feature","id":"OZO-3D06189B7E73","geometry":{"type":"Point","coordinates":[19.8985818666667,50.07290895]},"properties":{"nazwa":"Miejsce ochronne","rodzajZrodla":"Obiekt ochrony ludności","adres":"ul. Zarzecze 10, Kraków","dostepnosc":"Całodobowa"}},{"type":"Feature","id":"OZO-06ACD84326B3","geometry":{"type":"Point","coordinates":[19.969248622655872,50.02014369693818]},"properties":{"nazwa":"Miejsce ochronne","rodzajZrodla":"Obiekt ochrony ludności","adres":"ul. Czarnogórska 10, Kraków","dostepnosc":"Całodobowa"}},{"type":"Feature","id":"OZO-2D6DCA035A30","geometry":{"type":"Point","coordinates":[19.948996,50.01862322]},"properties":{"nazwa":"Miejsce ochronne","rodzajZrodla":"Obiekt ochrony ludności","adres":"ul. Jana Sas-Zubrzyckiego 2, Kraków","dostepnosc":"Całodobowa"}},{"type":"Feature","id":"OZO-BB2B8FF5FEC1","geometry":{"type":"Point","coordinates":[19.9436625372356,50.0555216614416]},"properties":{"nazwa":"Miejsce ochronne","rodzajZrodla":"Obiekt ochrony ludności","adres":"ul. św.Sebastiana 22, Kraków","dostepnosc":"Na żądanie"}},{"type":"Feature","id":"OZO-81E7505BBD59","geometry":{"type":"Point","coordinates":[19.9501599999997,50.0640999999992]},"properties":{"nazwa":"Miejsce ochronne","rodzajZrodla":"Obiekt ochrony ludności","adres":"ul. Strzelecka 13, Kraków","dostepnosc":"Na żądanie"}},{"type":"Feature","id":"OZO-F09C72042BB0","geometry":{"type":"Point","coordinates":[20.0153426986357,50.064436059204]},"properties":{"nazwa":"Miejsce ochronne","rodzajZrodla":"Obiekt ochrony ludności","adres":"ul. Sołtysowska 23a, Kraków","dostepnosc":"Całodobowa"}},{"type":"Feature","id":"OZO-CD8611FB0492","geometry":{"type":"Point","coordinates":[19.881331175565723,50.08401574530502]},"properties":{"nazwa":"Miejsce ochronne","rodzajZrodla":"Obiekt ochrony ludności","adres":"ul. Zielony Most 8A, Kraków","dostepnosc":"Na żądanie"}},{"type":"Feature","id":"OZO-D1D1CF6C4CCC","geometry":{"type":"Point","coordinates":[19.89567026495934,50.08716693181899]},"properties":{"nazwa":"Miejsce ochronne","rodzajZrodla":"Obiekt ochrony ludności","adres":"ul. Josepha Conrada 63, Kraków","dostepnosc":"Na żądanie"}},{"type":"Feature","id":"OZO-381D0A717DB7","geometry":{"type":"Point","coordinates":[19.888468533754352,50.09261863195406]},"properties":{"nazwa":"Miejsce ochronne","rodzajZrodla":"Obiekt ochrony ludności","adres":"ul. Sosnowiecka 28C, Kraków","dostepnosc":"Na żądanie"}},{"type":"Feature","id":"OZO-CD65B71C9D35","geometry":{"type":"Point","coordinates":[19.902527891798,49.997329348371]},"properties":{"nazwa":"Miejsce ochronne","rodzajZrodla":"Obiekt ochrony ludności","adres":"ul. Mieczykowa 7, Kraków","dostepnosc":"Całodobowa"}},{"type":"Feature","id":"OZO-C005B36A6B20","geometry":{"type":"Point","coordinates":[19.9176997597878,50.053461305822]},"properties":{"nazwa":"Miejsce ochronne","rodzajZrodla":"Obiekt ochrony ludności","adres":"ul. Senatorska 26, Kraków","dostepnosc":"Na żądanie"}},{"type":"Feature","id":"OZO-EF7455457185","geometry":{"type":"Point","coordinates":[19.959860891103748,50.10050941992028]},"properties":{"nazwa":"Miejsce ochronne","rodzajZrodla":"Obiekt ochrony ludności","adres":"ul. Stefana Banacha 29B, Kraków","dostepnosc":"Na żądanie"}},{"type":"Feature","id":"OZO-D06437664B6F","geometry":{"type":"Point","coordinates":[19.924718588590626,50.0874663784147]},"properties":{"nazwa":"Miejsce ochronne","rodzajZrodla":"Obiekt ochrony ludności","adres":"ul. Batalionu \"Skała\" AK 4, Kraków","dostepnosc":"Na żądanie"}},{"type":"Feature","id":"OZO-84AFB966945A","geometry":{"type":"Point","coordinates":[19.917618781328205,50.07053782610084]},"properties":{"nazwa":"Miejsce ochronne","rodzajZrodla":"Obiekt ochrony ludności","adres":"ul. Juliusza Lea 22, Kraków","dostepnosc":"Całodobowa"}},{"type":"Feature","id":"OZO-1AC608EE240A","geometry":{"type":"Point","coordinates":[19.9627303786882,50.0087882388867]},"properties":{"nazwa":"Miejsce ochronne","rodzajZrodla":"Obiekt ochrony ludności","adres":"ul. Kordiana 64, Kraków","dostepnosc":"Całodobowa"}},{"type":"Feature","id":"OZO-0D48E43A69D8","geometry":{"type":"Point","coordinates":[19.8860186479056,50.0851905340912]},"properties":{"nazwa":"Miejsce ochronne","rodzajZrodla":"Obiekt ochrony ludności","adres":"ul. Wizjonerów 4, Kraków","dostepnosc":"Całodobowa"}},{"type":"Feature","id":"OZO-5E765EE1F2EB","geometry":{"type":"Point","coordinates":[19.934385395241,50.0369693337219]},"properties":{"nazwa":"Miejsce ochronne","rodzajZrodla":"Obiekt ochrony ludności","adres":"ul. Rydlówka 21D, Kraków","dostepnosc":"Na żądanie"}},{"type":"Feature","id":"OZO-498058287312","geometry":{"type":"Point","coordinates":[19.903457948985,49.99646444809]},"properties":{"nazwa":"Miejsce ochronne","rodzajZrodla":"Obiekt ochrony ludności","adres":"ul. Anny Szwed-Śniadowskiej 37, Kraków","dostepnosc":"Całodobowa"}},{"type":"Feature","id":"OZO-446D8AA9FAE4","geometry":{"type":"Point","coordinates":[19.9874638534537,50.0953295008726]},"properties":{"nazwa":"Miejsce ochronne","rodzajZrodla":"Obiekt ochrony ludności","adres":"ul. Reduta 48, Kraków","dostepnosc":"Na żądanie"}},{"type":"Feature","id":"OZO-A5D452CB10A2","geometry":{"type":"Point","coordinates":[19.9621564999997,50.0494060999992]},"properties":{"nazwa":"Miejsce ochronne","rodzajZrodla":"Obiekt ochrony ludności","adres":"ul. Ślusarska 6, Kraków","dostepnosc":"Całodobowa"}},{"type":"Feature","id":"OZO-87B67CA467B0","geometry":{"type":"Point","coordinates":[19.955966323614124,50.10155890347484]},"properties":{"nazwa":"Miejsce ochronne","rodzajZrodla":"Obiekt ochrony ludności","adres":"ul. Stefana Banacha 45, Kraków","dostepnosc":"Na żądanie"}},{"type":"Feature","id":"OZO-6E0CB75B9412","geometry":{"type":"Point","coordinates":[19.9325739331289,50.0485841999396]},"properties":{"nazwa":"Miejsce ochronne","rodzajZrodla":"Obiekt ochrony ludności","adres":"ul. Marii Konopnickiej 17, Kraków","dostepnosc":"Określone godziny"}},{"type":"Feature","id":"OZO-971F6BF234B8","geometry":{"type":"Point","coordinates":[19.848766475915912,50.08356826346427]},"properties":{"nazwa":"Miejsce ochronne","rodzajZrodla":"Obiekt ochrony ludności","adres":"ul. Profesora Stefana Myczkowskiego 8, Kraków","dostepnosc":"Całodobowa"}},{"type":"Feature","id":"OZO-838EBC01ADED","geometry":{"type":"Point","coordinates":[19.9763394456696,50.0952109284655]},"properties":{"nazwa":"Miejsce ochronne","rodzajZrodla":"Obiekt ochrony ludności","adres":"ul. Reduta 9a, Kraków","dostepnosc":"Na żądanie"}},{"type":"Feature","id":"OZO-8548CA9EBB81","geometry":{"type":"Point","coordinates":[19.9548258073418,50.0148242944921]},"properties":{"nazwa":"Miejsce ochronne","rodzajZrodla":"Obiekt ochrony ludności","adres":"ul. Gołaśka 12, Kraków","dostepnosc":"Całodobowa"}},{"type":"Feature","id":"OZO-25E78E4F49E6","geometry":{"type":"Point","coordinates":[20.0586971600465,50.0963274538079]},"properties":{"nazwa":"Miejsce ochronne","rodzajZrodla":"Obiekt ochrony ludności","adres":"Osiedle Na Stoku 8, Kraków","dostepnosc":"Całodobowa"}},{"type":"Feature","id":"OZO-93D06A7F970A","geometry":{"type":"Point","coordinates":[19.923244714736942,50.081065730321384]},"properties":{"nazwa":"Miejsce ochronne","rodzajZrodla":"Obiekt ochrony ludności","adres":"ul. Wrocławska 53L, Kraków","dostepnosc":"Całodobowa"}},{"type":"Feature","id":"OZO-361095D0BA47","geometry":{"type":"Point","coordinates":[19.9184695703189,50.0732759090876]},"properties":{"nazwa":"Miejsce ochronne","rodzajZrodla":"Obiekt ochrony ludności","adres":"ul. Nowowiejska 4, Kraków","dostepnosc":"Całodobowa"}},{"type":"Feature","id":"OZO-86F35CB32A91","geometry":{"type":"Point","coordinates":[19.924147278070453,50.10121309258109]},"properties":{"nazwa":"Miejsce ochronne","rodzajZrodla":"Obiekt ochrony ludności","adres":"ul. Zygmunta Glogera 43G, Kraków","dostepnosc":"Na żądanie"}},{"type":"Feature","id":"OZO-9F0E38AA5A7F","geometry":{"type":"Point","coordinates":[19.9293162393986,50.0772375800075]},"properties":{"nazwa":"Miejsce ochronne","rodzajZrodla":"Obiekt ochrony ludności","adres":"ul. Władysława Łokietka 8E, Kraków","dostepnosc":"Na żądanie"}},{"type":"Feature","id":"OZO-14B8C59B3CFF","geometry":{"type":"Point","coordinates":[19.9378323667158,49.9983487684719]},"properties":{"nazwa":"Miejsce ochronne","rodzajZrodla":"Obiekt ochrony ludności","adres":"ul. Borowinowa 53A, Kraków","dostepnosc":"Całodobowa"}},{"type":"Feature","id":"OZO-4ACAD78BD599","geometry":{"type":"Point","coordinates":[19.94132146239281,50.09160681023969]},"properties":{"nazwa":"Miejsce ochronne","rodzajZrodla":"Obiekt ochrony ludności","adres":"ul. Gabriela Narutowicza 4, Kraków","dostepnosc":"Na żądanie"}},{"type":"Feature","id":"OZO-9D86C8F65E90","geometry":{"type":"Point","coordinates":[19.92088705301285,50.08359580092894]},"properties":{"nazwa":"Miejsce ochronne","rodzajZrodla":"Obiekt ochrony ludności","adres":"ul. Józefa Wybickiego 30, Kraków","dostepnosc":"Na żądanie"}},{"type":"Feature","id":"OZO-4428F3BE115F","geometry":{"type":"Point","coordinates":[19.910071045160297,50.08274041104622]},"properties":{"nazwa":"Miejsce ochronne","rodzajZrodla":"Obiekt ochrony ludności","adres":"ul. Eliasza Radzikowskiego 3, Kraków","dostepnosc":"Na żądanie"}},{"type":"Feature","id":"OZO-3B208217CA8B","geometry":{"type":"Point","coordinates":[19.8144575166667,50.0420324]},"properties":{"nazwa":"Miejsce ochronne","rodzajZrodla":"Obiekt ochrony ludności","adres":"ul. KsięciaJózefa 230, Kraków","dostepnosc":"Całodobowa"}},{"type":"Feature","id":"OZO-104F70520750","geometry":{"type":"Point","coordinates":[19.9079040239668,50.0138178132695]},"properties":{"nazwa":"Miejsce ochronne","rodzajZrodla":"Obiekt ochrony ludności","adres":"ul. Obozowa 42, Kraków","dostepnosc":"Całodobowa"}},{"type":"Feature","id":"OZO-2A8480A24AF4","geometry":{"type":"Point","coordinates":[19.96679606,50.09266572]},"properties":{"nazwa":"Miejsce ochronne","rodzajZrodla":"Obiekt ochrony ludności","adres":"ul. Jakuba Majora 42, Kraków","dostepnosc":"Na żądanie"}},{"type":"Feature","id":"OZO-6774DDBD9E16","geometry":{"type":"Point","coordinates":[19.941297322511677,49.99961572059357]},"properties":{"nazwa":"Miejsce ochronne","rodzajZrodla":"Obiekt ochrony ludności","adres":"ul. Józefa Łobodowskiego 14a, Kraków","dostepnosc":"Całodobowa"}},{"type":"Feature","id":"OZO-D99691BED14E","geometry":{"type":"Point","coordinates":[19.934961,50.03654872]},"properties":{"nazwa":"Miejsce ochronne","rodzajZrodla":"Obiekt ochrony ludności","adres":"ul. Rydlówka 21C, Kraków","dostepnosc":"Całodobowa"}},{"type":"Feature","id":"OZO-BEA340B9A664","geometry":{"type":"Point","coordinates":[19.9167996836222,50.0247850295528]},"properties":{"nazwa":"Miejsce ochronne","rodzajZrodla":"Obiekt ochrony ludności","adres":"ul. Pszczelna 36, Kraków","dostepnosc":"Całodobowa"}},{"type":"Feature","id":"OZO-E1C999DB146E","geometry":{"type":"Point","coordinates":[19.9731393558525,50.023496193358]},"properties":{"nazwa":"Miejsce ochronne","rodzajZrodla":"Obiekt ochrony ludności","adres":"ul. Alfreda Dauna 60, Kraków","dostepnosc":"Całodobowa"}},{"type":"Feature","id":"OZO-D5D1A0750CA7","geometry":{"type":"Point","coordinates":[19.8955737054348,50.08463188654207]},"properties":{"nazwa":"Miejsce ochronne","rodzajZrodla":"Obiekt ochrony ludności","adres":"ul. Eliasza Radzikowskiego 69A, Kraków","dostepnosc":"Na żądanie"}},{"type":"Feature","id":"OZO-4827017092BB","geometry":{"type":"Point","coordinates":[19.9388237483515,50.0622411817602]},"properties":{"nazwa":"Miejsce ochronne","rodzajZrodla":"Obiekt ochrony ludności","adres":"Rynek Główny 46, Kraków","dostepnosc":"Na żądanie"}},{"type":"Feature","id":"OZO-76099A0ED892","geometry":{"type":"Point","coordinates":[19.9529870692422,50.0630891789045]},"properties":{"nazwa":"Miejsce ochronne","rodzajZrodla":"Obiekt ochrony ludności","adres":"ul. Kopernika Mikołaja 21, Kraków","dostepnosc":"Całodobowa"}},{"type":"Feature","id":"OZO-5E56B222EA14","geometry":{"type":"Point","coordinates":[19.91077878,50.07415151]},"properties":{"nazwa":"Miejsce ochronne","rodzajZrodla":"Obiekt ochrony ludności","adres":"ul. Królewska 69, Kraków","dostepnosc":"Całodobowa"}},{"type":"Feature","id":"OZO-DA9E83058000","geometry":{"type":"Point","coordinates":[19.922068910637,50.0802774448321]},"properties":{"nazwa":"Miejsce ochronne","rodzajZrodla":"Obiekt ochrony ludności","adres":"ul. Wrocławska 53D, Kraków","dostepnosc":"Całodobowa"}},{"type":"Feature","id":"OZO-C6B3C6278C56","geometry":{"type":"Point","coordinates":[20.0226685431364,50.063624345656]},"properties":{"nazwa":"Miejsce ochronne","rodzajZrodla":"Obiekt ochrony ludności","adres":"ul. Sołtysowska 35a, Kraków","dostepnosc":"Na żądanie"}},{"type":"Feature","id":"OZO-22CCE84A52BB","geometry":{"type":"Point","coordinates":[20.01581455,50.1029423]},"properties":{"nazwa":"Miejsce ochronne","rodzajZrodla":"Obiekt ochrony ludności","adres":"Osiedle Piastów 63G, Kraków","dostepnosc":"Na żądanie"}},{"type":"Feature","id":"OZO-DA682FA3C59A","geometry":{"type":"Point","coordinates":[20.0055761999997,50.0812939999992]},"properties":{"nazwa":"Miejsce ochronne","rodzajZrodla":"Obiekt ochrony ludności","adres":"ul. Bolesława Orlińskiego 9D, Kraków","dostepnosc":"Całodobowa"}},{"type":"Feature","id":"OZO-4AEEB419054E","geometry":{"type":"Point","coordinates":[19.93542996,50.0366597]},"properties":{"nazwa":"Miejsce ochronne","rodzajZrodla":"Obiekt ochrony ludności","adres":"ul. Rydlówka 21F, Kraków","dostepnosc":"Na żądanie"}},{"type":"Feature","id":"OZO-0E3E8CD632C0","geometry":{"type":"Point","coordinates":[19.889305382967,50.09205421703395]},"properties":{"nazwa":"Miejsce ochronne","rodzajZrodla":"Obiekt ochrony ludności","adres":"ul. Sosnowiecka 32E, Kraków","dostepnosc":"Na żądanie"}},{"type":"Feature","id":"OZO-916F28DD48C9","geometry":{"type":"Point","coordinates":[19.959756284952167,50.10046984877906]},"properties":{"nazwa":"Miejsce ochronne","rodzajZrodla":"Obiekt ochrony ludności","adres":"ul. Stefana Banacha 29B, Kraków","dostepnosc":"Na żądanie"}},{"type":"Feature","id":"OZO-7CA2BC469773","geometry":{"type":"Point","coordinates":[19.9743868224203,50.0278969202321]},"properties":{"nazwa":"Miejsce ochronne","rodzajZrodla":"Obiekt ochrony ludności","adres":"ul. Wielicka 109, Kraków","dostepnosc":"Całodobowa"}},{"type":"Feature","id":"OZO-8494FC5B17E5","geometry":{"type":"Point","coordinates":[19.8852421,50.0810446]},"properties":{"nazwa":"Miejsce ochronne","rodzajZrodla":"Obiekt ochrony ludności","adres":"ul. Na Błonie 1, Kraków","dostepnosc":"Całodobowa"}},{"type":"Feature","id":"OZO-4BB2AE36CA42","geometry":{"type":"Point","coordinates":[20.0013092439628,50.0990915066093]},"properties":{"nazwa":"Miejsce ochronne","rodzajZrodla":"Obiekt ochrony ludności","adres":"Osiedle Złotego Wieku 49, Kraków","dostepnosc":"Na żądanie"}},{"type":"Feature","id":"OZO-BF6D6A891D50","geometry":{"type":"Point","coordinates":[20.0018492899844,50.0813879930744]},"properties":{"nazwa":"Miejsce ochronne","rodzajZrodla":"Obiekt ochrony ludności","adres":"ul. Bolesława Orlińskiego 3, Kraków","dostepnosc":"Całodobowa"}},{"type":"Feature","id":"OZO-DF8EC3F6AAC7","geometry":{"type":"Point","coordinates":[19.9171599600333,50.0691595049608]},"properties":{"nazwa":"Miejsce ochronne","rodzajZrodla":"Obiekt ochrony ludności","adres":"ul. Spokojna 20, Kraków","dostepnosc":"Całodobowa"}},{"type":"Feature","id":"OZO-C15137EED1DA","geometry":{"type":"Point","coordinates":[19.93870902,50.04420621]},"properties":{"nazwa":"Miejsce ochronne","rodzajZrodla":"Obiekt ochrony ludności","adres":"ul. Ludwinowska 7, Kraków","dostepnosc":"Określone godziny"}},{"type":"Feature","id":"OZO-C7ED3E215EA9","geometry":{"type":"Point","coordinates":[19.9639604054224,50.066774156907]},"properties":{"nazwa":"Miejsce ochronne","rodzajZrodla":"Obiekt ochrony ludności","adres":"ul. Mogilska 46, Kraków","dostepnosc":"Na żądanie"}},{"type":"Feature","id":"OZO-176078F3CDB7","geometry":{"type":"Point","coordinates":[19.8929383967333,49.9991707310618]},"properties":{"nazwa":"Miejsce ochronne","rodzajZrodla":"Obiekt ochrony ludności","adres":"ul. bpa Albina Małysiaka 8, Kraków","dostepnosc":"Całodobowa"}},{"type":"Feature","id":"OZO-18C21F5745BE","geometry":{"type":"Point","coordinates":[20.0562468184496,50.0190255344709]},"properties":{"nazwa":"Miejsce ochronne","rodzajZrodla":"Obiekt ochrony ludności","adres":"ul. Henryka i Karola Czeczów 26, Kraków","dostepnosc":"Całodobowa"}},{"type":"Feature","id":"OZO-8C657C4A6950","geometry":{"type":"Point","coordinates":[19.9041333980412,50.0899064913811]},"properties":{"nazwa":"Miejsce ochronne","rodzajZrodla":"Obiekt ochrony ludności","adres":"ul. Josepha Conrada 20, Kraków","dostepnosc":"Na żądanie"}},{"type":"Feature","id":"OZO-DECD5B335C6A","geometry":{"type":"Point","coordinates":[19.9725535450268,50.0341542811241]},"properties":{"nazwa":"Miejsce ochronne","rodzajZrodla":"Obiekt ochrony ludności","adres":"ul. Dworcowa 12, Kraków","dostepnosc":"Całodobowa"}},{"type":"Feature","id":"OZO-3A3C440C809D","geometry":{"type":"Point","coordinates":[19.915257096290592,50.02012646325268]},"properties":{"nazwa":"Miejsce ochronne","rodzajZrodla":"Obiekt ochrony ludności","adres":"ul. Obozowa 116, Kraków","dostepnosc":"Całodobowa"}},{"type":"Feature","id":"OZO-DE77F0CFE7E2","geometry":{"type":"Point","coordinates":[19.9232360297564,50.0250342923606]},"properties":{"nazwa":"Miejsce ochronne","rodzajZrodla":"Obiekt ochrony ludności","adres":"ul. Ruczaj 18, Kraków","dostepnosc":"Całodobowa"}},{"type":"Feature","id":"OZO-EEC9FF462C76","geometry":{"type":"Point","coordinates":[19.962169350632,50.0900897106679]},"properties":{"nazwa":"Miejsce ochronne","rodzajZrodla":"Obiekt ochrony ludności","adres":"ul. mjr. Ryszarda Nuszkiewicza 9, Kraków","dostepnosc":"Na żądanie"}},{"type":"Feature","id":"OZO-4462F1848734","geometry":{"type":"Point","coordinates":[19.9106390960098,50.0872975401987]},"properties":{"nazwa":"Miejsce ochronne","rodzajZrodla":"Obiekt ochrony ludności","adres":"ul. Józefa Chełmońskiego 41, Kraków","dostepnosc":"Na żądanie"}},{"type":"Feature","id":"OZO-AEE2D034065A","geometry":{"type":"Point","coordinates":[19.9193376674872,50.0721144769677]},"properties":{"nazwa":"Miejsce ochronne","rodzajZrodla":"Obiekt ochrony ludności","adres":"ul. Królewska 45, Kraków","dostepnosc":"Całodobowa"}},{"type":"Feature","id":"OZO-A44E9D86793C","geometry":{"type":"Point","coordinates":[19.9433899577437,50.0154278154154]},"properties":{"nazwa":"Miejsce ochronne","rodzajZrodla":"Obiekt ochrony ludności","adres":"ul. Sobótka 24a, Kraków","dostepnosc":"Na żądanie"}},{"type":"Feature","id":"OZO-EC18039A02F7","geometry":{"type":"Point","coordinates":[19.9205080326277,50.0937275076722]},"properties":{"nazwa":"Miejsce ochronne","rodzajZrodla":"Obiekt ochrony ludności","adres":"ul. Henryka Pachońskiego 5M, Kraków","dostepnosc":"Na żądanie"}},{"type":"Feature","id":"OZO-C23DDCB4C8FF","geometry":{"type":"Point","coordinates":[19.9235085025074,50.0748543953871]},"properties":{"nazwa":"Miejsce ochronne","rodzajZrodla":"Obiekt ochrony ludności","adres":"ul. Rzeczna 8, Kraków","dostepnosc":"Na żądanie"}},{"type":"Feature","id":"OZO-0F1D7CC79F82","geometry":{"type":"Point","coordinates":[20.0219231999997,50.0662245999991]},"properties":{"nazwa":"Miejsce ochronne","rodzajZrodla":"Obiekt ochrony ludności","adres":"ul. bp. Piotra Tomickiego 24, Kraków","dostepnosc":"Na żądanie"}},{"type":"Feature","id":"OZO-456DF181D736","geometry":{"type":"Point","coordinates":[19.9302877019766,50.0660108588943]},"properties":{"nazwa":"Miejsce ochronne","rodzajZrodla":"Obiekt ochrony ludności","adres":"ul. Karmelicka 25, Kraków","dostepnosc":"Na żądanie"}},{"type":"Feature","id":"OZO-7218358E684D","geometry":{"type":"Point","coordinates":[19.9500718420841,50.0563340404285]},"properties":{"nazwa":"Miejsce ochronne","rodzajZrodla":"Obiekt ochrony ludności","adres":"ul. Michała Siedleckiego 4, Kraków","dostepnosc":"Na żądanie"}},{"type":"Feature","id":"OZO-E511B1092C4C","geometry":{"type":"Point","coordinates":[19.9507895856867,50.0506095728141]},"properties":{"nazwa":"Miejsce ochronne","rodzajZrodla":"Obiekt ochrony ludności","adres":"ul. św.Wawrzyńca 31b, Kraków","dostepnosc":"Całodobowa"}},{"type":"Feature","id":"OZO-4B7ABDCEC232","geometry":{"type":"Point","coordinates":[19.9476094634037,50.0157510804594]},"properties":{"nazwa":"Miejsce ochronne","rodzajZrodla":"Obiekt ochrony ludności","adres":"ul. Przykopy 14a, Kraków","dostepnosc":"Całodobowa"}},{"type":"Feature","id":"OZO-833D1E7452A1","geometry":{"type":"Point","coordinates":[19.939568996932,50.0408393009429]},"properties":{"nazwa":"Miejsce ochronne","rodzajZrodla":"Obiekt ochrony ludności","adres":"ul. Ignacego Krasickiego 30, Kraków","dostepnosc":"Na żądanie"}},{"type":"Feature","id":"OZO-2559F6D43B05","geometry":{"type":"Point","coordinates":[19.9597892341159,50.0083340628358]},"properties":{"nazwa":"Miejsce ochronne","rodzajZrodla":"Obiekt ochrony ludności","adres":"ul. Marii i Bolesława Wysłouchów 49, Kraków","dostepnosc":"Całodobowa"}},{"type":"Feature","id":"OZO-DD4BD90DAF7B","geometry":{"type":"Point","coordinates":[19.9870508679205,50.0946965825182]},"properties":{"nazwa":"Miejsce ochronne","rodzajZrodla":"Obiekt ochrony ludności","adres":"ul. Reduta 46, Kraków","dostepnosc":"Na żądanie"}},{"type":"Feature","id":"OZO-941FDF52D74B","geometry":{"type":"Point","coordinates":[19.8992836707738,49.9963954780505]},"properties":{"nazwa":"Miejsce ochronne","rodzajZrodla":"Obiekt ochrony ludności","adres":"ul. Anny Szwed-Śniadowskiej 43, Kraków","dostepnosc":"Całodobowa"}},{"type":"Feature","id":"OZO-E9521A3EB392","geometry":{"type":"Point","coordinates":[19.9624889329549,50.0904244762246]},"properties":{"nazwa":"Miejsce ochronne","rodzajZrodla":"Obiekt ochrony ludności","adres":"ul. mjr. Ryszarda Nuszkiewicza 4, Kraków","dostepnosc":"Na żądanie"}},{"type":"Feature","id":"OZO-E8F0B806CB11","geometry":{"type":"Point","coordinates":[19.8864378524144,50.0842176703658]},"properties":{"nazwa":"Miejsce ochronne","rodzajZrodla":"Obiekt ochrony ludności","adres":"ul. Wizjonerów 5, Kraków","dostepnosc":"Całodobowa"}},{"type":"Feature","id":"OZO-F19E1D2A306F","geometry":{"type":"Point","coordinates":[19.9793969744066,50.0921316187588]},"properties":{"nazwa":"Miejsce ochronne","rodzajZrodla":"Obiekt ochrony ludności","adres":"ul. Kwartowa 18, Kraków","dostepnosc":"Na żądanie"}},{"type":"Feature","id":"OZO-BB4A5169CE6E","geometry":{"type":"Point","coordinates":[19.9258152363628,50.0560543184703]},"properties":{"nazwa":"Miejsce ochronne","rodzajZrodla":"Obiekt ochrony ludności","adres":"ul. Władysława Syrokomli 11, Kraków","dostepnosc":"Całodobowa"}},{"type":"Feature","id":"OZO-484CD0188A97","geometry":{"type":"Point","coordinates":[20.0590175713754,50.0986152245279]},"properties":{"nazwa":"Miejsce ochronne","rodzajZrodla":"Obiekt ochrony ludności","adres":"Osiedle Na Stoku 10E, Kraków","dostepnosc":"Całodobowa"}},{"type":"Feature","id":"OZO-56E5C841E4E9","geometry":{"type":"Point","coordinates":[19.928779453039173,50.02424169181936]},"properties":{"nazwa":"Miejsce ochronne","rodzajZrodla":"Obiekt ochrony ludności","adres":"ul. Do Wilgi 20, Kraków","dostepnosc":"Całodobowa"}},{"type":"Feature","id":"OZO-76255F602426","geometry":{"type":"Point","coordinates":[19.9833171349923,50.0948024023735]},"properties":{"nazwa":"Miejsce ochronne","rodzajZrodla":"Obiekt ochrony ludności","adres":"ul. Reduta 38, Kraków","dostepnosc":"Na żądanie"}},{"type":"Feature","id":"OZO-B89087141A08","geometry":{"type":"Point","coordinates":[19.9726654309652,50.0630974350791]},"properties":{"nazwa":"Miejsce ochronne","rodzajZrodla":"Obiekt ochrony ludności","adres":"ul. Fabryczna 11, Kraków","dostepnosc":"Na żądanie"}},{"type":"Feature","id":"OZO-FE928725438F","geometry":{"type":"Point","coordinates":[19.944611084502,50.0241403604834]},"properties":{"nazwa":"Miejsce ochronne","rodzajZrodla":"Obiekt ochrony ludności","adres":"ul. Aleksandra Fredry 14C, Kraków","dostepnosc":"Określone godziny"}},{"type":"Feature","id":"OZO-9BD0F7167B07","geometry":{"type":"Point","coordinates":[19.9514852836502,50.072772540186]},"properties":{"nazwa":"Miejsce ochronne","rodzajZrodla":"Obiekt ochrony ludności","adres":"ul. Rakowicka 22E, Kraków","dostepnosc":"Na żądanie"}},{"type":"Feature","id":"OZO-FA760DE6F5DE","geometry":{"type":"Point","coordinates":[19.9310019393666,50.055930565377]},"properties":{"nazwa":"Miejsce ochronne","rodzajZrodla":"Obiekt ochrony ludności","adres":"ul. Powiśle 7, Kraków","dostepnosc":"Na żądanie"}},{"type":"Feature","id":"OZO-4EB2320E608B","geometry":{"type":"Point","coordinates":[19.8925269767142,49.9999896250665]},"properties":{"nazwa":"Miejsce ochronne","rodzajZrodla":"Obiekt ochrony ludności","adres":"ul. Komuny Paryskiej 134, Kraków","dostepnosc":"Całodobowa"}},{"type":"Feature","id":"OZO-26179219EC7F","geometry":{"type":"Point","coordinates":[19.9128802492809,50.0886390218924]},"properties":{"nazwa":"Miejsce ochronne","rodzajZrodla":"Obiekt ochrony ludności","adres":"ul. Józefa Mehoffera 10, Kraków","dostepnosc":"Na żądanie"}},{"type":"Feature","id":"OZO-13904DA0D687","geometry":{"type":"Point","coordinates":[19.9976603433017,50.0749792459677]},"properties":{"nazwa":"Miejsce ochronne","rodzajZrodla":"Obiekt ochrony ludności","adres":"Aleja Jana Pawła II 37, Kraków","dostepnosc":"Na żądanie"}},{"type":"Feature","id":"OZO-29721A0E0B27","geometry":{"type":"Point","coordinates":[19.93057653307915,50.022999233242665]},"properties":{"nazwa":"Miejsce ochronne","rodzajZrodla":"Obiekt ochrony ludności","adres":"ul. Do Wilgi 8, Kraków","dostepnosc":"Całodobowa"}},{"type":"Feature","id":"OZO-05C64DE84386","geometry":{"type":"Point","coordinates":[19.9239892956291,50.0545091946879]},"properties":{"nazwa":"Miejsce ochronne","rodzajZrodla":"Obiekt ochrony ludności","adres":"ul. Tatarska 9, Kraków","dostepnosc":"Na żądanie"}},{"type":"Feature","id":"OZO-C80ED2696994","geometry":{"type":"Point","coordinates":[19.898491958109,49.9975319672365]},"properties":{"nazwa":"Miejsce ochronne","rodzajZrodla":"Obiekt ochrony ludności","adres":"ul. Profesora Wojciecha Marii Bartla 19g, Kraków","dostepnosc":"Całodobowa"}},{"type":"Feature","id":"OZO-45CD0DF19A5D","geometry":{"type":"Point","coordinates":[19.9051666666667,50.077955]},"properties":{"nazwa":"Miejsce ochronne","rodzajZrodla":"Obiekt ochrony ludności","adres":"ul. Grenadierów 3, Kraków","dostepnosc":"Całodobowa"}},{"type":"Feature","id":"OZO-0E5F0CE06080","geometry":{"type":"Point","coordinates":[19.9872378334638,50.0701524817988]},"properties":{"nazwa":"Miejsce ochronne","rodzajZrodla":"Obiekt ochrony ludności","adres":"ul. Stanisława Lema 17, Kraków","dostepnosc":"Całodobowa"}},{"type":"Feature","id":"OZO-47FA7F38C8C4","geometry":{"type":"Point","coordinates":[19.9459979030983,50.05331604744]},"properties":{"nazwa":"Miejsce ochronne","rodzajZrodla":"Obiekt ochrony ludności","adres":"ul. Brzozowa 17, Kraków","dostepnosc":"Na żądanie"}},{"type":"Feature","id":"OZO-B8128570FACE","geometry":{"type":"Point","coordinates":[20.0267211889579,50.0668239179786]},"properties":{"nazwa":"Miejsce ochronne","rodzajZrodla":"Obiekt ochrony ludności","adres":"ul. bp. Piotra Tomickiego 17, Kraków","dostepnosc":"Na żądanie"}},{"type":"Feature","id":"OZO-A2414C5AD804","geometry":{"type":"Point","coordinates":[20.0073742928887,50.0067296948305]},"properties":{"nazwa":"Miejsce ochronne","rodzajZrodla":"Obiekt ochrony ludności","adres":"ul. Jana XXIII 8, Kraków","dostepnosc":"Całodobowa"}},{"type":"Feature","id":"OZO-FFF0DDFDACD0","geometry":{"type":"Point","coordinates":[20.017466694116596,50.10299717473721]},"properties":{"nazwa":"Miejsce ochronne","rodzajZrodla":"Obiekt ochrony ludności","adres":"Osiedle Piastów 63K, Kraków","dostepnosc":"Określone godziny"}},{"type":"Feature","id":"OZO-B8DD0DCF5843","geometry":{"type":"Point","coordinates":[19.9854698194785,50.0947930111917]},"properties":{"nazwa":"Miejsce ochronne","rodzajZrodla":"Obiekt ochrony ludności","adres":"ul. Reduta 42, Kraków","dostepnosc":"Na żądanie"}},{"type":"Feature","id":"OZO-AE2CC0255FE2","geometry":{"type":"Point","coordinates":[19.9010000749961,50.0839836290497]},"properties":{"nazwa":"Miejsce ochronne","rodzajZrodla":"Obiekt ochrony ludności","adres":"ul. Eliasza Radzikowskiego 47c, Kraków","dostepnosc":"Na żądanie"}},{"type":"Feature","id":"OZO-7D8964FEDCF7","geometry":{"type":"Point","coordinates":[19.8918673069144,50.0120866830092]},"properties":{"nazwa":"Miejsce ochronne","rodzajZrodla":"Obiekt ochrony ludności","adres":"ul. dr. Jana Piltza 38, Kraków","dostepnosc":"Całodobowa"}},{"type":"Feature","id":"OZO-2267EA8DE532","geometry":{"type":"Point","coordinates":[20.0288591340165,50.0798224888099]},"properties":{"nazwa":"Miejsce ochronne","rodzajZrodla":"Obiekt ochrony ludności","adres":"Osiedle Teatralne 4a, Kraków","dostepnosc":"Na żądanie"}},{"type":"Feature","id":"OZO-2A59647A6E50","geometry":{"type":"Point","coordinates":[19.9531869776329,50.0400283420645]},"properties":{"nazwa":"Miejsce ochronne","rodzajZrodla":"Obiekt ochrony ludności","adres":"ul. Parkowa 18, Kraków","dostepnosc":"Całodobowa"}},{"type":"Feature","id":"OZO-DFF60844EF6C","geometry":{"type":"Point","coordinates":[19.9673899620865,50.0924611540154]},"properties":{"nazwa":"Miejsce ochronne","rodzajZrodla":"Obiekt ochrony ludności","adres":"ul. Jakuba Majora 36, Kraków","dostepnosc":"Na żądanie"}},{"type":"Feature","id":"OZO-6799AFB33BFC","geometry":{"type":"Point","coordinates":[19.9045091725241,50.0559294503491]},"properties":{"nazwa":"Miejsce ochronne","rodzajZrodla":"Obiekt ochrony ludności","adres":"ul. KrólowejJadwigi 78, Kraków","dostepnosc":"Całodobowa"}},{"type":"Feature","id":"OZO-794F1F89D01B","geometry":{"type":"Point","coordinates":[19.9385974231731,50.0317072791806]},"properties":{"nazwa":"Miejsce ochronne","rodzajZrodla":"Obiekt ochrony ludności","adres":"ul. Wadowicka 10, Kraków","dostepnosc":"Określone godziny"}},{"type":"Feature","id":"OZO-BF684967B2FF","geometry":{"type":"Point","coordinates":[19.9309019466187,50.0349427281823]},"properties":{"nazwa":"Miejsce ochronne","rodzajZrodla":"Obiekt ochrony ludności","adres":"ul. Rydlówka 42B, Kraków","dostepnosc":"Całodobowa"}},{"type":"Feature","id":"OZO-419F8DDC7DFD","geometry":{"type":"Point","coordinates":[20.0148520039558,50.0644545490153]},"properties":{"nazwa":"Miejsce ochronne","rodzajZrodla":"Obiekt ochrony ludności","adres":"ul. Sołtysowska 23, Kraków","dostepnosc":"Całodobowa"}},{"type":"Feature","id":"OZO-71218361C549","geometry":{"type":"Point","coordinates":[19.888384044170383,50.09548018213256]},"properties":{"nazwa":"Miejsce ochronne","rodzajZrodla":"Obiekt ochrony ludności","adres":"ul. Stawowa 149, Kraków","dostepnosc":"Na żądanie"}},{"type":"Feature","id":"OZO-A986E2331374","geometry":{"type":"Point","coordinates":[19.9450298771006,50.0824816339102]},"properties":{"nazwa":"Miejsce ochronne","rodzajZrodla":"Obiekt ochrony ludności","adres":"ul. Żabiniec 91, Kraków","dostepnosc":"Na żądanie"}},{"type":"Feature","id":"OZO-0A2FCBE2A9B9","geometry":{"type":"Point","coordinates":[19.904551074404,50.0922007042148]},"properties":{"nazwa":"Miejsce ochronne","rodzajZrodla":"Obiekt ochrony ludności","adres":"ul. Józefa Chełmońskiego 102a, Kraków","dostepnosc":"Na żądanie"}},{"type":"Feature","id":"OZO-A3A27B4EA3CF","geometry":{"type":"Point","coordinates":[20.0447313014671,50.0710724356137]},"properties":{"nazwa":"Miejsce ochronne","rodzajZrodla":"Obiekt ochrony ludności","adres":"Osiedle Ogrodowe 15, Kraków","dostepnosc":"Całodobowa"}},{"type":"Feature","id":"OZO-9E97F544C599","geometry":{"type":"Point","coordinates":[19.951477335125,50.0647401633875]},"properties":{"nazwa":"Miejsce ochronne","rodzajZrodla":"Obiekt ochrony ludności","adres":"ul. Lubicz 23, Kraków","dostepnosc":"Określone godziny"}},{"type":"Feature","id":"OZO-5F04D32189AE","geometry":{"type":"Point","coordinates":[19.9444127175698,50.0560829555877]},"properties":{"nazwa":"Miejsce ochronne","rodzajZrodla":"Obiekt ochrony ludności","adres":"ul. Józefa Sarego 27, Kraków","dostepnosc":"Na żądanie"}},{"type":"Feature","id":"OZO-C312EDCD4949","geometry":{"type":"Point","coordinates":[19.85123275,50.0854060333333]},"properties":{"nazwa":"Miejsce ochronne","rodzajZrodla":"Obiekt ochrony ludności","adres":"ul. Kazimierza Wierzyńskiego 59, Kraków","dostepnosc":"Całodobowa"}},{"type":"Feature","id":"OZO-89624F36428E","geometry":{"type":"Point","coordinates":[20.00366672873497,50.07972318965005]},"properties":{"nazwa":"Miejsce ochronne","rodzajZrodla":"Obiekt ochrony ludności","adres":"os. Osiedle Avia 5, Kraków","dostepnosc":"Całodobowa"}},{"type":"Feature","id":"OZO-A89A3AA099DB","geometry":{"type":"Point","coordinates":[19.9772745024288,50.0730737980547]},"properties":{"nazwa":"Miejsce ochronne","rodzajZrodla":"Obiekt ochrony ludności","adres":"ul. Śliczna 26, Kraków","dostepnosc":"Na żądanie"}},{"type":"Feature","id":"OZO-A78852BBA7CD","geometry":{"type":"Point","coordinates":[19.9869370996576,50.0954525407682]},"properties":{"nazwa":"Miejsce ochronne","rodzajZrodla":"Obiekt ochrony ludności","adres":"ul. Reduta 42D, Kraków","dostepnosc":"Na żądanie"}},{"type":"Feature","id":"OZO-3DB473D59CAD","geometry":{"type":"Point","coordinates":[20.0050423674588,50.0788398505208]},"properties":{"nazwa":"Miejsce ochronne","rodzajZrodla":"Obiekt ochrony ludności","adres":"Osiedle Avia 6, Kraków","dostepnosc":"Na żądanie"}},{"type":"Feature","id":"OZO-B505335565EB","geometry":{"type":"Point","coordinates":[19.9840596,50.0781677]},"properties":{"nazwa":"Miejsce ochronne","rodzajZrodla":"Obiekt ochrony ludności","adres":"ul. Ułanów 25, Kraków","dostepnosc":"Na żądanie"}},{"type":"Feature","id":"OZO-DAA8BD59436F","geometry":{"type":"Point","coordinates":[20.0057851999997,50.0816105999992]},"properties":{"nazwa":"Miejsce ochronne","rodzajZrodla":"Obiekt ochrony ludności","adres":"ul. Bolesława Orlińskiego 9C, Kraków","dostepnosc":"Na żądanie"}},{"type":"Feature","id":"OZO-BED1F9A9D961","geometry":{"type":"Point","coordinates":[19.9636921385461,50.0669604690472]},"properties":{"nazwa":"Miejsce ochronne","rodzajZrodla":"Obiekt ochrony ludności","adres":"ul. Mogilska 44, Kraków","dostepnosc":"Na żądanie"}},{"type":"Feature","id":"OZO-9409257BD5CB","geometry":{"type":"Point","coordinates":[19.91513639688492,50.07676602515725]},"properties":{"nazwa":"Miejsce ochronne","rodzajZrodla":"Obiekt ochrony ludności","adres":"ul. Zakątek 4c, Kraków","dostepnosc":"Całodobowa"}},{"type":"Feature","id":"OZO-A6AC9997D6FF","geometry":{"type":"Point","coordinates":[19.9845210688857,50.0678884837097]},"properties":{"nazwa":"Miejsce ochronne","rodzajZrodla":"Obiekt ochrony ludności","adres":"ul. Dąbska 20a, Kraków","dostepnosc":"Całodobowa"}},{"type":"Feature","id":"OZO-4CBE7A64ACEB","geometry":{"type":"Point","coordinates":[19.8884841044298,50.092571888277]},"properties":{"nazwa":"Miejsce ochronne","rodzajZrodla":"Obiekt ochrony ludności","adres":"ul. Sosnowiecka 28C, Kraków","dostepnosc":"Na żądanie"}},{"type":"Feature","id":"OZO-1D7A79BD4693","geometry":{"type":"Point","coordinates":[19.9092562715406,50.0840440572836]},"properties":{"nazwa":"Miejsce ochronne","rodzajZrodla":"Obiekt ochrony ludności","adres":"ul. Józefa Elsnera 3, Kraków","dostepnosc":"Na żądanie"}},{"type":"Feature","id":"OZO-FDE85DB720D8","geometry":{"type":"Point","coordinates":[19.91995567,50.02292299]},"properties":{"nazwa":"Miejsce ochronne","rodzajZrodla":"Obiekt ochrony ludności","adres":"ul. Zbrojarzy 105, Kraków","dostepnosc":"Całodobowa"}},{"type":"Feature","id":"OZO-BBC7BE20B15F","geometry":{"type":"Point","coordinates":[19.9231196,50.0806203]},"properties":{"nazwa":"Miejsce ochronne","rodzajZrodla":"Obiekt ochrony ludności","adres":"ul. Wrocławska 53F, Kraków","dostepnosc":"Całodobowa"}},{"type":"Feature","id":"OZO-C0764F14B7B8","geometry":{"type":"Point","coordinates":[19.891780558355,49.9979913204152]},"properties":{"nazwa":"Miejsce ochronne","rodzajZrodla":"Obiekt ochrony ludności","adres":"ul. bpa Albina Małysiaka 24F, Kraków","dostepnosc":"Całodobowa"}},{"type":"Feature","id":"OZO-B988EEB85D09","geometry":{"type":"Point","coordinates":[19.9673413706653,50.0920359939078]},"properties":{"nazwa":"Miejsce ochronne","rodzajZrodla":"Obiekt ochrony ludności","adres":"ul. Jakuba Majora 30, Kraków","dostepnosc":"Na żądanie"}},{"type":"Feature","id":"OZO-945055D54928","geometry":{"type":"Point","coordinates":[19.92928773164749,50.06401955758493]},"properties":{"nazwa":"Miejsce ochronne","rodzajZrodla":"Obiekt ochrony ludności","adres":"ul. Józefa Szujskiego 6, Kraków","dostepnosc":"Całodobowa"}},{"type":"Feature","id":"OZO-0F2C78A0C855","geometry":{"type":"Point","coordinates":[19.9441246612366,50.0960777161512]},"properties":{"nazwa":"Miejsce ochronne","rodzajZrodla":"Obiekt ochrony ludności","adres":"ul. Henryka Pachońskiego 34, Kraków","dostepnosc":"Na żądanie"}},{"type":"Feature","id":"OZO-3E678551CF80","geometry":{"type":"Point","coordinates":[19.9135388154134,50.0732664438306]},"properties":{"nazwa":"Miejsce ochronne","rodzajZrodla":"Obiekt ochrony ludności","adres":"ul. Królewska 90, Kraków","dostepnosc":"Całodobowa"}},{"type":"Feature","id":"OZO-CF417E46A81A","geometry":{"type":"Point","coordinates":[19.9316134676019,50.0618598051657]},"properties":{"nazwa":"Miejsce ochronne","rodzajZrodla":"Obiekt ochrony ludności","adres":"ul. Kapucyńska 2, Kraków","dostepnosc":"Na żądanie"}},{"type":"Feature","id":"OZO-3EA2CFB368CA","geometry":{"type":"Point","coordinates":[19.888864241514995,50.09236189285222]},"properties":{"nazwa":"Miejsce ochronne","rodzajZrodla":"Obiekt ochrony ludności","adres":"ul. Sosnowiecka 30D, Kraków","dostepnosc":"Na żądanie"}},{"type":"Feature","id":"OZO-42C0154196B8","geometry":{"type":"Point","coordinates":[20.0116533187628,50.1043125765458]},"properties":{"nazwa":"Miejsce ochronne","rodzajZrodla":"Obiekt ochrony ludności","adres":"Osiedle Bohaterów Września 80, Kraków","dostepnosc":"Określone godziny"}},{"type":"Feature","id":"OZO-7F72724212AF","geometry":{"type":"Point","coordinates":[20.0004671760582,50.0357551157056]},"properties":{"nazwa":"Miejsce ochronne","rodzajZrodla":"Obiekt ochrony ludności","adres":"ul. Bagrowa 23, Kraków","dostepnosc":"Całodobowa"}},{"type":"Feature","id":"OZO-EC45C004C4E0","geometry":{"type":"Point","coordinates":[19.9891388971364,50.0658301333881]},"properties":{"nazwa":"Miejsce ochronne","rodzajZrodla":"Obiekt ochrony ludności","adres":"ul. Stanisława Lema 15E, Kraków","dostepnosc":"Na żądanie"}},{"type":"Feature","id":"OZO-3C75CF5CBCD1","geometry":{"type":"Point","coordinates":[20.0054632054776,50.0840392299894]},"properties":{"nazwa":"Miejsce ochronne","rodzajZrodla":"Obiekt ochrony ludności","adres":"Osiedle Dywizjonu 303 66a, Kraków","dostepnosc":"Na żądanie"}},{"type":"Feature","id":"OZO-8DB3918C6485","geometry":{"type":"Point","coordinates":[20.012582324073,50.0725071118694]},"properties":{"nazwa":"Miejsce ochronne","rodzajZrodla":"Obiekt ochrony ludności","adres":"ul. Konstantego Ildefonsa Gałczyńskiego 3, Kraków","dostepnosc":"Na żądanie"}},{"type":"Feature","id":"OZO-A94A7039680A","geometry":{"type":"Point","coordinates":[19.9290048516956,50.0639614835679]},"properties":{"nazwa":"Miejsce ochronne","rodzajZrodla":"Obiekt ochrony ludności","adres":"ul. Józefa Szujskiego 3, Kraków","dostepnosc":"Na żądanie"}},{"type":"Feature","id":"OZO-D7D5E52BA3BF","geometry":{"type":"Point","coordinates":[19.9496774089506,50.0569504518056]},"properties":{"nazwa":"Miejsce ochronne","rodzajZrodla":"Obiekt ochrony ludności","adres":"ul. Michała Siedleckiego 2, Kraków","dostepnosc":"Na żądanie"}},{"type":"Feature","id":"OZO-D93765BC918E","geometry":{"type":"Point","coordinates":[19.9434757884329,50.0564498314897]},"properties":{"nazwa":"Miejsce ochronne","rodzajZrodla":"Obiekt ochrony ludności","adres":"ul. Józefa Sarego 17, Kraków","dostepnosc":"Na żądanie"}},{"type":"Feature","id":"OZO-F26F166BDE36","geometry":{"type":"Point","coordinates":[19.9585316666667,50.0741566666667]},"properties":{"nazwa":"Miejsce ochronne","rodzajZrodla":"Obiekt ochrony ludności","adres":"ul. Grochowska 2, Kraków","dostepnosc":"Na żądanie"}},{"type":"Feature","id":"OZO-7662304623D8","geometry":{"type":"Point","coordinates":[19.9428702797475,50.055600744698]},"properties":{"nazwa":"Miejsce ochronne","rodzajZrodla":"Obiekt ochrony ludności","adres":"ul. św.Sebastiana 16, Kraków","dostepnosc":"Na żądanie"}},{"type":"Feature","id":"OZO-DE354F0EE036","geometry":{"type":"Point","coordinates":[19.9383711875282,50.0346028349777]},"properties":{"nazwa":"Miejsce ochronne","rodzajZrodla":"Obiekt ochrony ludności","adres":"ul. Wadowicka 3B, Kraków","dostepnosc":"Określone godziny"}},{"type":"Feature","id":"OZO-4C45A42CD069","geometry":{"type":"Point","coordinates":[19.89616245031357,50.084810875807946]},"properties":{"nazwa":"Miejsce ochronne","rodzajZrodla":"Obiekt ochrony ludności","adres":"ul. Eliasza Radzikowskiego 65f, Kraków","dostepnosc":"Na żądanie"}},{"type":"Feature","id":"OZO-32A71E9D965F","geometry":{"type":"Point","coordinates":[20.0093762390359,50.1047279173996]},"properties":{"nazwa":"Miejsce ochronne","rodzajZrodla":"Obiekt ochrony ludności","adres":"Osiedle Bohaterów Września 84B, Kraków","dostepnosc":"Na żądanie"}},{"type":"Feature","id":"OZO-EE674AA5EACD","geometry":{"type":"Point","coordinates":[20.0051382050947,50.0793863698653]},"properties":{"nazwa":"Miejsce ochronne","rodzajZrodla":"Obiekt ochrony ludności","adres":"Osiedle Avia 7, Kraków","dostepnosc":"Na żądanie"}},{"type":"Feature","id":"OZO-01DD8E1EE121","geometry":{"type":"Point","coordinates":[20.0495620944625,50.0663437930834]},"properties":{"nazwa":"Miejsce ochronne","rodzajZrodla":"Obiekt ochrony ludności","adres":"Osiedle Młodości 11, Kraków","dostepnosc":"Określone godziny"}},{"type":"Feature","id":"OZO-9139E7C29EBE","geometry":{"type":"Point","coordinates":[20.0507591570769,50.0232909823285]},"properties":{"nazwa":"Miejsce ochronne","rodzajZrodla":"Obiekt ochrony ludności","adres":"ul. Mariana Domagały 45, Kraków","dostepnosc":"Całodobowa"}},{"type":"Feature","id":"OZO-4DD598700334","geometry":{"type":"Point","coordinates":[19.9426209999997,50.0959732999991]},"properties":{"nazwa":"Miejsce ochronne","rodzajZrodla":"Obiekt ochrony ludności","adres":"ul. Henryka Pachońskiego 30, Kraków","dostepnosc":"Na żądanie"}},{"type":"Feature","id":"OZO-EAB22DF0E437","geometry":{"type":"Point","coordinates":[19.9069716666667,50.0790333333333]},"properties":{"nazwa":"Miejsce ochronne","rodzajZrodla":"Obiekt ochrony ludności","adres":"ul. Bartosza Głowackiego 26, Kraków","dostepnosc":"Całodobowa"}},{"type":"Feature","id":"OZO-FD7B655A8354","geometry":{"type":"Point","coordinates":[19.966294205036,50.0926429681603]},"properties":{"nazwa":"Miejsce ochronne","rodzajZrodla":"Obiekt ochrony ludności","adres":"ul. Jakuba Majora 50, Kraków","dostepnosc":"Na żądanie"}},{"type":"Feature","id":"OZO-76C3C23390F1","geometry":{"type":"Point","coordinates":[19.95318695,50.04002834]},"properties":{"nazwa":"Miejsce ochronne","rodzajZrodla":"Obiekt ochrony ludności","adres":"ul. Parkowa 18, Kraków","dostepnosc":"Całodobowa"}},{"type":"Feature","id":"OZO-454FD42CDD63","geometry":{"type":"Point","coordinates":[19.9189950339209,50.0194694725922]},"properties":{"nazwa":"Miejsce ochronne","rodzajZrodla":"Obiekt ochrony ludności","adres":"ul. Zdunów 18a, Kraków","dostepnosc":"Całodobowa"}},{"type":"Feature","id":"OZO-018682D13111","geometry":{"type":"Point","coordinates":[19.9989464522462,50.0745777106523]},"properties":{"nazwa":"Miejsce ochronne","rodzajZrodla":"Obiekt ochrony ludności","adres":"Aleja Jana Pawła II 43A, Kraków","dostepnosc":"Na żądanie"}},{"type":"Feature","id":"OZO-D98B92874A6B","geometry":{"type":"Point","coordinates":[20.0319063756764,50.0206000544227]},"properties":{"nazwa":"Miejsce ochronne","rodzajZrodla":"Obiekt ochrony ludności","adres":"ul. Stacyjna 24, Kraków","dostepnosc":"Całodobowa"}},{"type":"Feature","id":"OZO-A0239FCA1CCE","geometry":{"type":"Point","coordinates":[19.985086955635,50.0202906916787]},"properties":{"nazwa":"Miejsce ochronne","rodzajZrodla":"Obiekt ochrony ludności","adres":"ul. Wojciecha Stattlera 3, Kraków","dostepnosc":"Całodobowa"}},{"type":"Feature","id":"OZO-BE2C3CBA1EAD","geometry":{"type":"Point","coordinates":[19.9044915826001,50.0039168317504]},"properties":{"nazwa":"Miejsce ochronne","rodzajZrodla":"Obiekt ochrony ludności","adres":"ul. Borkowska 25a, Kraków","dostepnosc":"Na żądanie"}},{"type":"Feature","id":"OZO-1F48C3BDE17B","geometry":{"type":"Point","coordinates":[19.9788945420308,50.0685998279247]},"properties":{"nazwa":"Miejsce ochronne","rodzajZrodla":"Obiekt ochrony ludności","adres":"ul. Mogilska 120B, Kraków","dostepnosc":"Całodobowa"}},{"type":"Feature","id":"OZO-0F3D993B999F","geometry":{"type":"Point","coordinates":[19.92427334189415,50.10346856046769]},"properties":{"nazwa":"Miejsce ochronne","rodzajZrodla":"Obiekt ochrony ludności","adres":"ul. Zygmunta Glogera 67, Kraków","dostepnosc":"Na żądanie"}},{"type":"Feature","id":"OZO-E602DFFC2E5D","geometry":{"type":"Point","coordinates":[20.0135542693423,50.1051881362177]},"properties":{"nazwa":"Miejsce ochronne","rodzajZrodla":"Obiekt ochrony ludności","adres":"Osiedle Piastów 68, Kraków","dostepnosc":"Na żądanie"}},{"type":"Feature","id":"OZO-C7E8EACE36B7","geometry":{"type":"Point","coordinates":[19.920406937599186,50.073139032484285]},"properties":{"nazwa":"Miejsce ochronne","rodzajZrodla":"Obiekt ochrony ludności","adres":"ul. Kazimierza Wielkiego 47, Kraków","dostepnosc":"Całodobowa"}},{"type":"Feature","id":"OZO-92B08D67ACC4","geometry":{"type":"Point","coordinates":[19.900932459840778,50.08377632315785]},"properties":{"nazwa":"Miejsce ochronne","rodzajZrodla":"Obiekt ochrony ludności","adres":"ul. Eliasza Radzikowskiego 47c, Kraków","dostepnosc":"Na żądanie"}},{"type":"Feature","id":"OZO-319F830C59C2","geometry":{"type":"Point","coordinates":[19.8762265055062,50.0658261893435]},"properties":{"nazwa":"Miejsce ochronne","rodzajZrodla":"Obiekt ochrony ludności","adres":"ul. KrólowejJadwigi 217, Kraków","dostepnosc":"Całodobowa"}},{"type":"Feature","id":"OZO-63004813E19A","geometry":{"type":"Point","coordinates":[19.94080647826195,50.046855368547156]},"properties":{"nazwa":"Miejsce ochronne","rodzajZrodla":"Obiekt ochrony ludności","adres":"ul. Hieronima Wietora 5, Kraków","dostepnosc":"Całodobowa"}},{"type":"Feature","id":"OZO-E7C2E188BA4E","geometry":{"type":"Point","coordinates":[19.894408738475,50.0596764739422]},"properties":{"nazwa":"Miejsce ochronne","rodzajZrodla":"Obiekt ochrony ludności","adres":"ul. KrólowejJadwigi 148A, Kraków","dostepnosc":"Całodobowa"}},{"type":"Feature","id":"OZO-93D08237E9EF","geometry":{"type":"Point","coordinates":[19.9788777612899,50.011934472801]},"properties":{"nazwa":"Miejsce ochronne","rodzajZrodla":"Obiekt ochrony ludności","adres":"ul. Adama Bochenka 24, Kraków","dostepnosc":"Całodobowa"}},{"type":"Feature","id":"OZO-D0A6846A16B6","geometry":{"type":"Point","coordinates":[19.9359572224603,50.0784863672238]},"properties":{"nazwa":"Miejsce ochronne","rodzajZrodla":"Obiekt ochrony ludności","adres":"ul. Zbożowa 2B, Kraków","dostepnosc":"Całodobowa"}},{"type":"Feature","id":"OZO-85E87F21812F","geometry":{"type":"Point","coordinates":[19.920390844345093,50.07314075395073]},"properties":{"nazwa":"Miejsce ochronne","rodzajZrodla":"Obiekt ochrony ludności","adres":"ul. Kazimierza Wielkiego 47, Kraków","dostepnosc":"Całodobowa"}},{"type":"Feature","id":"OZO-96C9CD40780D","geometry":{"type":"Point","coordinates":[19.9550260999997,50.1020101999992]},"properties":{"nazwa":"Miejsce ochronne","rodzajZrodla":"Obiekt ochrony ludności","adres":"ul. Stefana Banacha 47, Kraków","dostepnosc":"Na żądanie"}},{"type":"Feature","id":"OZO-BF07783EE5E3","geometry":{"type":"Point","coordinates":[19.9483190275194,50.0611245747833]},"properties":{"nazwa":"Miejsce ochronne","rodzajZrodla":"Obiekt ochrony ludności","adres":"ul. Blich 3, Kraków","dostepnosc":"Na żądanie"}},{"type":"Feature","id":"OZO-2A36C2B62A54","geometry":{"type":"Point","coordinates":[19.913233420711,50.0319747053322]},"properties":{"nazwa":"Miejsce ochronne","rodzajZrodla":"Obiekt ochrony ludności","adres":"ul. Pychowicka 18G, Kraków","dostepnosc":"Całodobowa"}},{"type":"Feature","id":"OZO-B4A81F67B720","geometry":{"type":"Point","coordinates":[19.9754712180908,50.0871955457366]},"properties":{"nazwa":"Miejsce ochronne","rodzajZrodla":"Obiekt ochrony ludności","adres":"Aleja gen. Tadeusza Bora-Komorowskiego 25D, Kraków","dostepnosc":"Określone godziny"}},{"type":"Feature","id":"OZO-700A8B8BE34B","geometry":{"type":"Point","coordinates":[19.9621392236447,50.0664868356907]},"properties":{"nazwa":"Miejsce ochronne","rodzajZrodla":"Obiekt ochrony ludności","adres":"ul. Kielecka 2, Kraków","dostepnosc":"Określone godziny"}},{"type":"Feature","id":"OZO-71B06BE19325","geometry":{"type":"Point","coordinates":[20.0031375046834,50.0811004422741]},"properties":{"nazwa":"Miejsce ochronne","rodzajZrodla":"Obiekt ochrony ludności","adres":"ul. Bolesława Orlińskiego 5, Kraków","dostepnosc":"Całodobowa"}},{"type":"Feature","id":"OZO-620254AB78F4","geometry":{"type":"Point","coordinates":[19.9155617877448,50.0682318117787]},"properties":{"nazwa":"Miejsce ochronne","rodzajZrodla":"Obiekt ochrony ludności","adres":"ul. Chocimska 1, Kraków","dostepnosc":"Całodobowa"}},{"type":"Feature","id":"OZO-5D257395CC44","geometry":{"type":"Point","coordinates":[19.8496723471222,50.0840879479815]},"properties":{"nazwa":"Miejsce ochronne","rodzajZrodla":"Obiekt ochrony ludności","adres":"ul. mjr.Łupaszki 5, Kraków","dostepnosc":"Na żądanie"}},{"type":"Feature","id":"OZO-F04CA938CC17","geometry":{"type":"Point","coordinates":[19.87599165,50.0892385333333]},"properties":{"nazwa":"Miejsce ochronne","rodzajZrodla":"Obiekt ochrony ludności","adres":"ul. Władysława Żeleńskiego 51B, Kraków","dostepnosc":"Na żądanie"}},{"type":"Feature","id":"OZO-76E89337AE7E","geometry":{"type":"Point","coordinates":[19.9129622024145,50.0317851789275]},"properties":{"nazwa":"Miejsce ochronne","rodzajZrodla":"Obiekt ochrony ludności","adres":"ul. Pychowicka 18H, Kraków","dostepnosc":"Określone godziny"}},{"type":"Feature","id":"OZO-AF32B5933C7D","geometry":{"type":"Point","coordinates":[19.991070498584882,50.08036141520336]},"properties":{"nazwa":"Miejsce ochronne","rodzajZrodla":"Obiekt ochrony ludności","adres":"ul. prof. Michała Życzkowskiego 27, Kraków","dostepnosc":"Na żądanie"}},{"type":"Feature","id":"OZO-72FAFCFF03DA","geometry":{"type":"Point","coordinates":[19.9061383492808,50.1040573651456]},"properties":{"nazwa":"Miejsce ochronne","rodzajZrodla":"Obiekt ochrony ludności","adres":"ul. Władysława Łokietka 230, Kraków","dostepnosc":"Na żądanie"}},{"type":"Feature","id":"OZO-588E05A91A20","geometry":{"type":"Point","coordinates":[19.9575923619224,50.0928647423872]},"properties":{"nazwa":"Miejsce ochronne","rodzajZrodla":"Obiekt ochrony ludności","adres":"ul. Bociana 4B, Kraków","dostepnosc":"Na żądanie"}},{"type":"Feature","id":"OZO-E462840C793B","geometry":{"type":"Point","coordinates":[19.9695017654307,50.0791352009769]},"properties":{"nazwa":"Miejsce ochronne","rodzajZrodla":"Obiekt ochrony ludności","adres":"ul. Henryka Wieniawskiego 64, Kraków","dostepnosc":"Na żądanie"}},{"type":"Feature","id":"OZO-6E02DEF476D9","geometry":{"type":"Point","coordinates":[19.92551922798157,50.08066641446027]},"properties":{"nazwa":"Miejsce ochronne","rodzajZrodla":"Obiekt ochrony ludności","adres":"ul. Poznańska 11, Kraków","dostepnosc":"Całodobowa"}},{"type":"Feature","id":"OZO-1A55173C986A","geometry":{"type":"Point","coordinates":[19.9751314999997,50.0277674999992]},"properties":{"nazwa":"Miejsce ochronne","rodzajZrodla":"Obiekt ochrony ludności","adres":"ul. Wielicka 113, Kraków","dostepnosc":"Całodobowa"}},{"type":"Feature","id":"OZO-1D88B1C77155","geometry":{"type":"Point","coordinates":[19.9191016602696,50.0940065563824]},"properties":{"nazwa":"Miejsce ochronne","rodzajZrodla":"Obiekt ochrony ludności","adres":"ul. Henryka Pachońskiego 5E, Kraków","dostepnosc":"Na żądanie"}},{"type":"Feature","id":"OZO-35ED5B23AB6D","geometry":{"type":"Point","coordinates":[20.0160617288277,50.0621756352774]},"properties":{"nazwa":"Miejsce ochronne","rodzajZrodla":"Obiekt ochrony ludności","adres":"ul. Sikorki 12, Kraków","dostepnosc":"Całodobowa"}},{"type":"Feature","id":"OZO-83C8FADBA6C0","geometry":{"type":"Point","coordinates":[19.9520676582829,50.0144359390928]},"properties":{"nazwa":"Miejsce ochronne","rodzajZrodla":"Obiekt ochrony ludności","adres":"ul. Gołaśka 5, Kraków","dostepnosc":"Całodobowa"}},{"type":"Feature","id":"OZO-E549CDA37304","geometry":{"type":"Point","coordinates":[19.8362778839728,50.0615211934393]},"properties":{"nazwa":"Miejsce ochronne","rodzajZrodla":"Obiekt ochrony ludności","adres":"ul. Za Skłonem 6, Kraków","dostepnosc":"Całodobowa"}},{"type":"Feature","id":"OZO-A40E00EB64DF","geometry":{"type":"Point","coordinates":[19.9150670040003,50.0136775244091]},"properties":{"nazwa":"Miejsce ochronne","rodzajZrodla":"Obiekt ochrony ludności","adres":"ul. Żywiecka 54, Kraków","dostepnosc":"Całodobowa"}},{"type":"Feature","id":"OZO-C227228BCB66","geometry":{"type":"Point","coordinates":[20.056672243707,50.0911535341497]},"properties":{"nazwa":"Miejsce ochronne","rodzajZrodla":"Obiekt ochrony ludności","adres":"Osiedle Na Stoku 53, Kraków","dostepnosc":"Określone godziny"}},{"type":"Feature","id":"OZO-C861BE6C96F7","geometry":{"type":"Point","coordinates":[19.919214695692062,50.01476304001532]},"properties":{"nazwa":"Miejsce ochronne","rodzajZrodla":"Obiekt ochrony ludności","adres":"ul. Żywiecka 20, Kraków","dostepnosc":"Całodobowa"}},{"type":"Feature","id":"OZO-A33C9F7484C7","geometry":{"type":"Point","coordinates":[19.9439019999997,50.0595225999991]},"properties":{"nazwa":"Miejsce ochronne","rodzajZrodla":"Obiekt ochrony ludności","adres":"ul. Wielopole 4, Kraków","dostepnosc":"Na żądanie"}},{"type":"Feature","id":"OZO-556B1437EBFC","geometry":{"type":"Point","coordinates":[19.923584014177326,50.02803090584611]},"properties":{"nazwa":"Miejsce ochronne","rodzajZrodla":"Obiekt ochrony ludności","adres":"ul. Wacława Lipińskiego 13, Kraków","dostepnosc":"Całodobowa"}},{"type":"Feature","id":"OZO-8DCEF545356F","geometry":{"type":"Point","coordinates":[19.919225424528126,50.015168075200805]},"properties":{"nazwa":"Miejsce ochronne","rodzajZrodla":"Obiekt ochrony ludności","adres":"ul. Żywiecka 18, Kraków","dostepnosc":"Całodobowa"}},{"type":"Feature","id":"OZO-4B176ED500E4","geometry":{"type":"Point","coordinates":[20.0290123990659,50.0692288253199]},"properties":{"nazwa":"Miejsce ochronne","rodzajZrodla":"Obiekt ochrony ludności","adres":"ul. bp. Filipa Padniewskiego 14, Kraków","dostepnosc":"Na żądanie"}},{"type":"Feature","id":"OZO-F4136664376C","geometry":{"type":"Point","coordinates":[19.9749383167478,50.0109292283373]},"properties":{"nazwa":"Miejsce ochronne","rodzajZrodla":"Obiekt ochrony ludności","adres":"ul. Adama Bochenka 10, Kraków","dostepnosc":"Całodobowa"}},{"type":"Feature","id":"OZO-F283B2C34D1B","geometry":{"type":"Point","coordinates":[19.892952750699,49.9992287321313]},"properties":{"nazwa":"Miejsce ochronne","rodzajZrodla":"Obiekt ochrony ludności","adres":"ul. bpa Albina Małysiaka 10, Kraków","dostepnosc":"Całodobowa"}},{"type":"Feature","id":"OZO-9F31E69BE780","geometry":{"type":"Point","coordinates":[19.9509811866087,50.0169040575005]},"properties":{"nazwa":"Miejsce ochronne","rodzajZrodla":"Obiekt ochrony ludności","adres":"ul. Beskidzka 22, Kraków","dostepnosc":"Całodobowa"}},{"type":"Feature","id":"OZO-98F73C2CBB94","geometry":{"type":"Point","coordinates":[19.9557855096344,50.021845749942]},"properties":{"nazwa":"Miejsce ochronne","rodzajZrodla":"Obiekt ochrony ludności","adres":"ul. Pszenna 5, Kraków","dostepnosc":"Całodobowa"}},{"type":"Feature","id":"OZO-1E1794199BB6","geometry":{"type":"Point","coordinates":[19.9688831330705,50.0792395514286]},"properties":{"nazwa":"Miejsce ochronne","rodzajZrodla":"Obiekt ochrony ludności","adres":"ul. Andrzeja Sokołowskiego 31, Kraków","dostepnosc":"Na żądanie"}},{"type":"Feature","id":"OZO-C6371B675F9F","geometry":{"type":"Point","coordinates":[19.9579135028914,50.0548544030032]},"properties":{"nazwa":"Miejsce ochronne","rodzajZrodla":"Obiekt ochrony ludności","adres":"ul. Masarska 13, Kraków","dostepnosc":"Na żądanie"}},{"type":"Feature","id":"OZO-8A38A53ADCB7","geometry":{"type":"Point","coordinates":[19.9448312259954,50.0686343526787]},"properties":{"nazwa":"Miejsce ochronne","rodzajZrodla":"Obiekt ochrony ludności","adres":"ul. Ogrodowa 10, Kraków","dostepnosc":"Całodobowa"}},{"type":"Feature","id":"OZO-EED58EBA0D92","geometry":{"type":"Point","coordinates":[19.947262555360798,50.08407081970439]},"properties":{"nazwa":"Miejsce ochronne","rodzajZrodla":"Obiekt ochrony ludności","adres":"ul. Żabiniec 38, Kraków","dostepnosc":"Na żądanie"}},{"type":"Feature","id":"OZO-796151F0276A","geometry":{"type":"Point","coordinates":[19.961140377680476,50.08983056174436]},"properties":{"nazwa":"Miejsce ochronne","rodzajZrodla":"Obiekt ochrony ludności","adres":"ul. Józefa Łepkowskiego 7, Kraków","dostepnosc":"Na żądanie"}},{"type":"Feature","id":"OZO-79FD12E982D9","geometry":{"type":"Point","coordinates":[19.8932224311723,50.0150242542146]},"properties":{"nazwa":"Miejsce ochronne","rodzajZrodla":"Obiekt ochrony ludności","adres":"ul. Lubostroń 23, Kraków","dostepnosc":"Całodobowa"}},{"type":"Feature","id":"OZO-75A6D8C657F1","geometry":{"type":"Point","coordinates":[19.9562708474492,50.0145309697904]},"properties":{"nazwa":"Miejsce ochronne","rodzajZrodla":"Obiekt ochrony ludności","adres":"ul. Gołaśka 14, Kraków","dostepnosc":"Całodobowa"}},{"type":"Feature","id":"OZO-3A0259AD36ED","geometry":{"type":"Point","coordinates":[19.917676404833813,50.01405215106654]},"properties":{"nazwa":"Miejsce ochronne","rodzajZrodla":"Obiekt ochrony ludności","adres":"ul. Żywiecka 32, Kraków","dostepnosc":"Całodobowa"}},{"type":"Feature","id":"OZO-8562C1AB0CF1","geometry":{"type":"Point","coordinates":[19.9005268975665,49.9962579621958]},"properties":{"nazwa":"Miejsce ochronne","rodzajZrodla":"Obiekt ochrony ludności","adres":"ul. Anny Szwed-Śniadowskiej 41, Kraków","dostepnosc":"Określone godziny"}},{"type":"Feature","id":"OZO-5E1759DB9E80","geometry":{"type":"Point","coordinates":[19.8916329629215,50.0174037413753]},"properties":{"nazwa":"Miejsce ochronne","rodzajZrodla":"Obiekt ochrony ludności","adres":"ul. Profesora Michała Bobrzyńskiego 43, Kraków","dostepnosc":"Całodobowa"}},{"type":"Feature","id":"OZO-846015A238F0","geometry":{"type":"Point","coordinates":[19.9532063305378,50.04757016331589]},"properties":{"nazwa":"Miejsce ochronne","rodzajZrodla":"Obiekt ochrony ludności","adres":"ul. Nadwiślańska 6, Kraków","dostepnosc":"Określone godziny"}},{"type":"Feature","id":"OZO-19E6262F16AD","geometry":{"type":"Point","coordinates":[19.9135226472947,50.046668725634]},"properties":{"nazwa":"Miejsce ochronne","rodzajZrodla":"Obiekt ochrony ludności","adres":"ul. Praska 34C, Kraków","dostepnosc":"Określone godziny"}},{"type":"Feature","id":"OZO-BC9456FDC96A","geometry":{"type":"Point","coordinates":[20.0591205839147,50.1035274291755]},"properties":{"nazwa":"Miejsce ochronne","rodzajZrodla":"Obiekt ochrony ludności","adres":"ul. Gustawa Morcinka 92A, Kraków","dostepnosc":"Na żądanie"}},{"type":"Feature","id":"OZO-99BE5F998D95","geometry":{"type":"Point","coordinates":[19.8939685,50.0608725]},"properties":{"nazwa":"Miejsce ochronne","rodzajZrodla":"Obiekt ochrony ludności","adres":"ul. Eugeniusza Romera 9, Kraków","dostepnosc":"Na żądanie"}},{"type":"Feature","id":"OZO-98EA27458F78","geometry":{"type":"Point","coordinates":[20.004311484478,50.085485743772]},"properties":{"nazwa":"Miejsce ochronne","rodzajZrodla":"Obiekt ochrony ludności","adres":"Osiedle Dywizjonu 303 19c, Kraków","dostepnosc":"Na żądanie"}},{"type":"Feature","id":"OZO-E1812E9A0C50","geometry":{"type":"Point","coordinates":[19.8964025349178,50.0853259322407]},"properties":{"nazwa":"Miejsce ochronne","rodzajZrodla":"Obiekt ochrony ludności","adres":"ul. Eliasza Radzikowskiego 65j, Kraków","dostepnosc":"Na żądanie"}},{"type":"Feature","id":"OZO-09AB60655E9C","geometry":{"type":"Point","coordinates":[19.9759784406438,50.0867592348659]},"properties":{"nazwa":"Miejsce ochronne","rodzajZrodla":"Obiekt ochrony ludności","adres":"Aleja gen. Tadeusza Bora-Komorowskiego 25B, Kraków","dostepnosc":"Określone godziny"}},{"type":"Feature","id":"OZO-B0D7D8F467F1","geometry":{"type":"Point","coordinates":[19.9634168390015,50.0191074051052]},"properties":{"nazwa":"Miejsce ochronne","rodzajZrodla":"Obiekt ochrony ludności","adres":"ul. Białoruska 57, Kraków","dostepnosc":"Całodobowa"}},{"type":"Feature","id":"OZO-F369BABEAF27","geometry":{"type":"Point","coordinates":[20.0134861958163,50.0096740106624]},"properties":{"nazwa":"Miejsce ochronne","rodzajZrodla":"Obiekt ochrony ludności","adres":"ul. Podłęska 12, Kraków","dostepnosc":"Całodobowa"}},{"type":"Feature","id":"OZO-30D586243117","geometry":{"type":"Point","coordinates":[19.8825603380299,50.0132093707998]},"properties":{"nazwa":"Miejsce ochronne","rodzajZrodla":"Obiekt ochrony ludności","adres":"ul. Jana Kantego Federowicza 7, Kraków","dostepnosc":"Całodobowa"}},{"type":"Feature","id":"OZO-61EAEBAF2DE4","geometry":{"type":"Point","coordinates":[19.9154886975491,50.0140267983144]},"properties":{"nazwa":"Miejsce ochronne","rodzajZrodla":"Obiekt ochrony ludności","adres":"ul. Żywiecka 50, Kraków","dostepnosc":"Całodobowa"}},{"type":"Feature","id":"OZO-0C2D7F9A5EF6","geometry":{"type":"Point","coordinates":[19.89527598023415,50.06962366910807]},"properties":{"nazwa":"Miejsce ochronne","rodzajZrodla":"Obiekt ochrony ludności","adres":"ul. Stanisława Przybyszewskiego 64, Kraków","dostepnosc":"Całodobowa"}},{"type":"Feature","id":"OZO-CF50739C18C1","geometry":{"type":"Point","coordinates":[19.9646356515422,50.0104099232752]},"properties":{"nazwa":"Miejsce ochronne","rodzajZrodla":"Obiekt ochrony ludności","adres":"ul. Kordiana 48, Kraków","dostepnosc":"Całodobowa"}},{"type":"Feature","id":"OZO-72E5E52359D3","geometry":{"type":"Point","coordinates":[19.9176842424494,50.0297209689594]},"properties":{"nazwa":"Miejsce ochronne","rodzajZrodla":"Obiekt ochrony ludności","adres":"ul. Kobierzyńska 63, Kraków","dostepnosc":"Całodobowa"}},{"type":"Feature","id":"OZO-1A21E1090704","geometry":{"type":"Point","coordinates":[19.918485134840015,50.01490264827336]},"properties":{"nazwa":"Miejsce ochronne","rodzajZrodla":"Obiekt ochrony ludności","adres":"ul. Żywiecka 38, Kraków","dostepnosc":"Całodobowa"}},{"type":"Feature","id":"OZO-0082887C4425","geometry":{"type":"Point","coordinates":[19.900938123464588,49.998588143329215]},"properties":{"nazwa":"Miejsce ochronne","rodzajZrodla":"Obiekt ochrony ludności","adres":"ul. Mieczykowa 16, Kraków","dostepnosc":"Całodobowa"}},{"type":"Feature","id":"OZO-94B1071F1591","geometry":{"type":"Point","coordinates":[19.9176782182966,50.0527059287078]},"properties":{"nazwa":"Miejsce ochronne","rodzajZrodla":"Obiekt ochrony ludności","adres":"ul. Tadeusza Kościuszki 71, Kraków","dostepnosc":"Całodobowa"}},{"type":"Feature","id":"OZO-832E80F27123","geometry":{"type":"Point","coordinates":[19.902560859918598,50.019974806553876]},"properties":{"nazwa":"Miejsce ochronne","rodzajZrodla":"Obiekt ochrony ludności","adres":"ul. Szuwarowa 6, Kraków","dostepnosc":"Całodobowa"}},{"type":"Feature","id":"OZO-3481DB30C98E","geometry":{"type":"Point","coordinates":[19.86772030591965,50.046843311676625]},"properties":{"nazwa":"Miejsce ochronne","rodzajZrodla":"Obiekt ochrony ludności","adres":"ul. KsięciaJózefa 104, Kraków","dostepnosc":"Całodobowa"}},{"type":"Feature","id":"OZO-95B26BF89CFF","geometry":{"type":"Point","coordinates":[19.9419251397202,50.0460799113402]},"properties":{"nazwa":"Miejsce ochronne","rodzajZrodla":"Obiekt ochrony ludności","adres":"ul. Adama Chmielowskiego 1, Kraków","dostepnosc":"Na żądanie"}},{"type":"Feature","id":"OZO-DEB6A1885F01","geometry":{"type":"Point","coordinates":[19.9166469927489,50.0304606929563]},"properties":{"nazwa":"Miejsce ochronne","rodzajZrodla":"Obiekt ochrony ludności","adres":"ul. Stefana Grota-Roweckiego 21, Kraków","dostepnosc":"Całodobowa"}},{"type":"Feature","id":"OZO-EEDCD8901ACF","geometry":{"type":"Point","coordinates":[19.9515496566666,50.0562303094455]},"properties":{"nazwa":"Miejsce ochronne","rodzajZrodla":"Obiekt ochrony ludności","adres":"ul. Wiślisko 4, Kraków","dostepnosc":"Całodobowa"}},{"type":"Feature","id":"OZO-F0958DBE6002","geometry":{"type":"Point","coordinates":[19.9147019051734,50.0319055282394]},"properties":{"nazwa":"Miejsce ochronne","rodzajZrodla":"Obiekt ochrony ludności","adres":"ul. Pychowicka 18D, Kraków","dostepnosc":"Całodobowa"}},{"type":"Feature","id":"OZO-A5093C91699E","geometry":{"type":"Point","coordinates":[19.8922098593009,49.9992093619108]},"properties":{"nazwa":"Miejsce ochronne","rodzajZrodla":"Obiekt ochrony ludności","adres":"ul. bpa Albina Małysiaka 16, Kraków","dostepnosc":"Całodobowa"}},{"type":"Feature","id":"OZO-2F5E0CEC08A1","geometry":{"type":"Point","coordinates":[19.866800308227543,50.068170622886555]},"properties":{"nazwa":"Miejsce ochronne","rodzajZrodla":"Obiekt ochrony ludności","adres":"ul. KrólowejJadwigi 257, Kraków","dostepnosc":"Całodobowa"}},{"type":"Feature","id":"OZO-2F699C95BA45","geometry":{"type":"Point","coordinates":[19.9255250207733,50.0593900145308]},"properties":{"nazwa":"Miejsce ochronne","rodzajZrodla":"Obiekt ochrony ludności","adres":"ul. Marszałka Józefa Piłsudskiego 40, Kraków","dostepnosc":"Na żądanie"}},{"type":"Feature","id":"OZO-CA2B3DBB5086","geometry":{"type":"Point","coordinates":[20.0292763982376,50.0695950298865]},"properties":{"nazwa":"Miejsce ochronne","rodzajZrodla":"Obiekt ochrony ludności","adres":"ul. bp. Filipa Padniewskiego 6, Kraków","dostepnosc":"Na żądanie"}},{"type":"Feature","id":"OZO-0D03F1D345FE","geometry":{"type":"Point","coordinates":[19.9344161494881,49.9919431253682]},"properties":{"nazwa":"Miejsce ochronne","rodzajZrodla":"Obiekt ochrony ludności","adres":"ul. Kąpielowa 70, Kraków","dostepnosc":"Określone godziny"}},{"type":"Feature","id":"OZO-00308CF159A4","geometry":{"type":"Point","coordinates":[19.9530495144208,50.0669253245308]},"properties":{"nazwa":"Miejsce ochronne","rodzajZrodla":"Obiekt ochrony ludności","adres":"ul. Topolowa 22, Kraków","dostepnosc":"Całodobowa"}},{"type":"Feature","id":"OZO-2272FDBBDF81","geometry":{"type":"Point","coordinates":[19.9059319735323,50.0190736455356]},"properties":{"nazwa":"Miejsce ochronne","rodzajZrodla":"Obiekt ochrony ludności","adres":"ul. Kobierzyńska 165, Kraków","dostepnosc":"Całodobowa"}},{"type":"Feature","id":"OZO-492FF812F24E","geometry":{"type":"Point","coordinates":[19.9301705732932,50.0601223394495]},"properties":{"nazwa":"Miejsce ochronne","rodzajZrodla":"Obiekt ochrony ludności","adres":"ul. Marszałka Józefa Piłsudskiego 12, Kraków","dostepnosc":"Określone godziny"}},{"type":"Feature","id":"OZO-CD6A93CAEB1D","geometry":{"type":"Point","coordinates":[19.9624230019177,50.0413464631987]},"properties":{"nazwa":"Miejsce ochronne","rodzajZrodla":"Obiekt ochrony ludności","adres":"ul. Robotnicza 2, Kraków","dostepnosc":"Całodobowa"}},{"type":"Feature","id":"OZO-FE202B90594B","geometry":{"type":"Point","coordinates":[20.0143453895793,50.1057635221458]},"properties":{"nazwa":"Miejsce ochronne","rodzajZrodla":"Obiekt ochrony ludności","adres":"Osiedle Piastów 70, Kraków","dostepnosc":"Na żądanie"}},{"type":"Feature","id":"OZO-25DE70A9EB09","geometry":{"type":"Point","coordinates":[19.9444925132879,50.0250291740407]},"properties":{"nazwa":"Miejsce ochronne","rodzajZrodla":"Obiekt ochrony ludności","adres":"ul. Aleksandra Fredry 4F, Kraków","dostepnosc":"Określone godziny"}},{"type":"Feature","id":"OZO-6E43B75B7BCB","geometry":{"type":"Point","coordinates":[19.909963756799698,50.0684323121862]},"properties":{"nazwa":"Miejsce ochronne","rodzajZrodla":"Obiekt ochrony ludności","adres":"ul. Kawiory 39, Kraków","dostepnosc":"Całodobowa"}},{"type":"Feature","id":"OZO-BBC08D21E7E4","geometry":{"type":"Point","coordinates":[19.9585504736558,50.0592093635626]},"properties":{"nazwa":"Miejsce ochronne","rodzajZrodla":"Obiekt ochrony ludności","adres":"ul. HetmanaŻółkiewskiego 17A, Kraków","dostepnosc":"Na żądanie"}},{"type":"Feature","id":"OZO-628D7A6A1527","geometry":{"type":"Point","coordinates":[20.0071796774897,50.0767008761087]},"properties":{"nazwa":"Miejsce ochronne","rodzajZrodla":"Obiekt ochrony ludności","adres":"Osiedle 2 Pułku Lotniczego 14a, Kraków","dostepnosc":"Całodobowa"}},{"type":"Feature","id":"OZO-0E742AFAD839","geometry":{"type":"Point","coordinates":[19.91513819,50.04905678]},"properties":{"nazwa":"Miejsce ochronne","rodzajZrodla":"Obiekt ochrony ludności","adres":"ul. Czarodziejska 4, Kraków","dostepnosc":"Całodobowa"}},{"type":"Feature","id":"OZO-2C1749C2B30C","geometry":{"type":"Point","coordinates":[19.9760229721335,50.0872137375841]},"properties":{"nazwa":"Miejsce ochronne","rodzajZrodla":"Obiekt ochrony ludności","adres":"Aleja gen. Tadeusza Bora-Komorowskiego 25C, Kraków","dostepnosc":"Określone godziny"}},{"type":"Feature","id":"OZO-59E594BDBD6A","geometry":{"type":"Point","coordinates":[19.925249665975574,50.02981426601668]},"properties":{"nazwa":"Miejsce ochronne","rodzajZrodla":"Obiekt ochrony ludności","adres":"ul. Wacława Lipińskiego 1, Kraków","dostepnosc":"Całodobowa"}},{"type":"Feature","id":"OZO-8E39DE07C92C","geometry":{"type":"Point","coordinates":[19.9547902680723,50.0635107048152]},"properties":{"nazwa":"Miejsce ochronne","rodzajZrodla":"Obiekt ochrony ludności","adres":"ul. Mikołaja Kopernika 23, Kraków","dostepnosc":"Na żądanie"}},{"type":"Feature","id":"OZO-1C0A3C581528","geometry":{"type":"Point","coordinates":[19.9779323025566,50.0123925743923]},"properties":{"nazwa":"Miejsce ochronne","rodzajZrodla":"Obiekt ochrony ludności","adres":"ul. Adama Bochenka 18, Kraków","dostepnosc":"Całodobowa"}},{"type":"Feature","id":"OZO-39E69BE1B29F","geometry":{"type":"Point","coordinates":[19.8893534205339,50.0947141414949]},"properties":{"nazwa":"Miejsce ochronne","rodzajZrodla":"Obiekt ochrony ludności","adres":"ul. Stawowa 131, Kraków","dostepnosc":"Na żądanie"}},{"type":"Feature","id":"OZO-FB4C5D17E436","geometry":{"type":"Point","coordinates":[19.9814248550597,50.0612314557942]},"properties":{"nazwa":"Miejsce ochronne","rodzajZrodla":"Obiekt ochrony ludności","adres":"ul. Półkole 5, Kraków","dostepnosc":"Na żądanie"}},{"type":"Feature","id":"OZO-07906B71AF33","geometry":{"type":"Point","coordinates":[19.893265664577484,50.07715848821792]},"properties":{"nazwa":"Miejsce ochronne","rodzajZrodla":"Obiekt ochrony ludności","adres":"ul. Stańczyka 20, Kraków","dostepnosc":"Całodobowa"}},{"type":"Feature","id":"OZO-15ECD1C10FA6","geometry":{"type":"Point","coordinates":[19.9947462038492,50.0805296207608]},"properties":{"nazwa":"Miejsce ochronne","rodzajZrodla":"Obiekt ochrony ludności","adres":"ul. prof. Michała Życzkowskiego 20, Kraków","dostepnosc":"Określone godziny"}},{"type":"Feature","id":"OZO-C5C686522708","geometry":{"type":"Point","coordinates":[19.8891079145899,50.095237004615]},"properties":{"nazwa":"Miejsce ochronne","rodzajZrodla":"Obiekt ochrony ludności","adres":"ul. Stawowa 137, Kraków","dostepnosc":"Na żądanie"}},{"type":"Feature","id":"OZO-A359CC5036FB","geometry":{"type":"Point","coordinates":[19.8934766463439,49.9973282031702]},"properties":{"nazwa":"Miejsce ochronne","rodzajZrodla":"Obiekt ochrony ludności","adres":"ul. bpa Albina Małysiaka 26, Kraków","dostepnosc":"Całodobowa"}},{"type":"Feature","id":"OZO-5495BD9BBD67","geometry":{"type":"Point","coordinates":[19.9193987230574,50.0197671605002]},"properties":{"nazwa":"Miejsce ochronne","rodzajZrodla":"Obiekt ochrony ludności","adres":"ul. Zdunów 22a, Kraków","dostepnosc":"Całodobowa"}},{"type":"Feature","id":"OZO-A0C075B9244D","geometry":{"type":"Point","coordinates":[19.9330644296712,50.0331298182152]},"properties":{"nazwa":"Miejsce ochronne","rodzajZrodla":"Obiekt ochrony ludności","adres":"ul. Rzemieślnicza 16, Kraków","dostepnosc":"Całodobowa"}},{"type":"Feature","id":"OZO-6F57FD63CADF","geometry":{"type":"Point","coordinates":[20.0462529249703,50.0824880201213]},"properties":{"nazwa":"Miejsce ochronne","rodzajZrodla":"Obiekt ochrony ludności","adres":"ul. Bulwarowa 31A, Kraków","dostepnosc":"Całodobowa"}},{"type":"Feature","id":"OZO-80BD96C9DFB6","geometry":{"type":"Point","coordinates":[20.0280019439479,50.0898427120061]},"properties":{"nazwa":"Miejsce ochronne","rodzajZrodla":"Obiekt ochrony ludności","adres":"Osiedle Złotej Jesieni 41a, Kraków","dostepnosc":"Określone godziny"}},{"type":"Feature","id":"OZO-65A65CB1A7DF","geometry":{"type":"Point","coordinates":[19.8885981272387,50.0948010618308]},"properties":{"nazwa":"Miejsce ochronne","rodzajZrodla":"Obiekt ochrony ludności","adres":"ul. Stawowa 143, Kraków","dostepnosc":"Na żądanie"}},{"type":"Feature","id":"OZO-62CC27E47226","geometry":{"type":"Point","coordinates":[19.8982055874315,50.0782303643016]},"properties":{"nazwa":"Miejsce ochronne","rodzajZrodla":"Obiekt ochrony ludności","adres":"ul. Bronowicka 52A, Kraków","dostepnosc":"Całodobowa"}},{"type":"Feature","id":"OZO-E6CC8DD921A2","geometry":{"type":"Point","coordinates":[19.9951603299423,50.0380623345958]},"properties":{"nazwa":"Miejsce ochronne","rodzajZrodla":"Obiekt ochrony ludności","adres":"ul. Kazimierza Siemienowicza 9, Kraków","dostepnosc":"Na żądanie"}},{"type":"Feature","id":"OZO-A9928935FBE3","geometry":{"type":"Point","coordinates":[19.9616239994589,50.0902289132907]},"properties":{"nazwa":"Miejsce ochronne","rodzajZrodla":"Obiekt ochrony ludności","adres":"ul. mjr. Ryszarda Nuszkiewicza 13, Kraków","dostepnosc":"Na żądanie"}},{"type":"Feature","id":"OZO-4276766DA647","geometry":{"type":"Point","coordinates":[19.9765435699685,50.0104103904585]},"properties":{"nazwa":"Miejsce ochronne","rodzajZrodla":"Obiekt ochrony ludności","adres":"ul. Adama Bochenka 12B, Kraków","dostepnosc":"Całodobowa"}},{"type":"Feature","id":"OZO-FC3B50D15C03","geometry":{"type":"Point","coordinates":[19.8885211890414,50.0808401359757]},"properties":{"nazwa":"Miejsce ochronne","rodzajZrodla":"Obiekt ochrony ludności","adres":"ul. Armii Krajowej 97, Kraków","dostepnosc":"Całodobowa"}},{"type":"Feature","id":"OZO-331E5D8A961E","geometry":{"type":"Point","coordinates":[19.8917719753033,49.9975788989291]},"properties":{"nazwa":"Miejsce ochronne","rodzajZrodla":"Obiekt ochrony ludności","adres":"ul. bpa Albina Małysiaka 26B, Kraków","dostepnosc":"Całodobowa"}},{"type":"Feature","id":"OZO-FABD7667A86E","geometry":{"type":"Point","coordinates":[19.916977072096,50.0307592563474]},"properties":{"nazwa":"Miejsce ochronne","rodzajZrodla":"Obiekt ochrony ludności","adres":"ul. Stefana Grota-Roweckiego 19, Kraków","dostepnosc":"Całodobowa"}},{"type":"Feature","id":"OZO-BDAAD3BF4A5E","geometry":{"type":"Point","coordinates":[19.975957400594,50.0112850501088]},"properties":{"nazwa":"Miejsce ochronne","rodzajZrodla":"Obiekt ochrony ludności","adres":"ul. Adama Bochenka 12C, Kraków","dostepnosc":"Całodobowa"}},{"type":"Feature","id":"OZO-F7474F93E8CE","geometry":{"type":"Point","coordinates":[19.9067783333333,50.079585]},"properties":{"nazwa":"Miejsce ochronne","rodzajZrodla":"Obiekt ochrony ludności","adres":"ul. Wojciecha Halczyna 8, Kraków","dostepnosc":"Całodobowa"}},{"type":"Feature","id":"OZO-0E14A3B96351","geometry":{"type":"Point","coordinates":[19.915509484669,50.0301443599305]},"properties":{"nazwa":"Miejsce ochronne","rodzajZrodla":"Obiekt ochrony ludności","adres":"ul. Stefana Grota-Roweckiego 25, Kraków","dostepnosc":"Całodobowa"}},{"type":"Feature","id":"OZO-A0C69AD69E8E","geometry":{"type":"Point","coordinates":[19.931393265724186,50.07747865307224]},"properties":{"nazwa":"Miejsce ochronne","rodzajZrodla":"Obiekt ochrony ludności","adres":"ul. Józefa Friedleina 14, Kraków","dostepnosc":"Całodobowa"}},{"type":"Feature","id":"OZO-61BC1BCD3B94","geometry":{"type":"Point","coordinates":[20.0613929112824,50.1006070772223]},"properties":{"nazwa":"Miejsce ochronne","rodzajZrodla":"Obiekt ochrony ludności","adres":"ul. Niebyła 7D, Kraków","dostepnosc":"Na żądanie"}},{"type":"Feature","id":"OZO-5CB560876A32","geometry":{"type":"Point","coordinates":[19.8923427493947,49.997868904727]},"properties":{"nazwa":"Miejsce ochronne","rodzajZrodla":"Obiekt ochrony ludności","adres":"ul. bpa Albina Małysiaka 24E, Kraków","dostepnosc":"Całodobowa"}},{"type":"Feature","id":"OZO-134CB29047F3","geometry":{"type":"Point","coordinates":[19.8936259181845,49.9982037368127]},"properties":{"nazwa":"Miejsce ochronne","rodzajZrodla":"Obiekt ochrony ludności","adres":"ul. bpa Albina Małysiaka 24C, Kraków","dostepnosc":"Całodobowa"}},{"type":"Feature","id":"OZO-BBB9660E0666","geometry":{"type":"Point","coordinates":[19.8645955324173,50.06498030892154]},"properties":{"nazwa":"Miejsce ochronne","rodzajZrodla":"Obiekt ochrony ludności","adres":"Aleja Kasztanowa 18A, Kraków","dostepnosc":"Całodobowa"}},{"type":"Feature","id":"OZO-92226421F6D6","geometry":{"type":"Point","coordinates":[19.9468537792316,50.0497611984842]},"properties":{"nazwa":"Miejsce ochronne","rodzajZrodla":"Obiekt ochrony ludności","adres":"ul. św.Wawrzyńca 15, Kraków","dostepnosc":"Całodobowa"}},{"type":"Feature","id":"OZO-707FF95F2778","geometry":{"type":"Point","coordinates":[19.8932908208797,49.998526961007]},"properties":{"nazwa":"Miejsce ochronne","rodzajZrodla":"Obiekt ochrony ludności","adres":"ul. bpa Albina Małysiaka 24, Kraków","dostepnosc":"Całodobowa"}},{"type":"Feature","id":"OZO-8511F64FA52A","geometry":{"type":"Point","coordinates":[20.0609950699402,50.1003445050745]},"properties":{"nazwa":"Miejsce ochronne","rodzajZrodla":"Obiekt ochrony ludności","adres":"ul. Niebyła 9, Kraków","dostepnosc":"Na żądanie"}},{"type":"Feature","id":"OZO-08BC27B0B011","geometry":{"type":"Point","coordinates":[19.9632685631342,50.0104834744755]},"properties":{"nazwa":"Miejsce ochronne","rodzajZrodla":"Obiekt ochrony ludności","adres":"ul. Kordiana 50B, Kraków","dostepnosc":"Całodobowa"}},{"type":"Feature","id":"OZO-554019B4A397","geometry":{"type":"Point","coordinates":[19.8989525635609,49.99807715152]},"properties":{"nazwa":"Miejsce ochronne","rodzajZrodla":"Obiekt ochrony ludności","adres":"ul. Profesora Wojciecha Marii Bartla 19b, Kraków","dostepnosc":"Całodobowa"}},{"type":"Feature","id":"OZO-1536E3734DA5","geometry":{"type":"Point","coordinates":[19.9145106132675,50.0700319931237]},"properties":{"nazwa":"Miejsce ochronne","rodzajZrodla":"Obiekt ochrony ludności","adres":"Aleja Kijowska 8, Kraków","dostepnosc":"Całodobowa"}},{"type":"Feature","id":"OZO-6441A1C07B04","geometry":{"type":"Point","coordinates":[19.89237248897553,50.078845354267536]},"properties":{"nazwa":"Miejsce ochronne","rodzajZrodla":"Obiekt ochrony ludności","adres":"ul. Stańczyka 8C, Kraków","dostepnosc":"Całodobowa"}},{"type":"Feature","id":"OZO-A2B1F572CF9F","geometry":{"type":"Point","coordinates":[19.949000626802448,50.08882419036436]},"properties":{"nazwa":"Miejsce ochronne","rodzajZrodla":"Obiekt ochrony ludności","adres":"ul. Grażyny 4, Kraków","dostepnosc":"Na żądanie"}},{"type":"Feature","id":"OZO-A361E4A6D805","geometry":{"type":"Point","coordinates":[19.9582346435442,50.0540556246667]},"properties":{"nazwa":"Miejsce ochronne","rodzajZrodla":"Obiekt ochrony ludności","adres":"ul. Masarska 15, Kraków","dostepnosc":"Całodobowa"}},{"type":"Feature","id":"OZO-CB5BBEC1D0D7","geometry":{"type":"Point","coordinates":[19.920983612537388,50.06654191922725]},"properties":{"nazwa":"Miejsce ochronne","rodzajZrodla":"Obiekt ochrony ludności","adres":"ul. Czarnowiejska 36, Kraków","dostepnosc":"Całodobowa"}},{"type":"Feature","id":"OZO-46AF2C63E820","geometry":{"type":"Point","coordinates":[19.9196259211375,50.0947529497066]},"properties":{"nazwa":"Miejsce ochronne","rodzajZrodla":"Obiekt ochrony ludności","adres":"ul. Henryka Pachońskiego 5D, Kraków","dostepnosc":"Całodobowa"}},{"type":"Feature","id":"OZO-B6D819962228","geometry":{"type":"Point","coordinates":[19.8904233704742,50.011168359784]},"properties":{"nazwa":"Miejsce ochronne","rodzajZrodla":"Obiekt ochrony ludności","adres":"ul. dr. Jana Piltza 32, Kraków","dostepnosc":"Całodobowa"}},{"type":"Feature","id":"OZO-76CC280704AB","geometry":{"type":"Point","coordinates":[19.9511625281667,50.0704230101239]},"properties":{"nazwa":"Miejsce ochronne","rodzajZrodla":"Obiekt ochrony ludności","adres":"ul. Rakowicka 20J, Kraków","dostepnosc":"Na żądanie"}},{"type":"Feature","id":"OZO-A709AD0DF7EC","geometry":{"type":"Point","coordinates":[19.8927997978262,49.9981871849158]},"properties":{"nazwa":"Miejsce ochronne","rodzajZrodla":"Obiekt ochrony ludności","adres":"ul. bpa Albina Małysiaka 24G, Kraków","dostepnosc":"Całodobowa"}},{"type":"Feature","id":"OZO-068C7B4B291A","geometry":{"type":"Point","coordinates":[20.0033181949499,50.0873792855035]},"properties":{"nazwa":"Miejsce ochronne","rodzajZrodla":"Obiekt ochrony ludności","adres":"Osiedle Dywizjonu 303 20A, Kraków","dostepnosc":"Na żądanie"}},{"type":"Feature","id":"OZO-137A3919BE31","geometry":{"type":"Point","coordinates":[19.9230665151784,50.0795644157512]},"properties":{"nazwa":"Miejsce ochronne","rodzajZrodla":"Obiekt ochrony ludności","adres":"ul. Wrocławska 53, Kraków","dostepnosc":"Całodobowa"}},{"type":"Feature","id":"OZO-CF20549ECBCB","geometry":{"type":"Point","coordinates":[19.8994473274329,49.9975569033984]},"properties":{"nazwa":"Miejsce ochronne","rodzajZrodla":"Obiekt ochrony ludności","adres":"ul. Profesora Wojciecha Marii Bartla 19e, Kraków","dostepnosc":"Całodobowa"}},{"type":"Feature","id":"OZO-5BA63094D59A","geometry":{"type":"Point","coordinates":[19.896414671045,50.0848596217506]},"properties":{"nazwa":"Miejsce ochronne","rodzajZrodla":"Obiekt ochrony ludności","adres":"ul. Eliasza Radzikowskiego 65e, Kraków","dostepnosc":"Na żądanie"}},{"type":"Feature","id":"OZO-DF0B9C5E34F0","geometry":{"type":"Point","coordinates":[19.88412098,50.08150747]},"properties":{"nazwa":"Miejsce ochronne","rodzajZrodla":"Obiekt ochrony ludności","adres":"ul. Balicka 14e, Kraków","dostepnosc":"Całodobowa"}},{"type":"Feature","id":"OZO-50CE6EDAE2BA","geometry":{"type":"Point","coordinates":[19.95920783,50.04473982]},"properties":{"nazwa":"Miejsce ochronne","rodzajZrodla":"Obiekt ochrony ludności","adres":"ul. Dąbrowskiego 18, Kraków","dostepnosc":"Całodobowa"}},{"type":"Feature","id":"OZO-41025ECFEE09","geometry":{"type":"Point","coordinates":[19.9424061901678,50.0360716658503]},"properties":{"nazwa":"Miejsce ochronne","rodzajZrodla":"Obiekt ochrony ludności","adres":"ul. Jana Zamoyskiego 104, Kraków","dostepnosc":"Całodobowa"}},{"type":"Feature","id":"OZO-BFD750DF4EA8","geometry":{"type":"Point","coordinates":[20.01470804214478,50.06232356067873]},"properties":{"nazwa":"Miejsce ochronne","rodzajZrodla":"Obiekt ochrony ludności","adres":"ul. Sikorki 16, Kraków","dostepnosc":"Całodobowa"}},{"type":"Feature","id":"OZO-1119EDE4805A","geometry":{"type":"Point","coordinates":[19.9137028082427,50.031788987796]},"properties":{"nazwa":"Miejsce ochronne","rodzajZrodla":"Obiekt ochrony ludności","adres":"ul. Pychowicka 18F, Kraków","dostepnosc":"Całodobowa"}},{"type":"Feature","id":"OZO-5E4734053380","geometry":{"type":"Point","coordinates":[19.8924780519229,49.9984678766446]},"properties":{"nazwa":"Miejsce ochronne","rodzajZrodla":"Obiekt ochrony ludności","adres":"ul. bpa Albina Małysiaka 24A, Kraków","dostepnosc":"Całodobowa"}},{"type":"Feature","id":"OZO-509ED6E92A05","geometry":{"type":"Point","coordinates":[19.95531722903252,50.10199073347394]},"properties":{"nazwa":"Miejsce ochronne","rodzajZrodla":"Obiekt ochrony ludności","adres":"ul. Stefana Banacha 47, Kraków","dostepnosc":"Na żądanie"}},{"type":"Feature","id":"OZO-6DE19F6366DF","geometry":{"type":"Point","coordinates":[19.9913182127501,50.0471436688354]},"properties":{"nazwa":"Miejsce ochronne","rodzajZrodla":"Obiekt ochrony ludności","adres":"ul. Myśliwska 58, Kraków","dostepnosc":"Całodobowa"}},{"type":"Feature","id":"OZO-FEAB242F4E12","geometry":{"type":"Point","coordinates":[20.0200477065142,50.0630199820602]},"properties":{"nazwa":"Miejsce ochronne","rodzajZrodla":"Obiekt ochrony ludności","adres":"ul. Sołtysowska 12i, Kraków","dostepnosc":"Całodobowa"}},{"type":"Feature","id":"OZO-430774E83E26","geometry":{"type":"Point","coordinates":[19.9577649999997,50.0938111999991]},"properties":{"nazwa":"Miejsce ochronne","rodzajZrodla":"Obiekt ochrony ludności","adres":"ul. Bociana 6B, Kraków","dostepnosc":"Na żądanie"}},{"type":"Feature","id":"OZO-AC052F7FEBD4","geometry":{"type":"Point","coordinates":[20.0493358948592,50.0233132370651]},"properties":{"nazwa":"Miejsce ochronne","rodzajZrodla":"Obiekt ochrony ludności","adres":"ul. Mariana Domagały 45C, Kraków","dostepnosc":"Całodobowa"}},{"type":"Feature","id":"OZO-98F12D395DB7","geometry":{"type":"Point","coordinates":[19.8960447218339,50.0717192296499]},"properties":{"nazwa":"Miejsce ochronne","rodzajZrodla":"Obiekt ochrony ludności","adres":"ul. Armii Krajowej 18, Kraków","dostepnosc":"Całodobowa"}},{"type":"Feature","id":"OZO-39F971A94031","geometry":{"type":"Point","coordinates":[19.8924411054597,49.9974862809154]},"properties":{"nazwa":"Miejsce ochronne","rodzajZrodla":"Obiekt ochrony ludności","adres":"ul. bpa Albina Małysiaka 26A, Kraków","dostepnosc":"Całodobowa"}},{"type":"Feature","id":"OZO-6B62255764B7","geometry":{"type":"Point","coordinates":[19.9900810478283,50.0508253963427]},"properties":{"nazwa":"Miejsce ochronne","rodzajZrodla":"Obiekt ochrony ludności","adres":"ul. Nowohucka 35, Kraków","dostepnosc":"Całodobowa"}},{"type":"Feature","id":"OZO-6B9E418DA816","geometry":{"type":"Point","coordinates":[20.0196117879546,50.018621414127]},"properties":{"nazwa":"Miejsce ochronne","rodzajZrodla":"Obiekt ochrony ludności","adres":"ul. Duża Góra 32I, Kraków","dostepnosc":"Całodobowa"}},{"type":"Feature","id":"OZO-836B355B495F","geometry":{"type":"Point","coordinates":[19.9595109559407,50.0137677136873]},"properties":{"nazwa":"Miejsce ochronne","rodzajZrodla":"Obiekt ochrony ludności","adres":"ul. Gołaśka 43, Kraków","dostepnosc":"Całodobowa"}},{"type":"Feature","id":"OZO-137EF18AC148","geometry":{"type":"Point","coordinates":[19.9887044412147,50.0262398004551]},"properties":{"nazwa":"Miejsce ochronne","rodzajZrodla":"Obiekt ochrony ludności","adres":"ul. Maksymiliana i Aleksandra Gierymskich 4, Kraków","dostepnosc":"Całodobowa"}},{"type":"Feature","id":"OZO-3A07C756CAE7","geometry":{"type":"Point","coordinates":[19.9951422167918,50.0454423919166]},"properties":{"nazwa":"Miejsce ochronne","rodzajZrodla":"Obiekt ochrony ludności","adres":"ul. Myśliwska 66, Kraków","dostepnosc":"Całodobowa"}},{"type":"Feature","id":"OZO-0235165967BC","geometry":{"type":"Point","coordinates":[19.9324238300009,50.0631442480083]},"properties":{"nazwa":"Miejsce ochronne","rodzajZrodla":"Obiekt ochrony ludności","adres":"ul. Podwale 6, Kraków","dostepnosc":"Na żądanie"}},{"type":"Feature","id":"OZO-79E72C9515EA","geometry":{"type":"Point","coordinates":[19.9053683378787,50.0164258320259]},"properties":{"nazwa":"Miejsce ochronne","rodzajZrodla":"Obiekt ochrony ludności","adres":"ul. Kobierzyńska 164C, Kraków","dostepnosc":"Na żądanie"}},{"type":"Feature","id":"OZO-673D415A84BB","geometry":{"type":"Point","coordinates":[19.9536961782508,50.014420286759]},"properties":{"nazwa":"Miejsce ochronne","rodzajZrodla":"Obiekt ochrony ludności","adres":"ul. Gołaśka 11, Kraków","dostepnosc":"Całodobowa"}},{"type":"Feature","id":"OZO-B39A5FC8BC9C","geometry":{"type":"Point","coordinates":[19.9543491285082,50.0138934422349]},"properties":{"nazwa":"Miejsce ochronne","rodzajZrodla":"Obiekt ochrony ludności","adres":"ul. Gołaśka 17, Kraków","dostepnosc":"Całodobowa"}},{"type":"Feature","id":"OZO-2DDFBFFCA499","geometry":{"type":"Point","coordinates":[19.9309422202446,50.0354140405706]},"properties":{"nazwa":"Miejsce ochronne","rodzajZrodla":"Obiekt ochrony ludności","adres":"ul. Rydlówka 42c, Kraków","dostepnosc":"Całodobowa"}},{"type":"Feature","id":"OZO-315976C5969A","geometry":{"type":"Point","coordinates":[19.932584166526798,49.99456727757755]},"properties":{"nazwa":"Miejsce ochronne","rodzajZrodla":"Obiekt ochrony ludności","adres":"ul. Borowinowa 2, Kraków","dostepnosc":"Całodobowa"}},{"type":"Feature","id":"OZO-D2EA986747A4","geometry":{"type":"Point","coordinates":[19.9896323196745,50.0495662243734]},"properties":{"nazwa":"Miejsce ochronne","rodzajZrodla":"Obiekt ochrony ludności","adres":"ul. Koszykarska 31, Kraków","dostepnosc":"Całodobowa"}},{"type":"Feature","id":"OZO-EF687BD8E6A6","geometry":{"type":"Point","coordinates":[19.9189774354657,50.020020345843]},"properties":{"nazwa":"Miejsce ochronne","rodzajZrodla":"Obiekt ochrony ludności","adres":"ul. Zdunów 22c, Kraków","dostepnosc":"Całodobowa"}},{"type":"Feature","id":"OZO-0C6DFBFAA5A3","geometry":{"type":"Point","coordinates":[19.9903685973944,50.0496739944766]},"properties":{"nazwa":"Miejsce ochronne","rodzajZrodla":"Obiekt ochrony ludności","adres":"ul. Koszykarska 31A, Kraków","dostepnosc":"Całodobowa"}},{"type":"Feature","id":"OZO-B69034B0C1CD","geometry":{"type":"Point","coordinates":[19.9615509785551,50.024678411496]},"properties":{"nazwa":"Miejsce ochronne","rodzajZrodla":"Obiekt ochrony ludności","adres":"ul. Walerego Sławka 11, Kraków","dostepnosc":"Całodobowa"}},{"type":"Feature","id":"OZO-DE6A2E35674E","geometry":{"type":"Point","coordinates":[19.945079237222675,50.03573937077961]},"properties":{"nazwa":"Miejsce ochronne","rodzajZrodla":"Obiekt ochrony ludności","adres":"ul. Czyżówka 19, Kraków","dostepnosc":"Całodobowa"}},{"type":"Feature","id":"OZO-F71CEE0B0290","geometry":{"type":"Point","coordinates":[19.892393946647648,50.07758537421527]},"properties":{"nazwa":"Miejsce ochronne","rodzajZrodla":"Obiekt ochrony ludności","adres":"ul. Stańczyka 16, Kraków","dostepnosc":"Całodobowa"}},{"type":"Feature","id":"OZO-C0C0710AADAD","geometry":{"type":"Point","coordinates":[19.9332021223119,50.0749544511245]},"properties":{"nazwa":"Miejsce ochronne","rodzajZrodla":"Obiekt ochrony ludności","adres":"ul. Wrocławska 8, Kraków","dostepnosc":"Całodobowa"}},{"type":"Feature","id":"OZO-2D3DC186C7CE","geometry":{"type":"Point","coordinates":[19.9452535900964,50.0711990893219]},"properties":{"nazwa":"Miejsce ochronne","rodzajZrodla":"Obiekt ochrony ludności","adres":"ul. Pawia 17, Kraków","dostepnosc":"Określone godziny"}},{"type":"Feature","id":"OZO-31972A7F6276","geometry":{"type":"Point","coordinates":[19.9616494308979,50.0616199989159]},"properties":{"nazwa":"Miejsce ochronne","rodzajZrodla":"Obiekt ochrony ludności","adres":"ul. Kazimierza Kordylewskiego 11, Kraków","dostepnosc":"Na żądanie"}},{"type":"Feature","id":"OZO-2E79CD1057D0","geometry":{"type":"Point","coordinates":[19.90743,50.0791166666667]},"properties":{"nazwa":"Miejsce ochronne","rodzajZrodla":"Obiekt ochrony ludności","adres":"ul. Bartosza Głowackiego 26, Kraków","dostepnosc":"Całodobowa"}},{"type":"Feature","id":"OZO-C9428951A212","geometry":{"type":"Point","coordinates":[19.905345,50.0777533333333]},"properties":{"nazwa":"Miejsce ochronne","rodzajZrodla":"Obiekt ochrony ludności","adres":"ul. Bartosza Głowackiego 12, Kraków","dostepnosc":"Całodobowa"}},{"type":"Feature","id":"OZO-051BA1F4E048","geometry":{"type":"Point","coordinates":[20.0058278441456,50.1004748978189]},"properties":{"nazwa":"Miejsce ochronne","rodzajZrodla":"Obiekt ochrony ludności","adres":"Osiedle Bohaterów Września 79C, Kraków","dostepnosc":"Na żądanie"}},{"type":"Feature","id":"OZO-B3A56728FCB5","geometry":{"type":"Point","coordinates":[19.9183220542847,50.0649488309015]},"properties":{"nazwa":"Miejsce ochronne","rodzajZrodla":"Obiekt ochrony ludności","adres":"ul. Władysława Reymonta 11, Kraków","dostepnosc":"Całodobowa"}},{"type":"Feature","id":"OZO-7A2B7FEC92E5","geometry":{"type":"Point","coordinates":[19.904323071241382,50.07181520649649]},"properties":{"nazwa":"Miejsce ochronne","rodzajZrodla":"Obiekt ochrony ludności","adres":"ul. Piastowska 34, Kraków","dostepnosc":"Całodobowa"}},{"type":"Feature","id":"OZO-4792AA690833","geometry":{"type":"Point","coordinates":[20.0058214851091,50.0785981077864]},"properties":{"nazwa":"Miejsce ochronne","rodzajZrodla":"Obiekt ochrony ludności","adres":"Osiedle 2 Pułku Lotniczego 24, Kraków","dostepnosc":"Na żądanie"}},{"type":"Feature","id":"OZO-1DE8A3AACF0E","geometry":{"type":"Point","coordinates":[20.0155871734642,50.0095993822357]},"properties":{"nazwa":"Miejsce ochronne","rodzajZrodla":"Obiekt ochrony ludności","adres":"ul. Podłęska 5, Kraków","dostepnosc":"Całodobowa"}},{"type":"Feature","id":"OZO-7E93CA438084","geometry":{"type":"Point","coordinates":[19.9440463413478,50.0210842798605]},"properties":{"nazwa":"Miejsce ochronne","rodzajZrodla":"Obiekt ochrony ludności","adres":"ul. gen. Bolesława Roi 4a, Kraków","dostepnosc":"Całodobowa"}},{"type":"Feature","id":"OZO-88F1232EA875","geometry":{"type":"Point","coordinates":[20.0090935174418,50.1051612617938]},"properties":{"nazwa":"Miejsce ochronne","rodzajZrodla":"Obiekt ochrony ludności","adres":"Osiedle Bohaterów Września 88, Kraków","dostepnosc":"Na żądanie"}},{"type":"Feature","id":"OZO-402BF26C5760","geometry":{"type":"Point","coordinates":[19.9568829842891,50.0685302166272]},"properties":{"nazwa":"Miejsce ochronne","rodzajZrodla":"Obiekt ochrony ludności","adres":"ul. Aleksandra Lubomirskiego 18, Kraków","dostepnosc":"Na żądanie"}},{"type":"Feature","id":"OZO-224F36060DFF","geometry":{"type":"Point","coordinates":[19.9653192662586,50.092131872634]},"properties":{"nazwa":"Miejsce ochronne","rodzajZrodla":"Obiekt ochrony ludności","adres":"ul. Jakuba Majora 22, Kraków","dostepnosc":"Na żądanie"}},{"type":"Feature","id":"OZO-E5D55735013B","geometry":{"type":"Point","coordinates":[19.9674040329855,50.0927222927483]},"properties":{"nazwa":"Miejsce ochronne","rodzajZrodla":"Obiekt ochrony ludności","adres":"ul. Jakuba Majora 38, Kraków","dostepnosc":"Na żądanie"}},{"type":"Feature","id":"OZO-D59BE1B455BF","geometry":{"type":"Point","coordinates":[19.8958082505658,50.0181995904897]},"properties":{"nazwa":"Miejsce ochronne","rodzajZrodla":"Obiekt ochrony ludności","adres":"ul. prof. Władysława Konopczyńskiego 15, Kraków","dostepnosc":"Całodobowa"}},{"type":"Feature","id":"OZO-6CB47EDF4301","geometry":{"type":"Point","coordinates":[19.9120812859723,50.0733326047557]},"properties":{"nazwa":"Miejsce ochronne","rodzajZrodla":"Obiekt ochrony ludności","adres":"ul. Królewska 92, Kraków","dostepnosc":"Całodobowa"}},{"type":"Feature","id":"OZO-88EDECB3DB6A","geometry":{"type":"Point","coordinates":[19.9656910820291,50.0921195871146]},"properties":{"nazwa":"Miejsce ochronne","rodzajZrodla":"Obiekt ochrony ludności","adres":"ul. Jakuba Majora 24, Kraków","dostepnosc":"Na żądanie"}},{"type":"Feature","id":"OZO-FDC508B4B901","geometry":{"type":"Point","coordinates":[19.9347309895762,50.0270333356806]},"properties":{"nazwa":"Miejsce ochronne","rodzajZrodla":"Obiekt ochrony ludności","adres":"ul. Zakopiańska 9, Kraków","dostepnosc":"Całodobowa"}},{"type":"Feature","id":"OZO-4578E1AE9E59","geometry":{"type":"Point","coordinates":[20.0411507944776,50.0753955598757]},"properties":{"nazwa":"Miejsce ochronne","rodzajZrodla":"Obiekt ochrony ludności","adres":"Osiedle Szklane Domy 2A, Kraków","dostepnosc":"Na żądanie"}},{"type":"Feature","id":"OZO-7CFF18272B73","geometry":{"type":"Point","coordinates":[19.9649821477137,50.0920751222316]},"properties":{"nazwa":"Miejsce ochronne","rodzajZrodla":"Obiekt ochrony ludności","adres":"ul. Jakuba Majora 20, Kraków","dostepnosc":"Na żądanie"}},{"type":"Feature","id":"OZO-7276D4241C41","geometry":{"type":"Point","coordinates":[19.9668977006652,50.0924198051973]},"properties":{"nazwa":"Miejsce ochronne","rodzajZrodla":"Obiekt ochrony ludności","adres":"ul. Jakuba Majora 40, Kraków","dostepnosc":"Na żądanie"}},{"type":"Feature","id":"OZO-37EAE15B9933","geometry":{"type":"Point","coordinates":[19.966122508049015,50.06212899070206]},"properties":{"nazwa":"Miejsce ochronne","rodzajZrodla":"Obiekt ochrony ludności","adres":"ul. płk. Francesco Nullo 19, Kraków","dostepnosc":"Na żądanie"}},{"type":"Feature","id":"OZO-5C8C56C72D42","geometry":{"type":"Point","coordinates":[19.98500936928,50.0946040218849]},"properties":{"nazwa":"Miejsce ochronne","rodzajZrodla":"Obiekt ochrony ludności","adres":"ul. Reduta 40A, Kraków","dostepnosc":"Na żądanie"}},{"type":"Feature","id":"OZO-4A97058DB0FA","geometry":{"type":"Point","coordinates":[19.9829669700739,50.0943430006831]},"properties":{"nazwa":"Miejsce ochronne","rodzajZrodla":"Obiekt ochrony ludności","adres":"ul. Reduta 30B, Kraków","dostepnosc":"Na żądanie"}},{"type":"Feature","id":"OZO-E2F4548320C2","geometry":{"type":"Point","coordinates":[19.9767597,50.0954365]},"properties":{"nazwa":"Miejsce ochronne","rodzajZrodla":"Obiekt ochrony ludności","adres":"ul. Reduta 9B, Kraków","dostepnosc":"Na żądanie"}},{"type":"Feature","id":"OZO-5308D9DAEDBF","geometry":{"type":"Point","coordinates":[19.97653084,50.0948771]},"properties":{"nazwa":"Miejsce ochronne","rodzajZrodla":"Obiekt ochrony ludności","adres":"ul. Reduta 11a, Kraków","dostepnosc":"Na żądanie"}},{"type":"Feature","id":"OZO-77C8016C913D","geometry":{"type":"Point","coordinates":[20.0226921495156,50.0775236124534]},"properties":{"nazwa":"Miejsce ochronne","rodzajZrodla":"Obiekt ochrony ludności","adres":"ul. Bieńczycka 15E, Kraków","dostepnosc":"Na żądanie"}},{"type":"Feature","id":"OZO-EEBFA468AC31","geometry":{"type":"Point","coordinates":[19.9816099165916,50.0945177160319]},"properties":{"nazwa":"Miejsce ochronne","rodzajZrodla":"Obiekt ochrony ludności","adres":"ul. Reduta 28, Kraków","dostepnosc":"Na żądanie"}},{"type":"Feature","id":"OZO-80CDF1DD91B2","geometry":{"type":"Point","coordinates":[20.0584850612956,50.0974513669654]},"properties":{"nazwa":"Miejsce ochronne","rodzajZrodla":"Obiekt ochrony ludności","adres":"Osiedle Na Stoku 10c, Kraków","dostepnosc":"Na żądanie"}},{"type":"Feature","id":"OZO-0C98C05137C2","geometry":{"type":"Point","coordinates":[20.01540597,50.09929309]},"properties":{"nazwa":"Miejsce ochronne","rodzajZrodla":"Obiekt ochrony ludności","adres":"Osiedle Piastów 42, Kraków","dostepnosc":"Na żądanie"}},{"type":"Feature","id":"OZO-04628B0D77F7","geometry":{"type":"Point","coordinates":[19.9469993320212,50.0094570382038]},"properties":{"nazwa":"Miejsce ochronne","rodzajZrodla":"Obiekt ochrony ludności","adres":"ul. Pagórkowa 19, Kraków","dostepnosc":"Całodobowa"}},{"type":"Feature","id":"OZO-CE7FBA6D72A1","geometry":{"type":"Point","coordinates":[19.9994411958162,50.0745939068412]},"properties":{"nazwa":"Miejsce ochronne","rodzajZrodla":"Obiekt ochrony ludności","adres":"Aleja Jana Pawła II 43B, Kraków","dostepnosc":"Na żądanie"}},{"type":"Feature","id":"OZO-F6A002D1D1C4","geometry":{"type":"Point","coordinates":[19.9934899173543,50.0750516312314]},"properties":{"nazwa":"Miejsce ochronne","rodzajZrodla":"Obiekt ochrony ludności","adres":"Aleja Jana Pawła II 33, Kraków","dostepnosc":"Na żądanie"}},{"type":"Feature","id":"OZO-4A654AFF5CD5","geometry":{"type":"Point","coordinates":[19.960476458072666,50.02216861194408]},"properties":{"nazwa":"Miejsce ochronne","rodzajZrodla":"Obiekt ochrony ludności","adres":"ul. Walerego Sławka 27, Kraków","dostepnosc":"Całodobowa"}},{"type":"Feature","id":"OZO-C10D5EE736A7","geometry":{"type":"Point","coordinates":[19.9233401100726,50.0034864712523]},"properties":{"nazwa":"Miejsce ochronne","rodzajZrodla":"Obiekt ochrony ludności","adres":"ul. Zakopiańska 124, Kraków","dostepnosc":"Określone godziny"}},{"type":"Feature","id":"OZO-9FD99B1ACF73","geometry":{"type":"Point","coordinates":[19.910811008844,50.0498613622272]},"properties":{"nazwa":"Miejsce ochronne","rodzajZrodla":"Obiekt ochrony ludności","adres":"ul. Tyniecka 39, Kraków","dostepnosc":"Na żądanie"}},{"type":"Feature","id":"OZO-2300F1D756F3","geometry":{"type":"Point","coordinates":[19.9452535900964,50.0711990893219]},"properties":{"nazwa":"Miejsce ochronne","rodzajZrodla":"Obiekt ochrony ludności","adres":"ul. Pawia 17, Kraków","dostepnosc":"Na żądanie"}},{"type":"Feature","id":"OZO-5E712886A190","geometry":{"type":"Point","coordinates":[19.9138025100873,50.0737062003807]},"properties":{"nazwa":"Miejsce ochronne","rodzajZrodla":"Obiekt ochrony ludności","adres":"ul. Królewska 61, Kraków","dostepnosc":"Całodobowa"}},{"type":"Feature","id":"OZO-929A4E24C2D8","geometry":{"type":"Point","coordinates":[19.9856178183041,50.0746601447811]},"properties":{"nazwa":"Miejsce ochronne","rodzajZrodla":"Obiekt ochrony ludności","adres":"ul. Ułanów 28, Kraków","dostepnosc":"Na żądanie"}},{"type":"Feature","id":"OZO-093A838F6988","geometry":{"type":"Point","coordinates":[19.88866969943047,50.091883858785515]},"properties":{"nazwa":"Miejsce ochronne","rodzajZrodla":"Obiekt ochrony ludności","adres":"ul. Sosnowiecka 30F, Kraków","dostepnosc":"Na żądanie"}},{"type":"Feature","id":"OZO-24B7A59F85B3","geometry":{"type":"Point","coordinates":[19.9602150358074,50.0082458416038]},"properties":{"nazwa":"Miejsce ochronne","rodzajZrodla":"Obiekt ochrony ludności","adres":"ul. Marii i Bolesława Wysłouchów 51, Kraków","dostepnosc":"Całodobowa"}},{"type":"Feature","id":"OZO-ABCF2AF09025","geometry":{"type":"Point","coordinates":[19.9197392,50.0616323]},"properties":{"nazwa":"Miejsce ochronne","rodzajZrodla":"Obiekt ochrony ludności","adres":"ul. Romana Ingardena 6, Kraków","dostepnosc":"Całodobowa"}},{"type":"Feature","id":"OZO-03EF0FBB54AB","geometry":{"type":"Point","coordinates":[19.9248979492824,50.0591474318997]},"properties":{"nazwa":"Miejsce ochronne","rodzajZrodla":"Obiekt ochrony ludności","adres":"ul. AlejaZygmunta Krasińskiego 25, Kraków","dostepnosc":"Na żądanie"}},{"type":"Feature","id":"OZO-1E46B91F201D","geometry":{"type":"Point","coordinates":[20.04126861691475,50.08063026932592]},"properties":{"nazwa":"Miejsce ochronne","rodzajZrodla":"Obiekt ochrony ludności","adres":"os. Osiedle Zielone 3, Kraków","dostepnosc":"Całodobowa"}},{"type":"Feature","id":"OZO-0D5F8B5EA5CC","geometry":{"type":"Point","coordinates":[19.8887700400729,50.0100469449582]},"properties":{"nazwa":"Miejsce ochronne","rodzajZrodla":"Obiekt ochrony ludności","adres":"ul. dr. Jana Piltza 23A, Kraków","dostepnosc":"Całodobowa"}},{"type":"Feature","id":"OZO-DD3D333F6C5C","geometry":{"type":"Point","coordinates":[20.0070698455563,50.0066316156072]},"properties":{"nazwa":"Miejsce ochronne","rodzajZrodla":"Obiekt ochrony ludności","adres":"ul. Jana XXIII 10, Kraków","dostepnosc":"Całodobowa"}},{"type":"Feature","id":"OZO-528B035D278D","geometry":{"type":"Point","coordinates":[19.8892752173772,50.009192535658]},"properties":{"nazwa":"Miejsce ochronne","rodzajZrodla":"Obiekt ochrony ludności","adres":"ul. dr. Jana Piltza 19, Kraków","dostepnosc":"Całodobowa"}},{"type":"Feature","id":"OZO-4FC6728EE484","geometry":{"type":"Point","coordinates":[19.961623102426532,50.04745476343523]},"properties":{"nazwa":"Miejsce ochronne","rodzajZrodla":"Obiekt ochrony ludności","adres":"ul. Lipowa 4, Kraków","dostepnosc":"Określone godziny"}},{"type":"Feature","id":"OZO-F9BEC270F6CB","geometry":{"type":"Point","coordinates":[19.8922980983945,50.012565142037]},"properties":{"nazwa":"Miejsce ochronne","rodzajZrodla":"Obiekt ochrony ludności","adres":"ul. dr. Jana Piltza 40A, Kraków","dostepnosc":"Całodobowa"}},{"type":"Feature","id":"OZO-A5CCEECE43DB","geometry":{"type":"Point","coordinates":[19.9171754400552,50.0199488548016]},"properties":{"nazwa":"Miejsce ochronne","rodzajZrodla":"Obiekt ochrony ludności","adres":"ul. Obozowa 118, Kraków","dostepnosc":"Całodobowa"}},{"type":"Feature","id":"OZO-2333E24259E3","geometry":{"type":"Point","coordinates":[19.9829522054563,50.0682815583741]},"properties":{"nazwa":"Miejsce ochronne","rodzajZrodla":"Obiekt ochrony ludności","adres":"ul. Dąbska 18G, Kraków","dostepnosc":"Na żądanie"}},{"type":"Feature","id":"OZO-AA381B217C31","geometry":{"type":"Point","coordinates":[19.9617507782055,50.0483236951752]},"properties":{"nazwa":"Miejsce ochronne","rodzajZrodla":"Obiekt ochrony ludności","adres":"ul. Lipowa 4m, Kraków","dostepnosc":"Określone godziny"}},{"type":"Feature","id":"OZO-835310C1BE02","geometry":{"type":"Point","coordinates":[19.9758593702164,50.0747217094023]},"properties":{"nazwa":"Miejsce ochronne","rodzajZrodla":"Obiekt ochrony ludności","adres":"ul. Śliczna 32c, Kraków","dostepnosc":"Na żądanie"}},{"type":"Feature","id":"OZO-B61038E20D5B","geometry":{"type":"Point","coordinates":[20.0119973439779,50.0124792894406]},"properties":{"nazwa":"Miejsce ochronne","rodzajZrodla":"Obiekt ochrony ludności","adres":"ul. Erazma Jerzmanowskiego 34, Kraków","dostepnosc":"Całodobowa"}},{"type":"Feature","id":"OZO-83D2A9BDC1BD","geometry":{"type":"Point","coordinates":[19.9430575585489,50.0468781663855]},"properties":{"nazwa":"Miejsce ochronne","rodzajZrodla":"Obiekt ochrony ludności","adres":"ul. Krakowska 51, Kraków","dostepnosc":"Całodobowa"}},{"type":"Feature","id":"OZO-B885EFF6FF71","geometry":{"type":"Point","coordinates":[19.9561649231147,50.0203782599708]},"properties":{"nazwa":"Miejsce ochronne","rodzajZrodla":"Obiekt ochrony ludności","adres":"ul. Sebastiana Klonowica 26, Kraków","dostepnosc":"Całodobowa"}},{"type":"Feature","id":"OZO-0004FE8EA91E","geometry":{"type":"Point","coordinates":[20.007157487151,50.0801497262718]},"properties":{"nazwa":"Miejsce ochronne","rodzajZrodla":"Obiekt ochrony ludności","adres":"Osiedle 2 Pułku Lotniczego 28a, Kraków","dostepnosc":"Na żądanie"}},{"type":"Feature","id":"OZO-8B80152D9041","geometry":{"type":"Point","coordinates":[19.9278698581866,50.0615762453813]},"properties":{"nazwa":"Miejsce ochronne","rodzajZrodla":"Obiekt ochrony ludności","adres":"Plac gen. Władysława Sikorskiego 1, Kraków","dostepnosc":"Na żądanie"}},{"type":"Feature","id":"OZO-EC06B8BB4C86","geometry":{"type":"Point","coordinates":[19.9589264858323,50.0207744818277]},"properties":{"nazwa":"Miejsce ochronne","rodzajZrodla":"Obiekt ochrony ludności","adres":"ul. Sebastiana Klonowica 6, Kraków","dostepnosc":"Całodobowa"}},{"type":"Feature","id":"OZO-106C36B687E3","geometry":{"type":"Point","coordinates":[19.9253111999997,50.0558730999991]},"properties":{"nazwa":"Miejsce ochronne","rodzajZrodla":"Obiekt ochrony ludności","adres":"ul. Władysława Syrokomli 10, Kraków","dostepnosc":"Określone godziny"}},{"type":"Feature","id":"OZO-3FD6588B87EA","geometry":{"type":"Point","coordinates":[19.9478700999997,50.0499402999992]},"properties":{"nazwa":"Miejsce ochronne","rodzajZrodla":"Obiekt ochrony ludności","adres":"ul. św.Wawrzyńca 17, Kraków","dostepnosc":"Na żądanie"}},{"type":"Feature","id":"OZO-F02DAA3B3861","geometry":{"type":"Point","coordinates":[19.9274649284442,50.0456266990144]},"properties":{"nazwa":"Miejsce ochronne","rodzajZrodla":"Obiekt ochrony ludności","adres":"ul. Twardowskiego 33A, Kraków","dostepnosc":"Całodobowa"}},{"type":"Feature","id":"OZO-60A838C9C7D7","geometry":{"type":"Point","coordinates":[20.0620495953929,50.1009390548813]},"properties":{"nazwa":"Miejsce ochronne","rodzajZrodla":"Obiekt ochrony ludności","adres":"ul. Kantorowicka 89A, Kraków","dostepnosc":"Na żądanie"}},{"type":"Feature","id":"OZO-DC21A059FD28","geometry":{"type":"Point","coordinates":[19.9577266999997,50.0595140999991]},"properties":{"nazwa":"Miejsce ochronne","rodzajZrodla":"Obiekt ochrony ludności","adres":"ul. HetmanaŻółkiewskiego 24, Kraków","dostepnosc":"Na żądanie"}},{"type":"Feature","id":"OZO-E5D96C58EBCF","geometry":{"type":"Point","coordinates":[19.9593576999997,50.0498222999992]},"properties":{"nazwa":"Miejsce ochronne","rodzajZrodla":"Obiekt ochrony ludności","adres":"ul. Zabłocie 19, Kraków","dostepnosc":"Całodobowa"}},{"type":"Feature","id":"OZO-8CA846B74FAA","geometry":{"type":"Point","coordinates":[19.9292484719847,50.0526883817774]},"properties":{"nazwa":"Miejsce ochronne","rodzajZrodla":"Obiekt ochrony ludności","adres":"ul. Marii Konopnickiej 7, Kraków","dostepnosc":"Całodobowa"}},{"type":"Feature","id":"OZO-12D743F0B4B6","geometry":{"type":"Point","coordinates":[19.9069848376824,50.0201080786158]},"properties":{"nazwa":"Miejsce ochronne","rodzajZrodla":"Obiekt ochrony ludności","adres":"ul. Raciborska 2, Kraków","dostepnosc":"Całodobowa"}},{"type":"Feature","id":"OZO-8CEA30A96AE1","geometry":{"type":"Point","coordinates":[19.93242,50.0604500000001]},"properties":{"nazwa":"Miejsce ochronne","rodzajZrodla":"Obiekt ochrony ludności","adres":"ul. Marszałka Józefa Piłsudskiego 2, Kraków","dostepnosc":"Określone godziny"}},{"type":"Feature","id":"OZO-6675EAAA1807","geometry":{"type":"Point","coordinates":[19.9299427866609,50.0606550323128]},"properties":{"nazwa":"Miejsce ochronne","rodzajZrodla":"Obiekt ochrony ludności","adres":"ul. Czapskich 3, Kraków","dostepnosc":"Na żądanie"}},{"type":"Feature","id":"OZO-7BA041224C46","geometry":{"type":"Point","coordinates":[19.9630401562727,50.049882149347]},"properties":{"nazwa":"Miejsce ochronne","rodzajZrodla":"Obiekt ochrony ludności","adres":"ul. Zabłocie 35, Kraków","dostepnosc":"Całodobowa"}},{"type":"Feature","id":"OZO-055CC00EBFCE","geometry":{"type":"Point","coordinates":[19.94535411,50.06556008]},"properties":{"nazwa":"Miejsce ochronne","rodzajZrodla":"Obiekt ochrony ludności","adres":"ul. Pawia 3, Kraków","dostepnosc":"Całodobowa"}},{"type":"Feature","id":"OZO-FB0271687FFD","geometry":{"type":"Point","coordinates":[19.88685786724091,50.08496749086731]},"properties":{"nazwa":"Miejsce ochronne","rodzajZrodla":"Obiekt ochrony ludności","adres":"ul. Wizjonerów 7, Kraków","dostepnosc":"Całodobowa"}},{"type":"Feature","id":"OZO-F136DE5701E6","geometry":{"type":"Point","coordinates":[19.9086968276517,50.0148360464832]},"properties":{"nazwa":"Miejsce ochronne","rodzajZrodla":"Obiekt ochrony ludności","adres":"ul. Obozowa 50A, Kraków","dostepnosc":"Całodobowa"}},{"type":"Feature","id":"OZO-DFE23E77D0CA","geometry":{"type":"Point","coordinates":[19.9661541238752,50.0491779816943]},"properties":{"nazwa":"Miejsce ochronne","rodzajZrodla":"Obiekt ochrony ludności","adres":"ul. Zabłocie 43A, Kraków","dostepnosc":"Określone godziny"}},{"type":"Feature","id":"OZO-0E193B542214","geometry":{"type":"Point","coordinates":[19.9656693078418,50.0487385643873]},"properties":{"nazwa":"Miejsce ochronne","rodzajZrodla":"Obiekt ochrony ludności","adres":"ul. Zabłocie 43B, Kraków","dostepnosc":"Określone godziny"}},{"type":"Feature","id":"OZO-85E6D907DDD8","geometry":{"type":"Point","coordinates":[19.9265905946229,50.0198305138806]},"properties":{"nazwa":"Miejsce ochronne","rodzajZrodla":"Obiekt ochrony ludności","adres":"ul. Józefa Montwiłła-Mireckiego 11, Kraków","dostepnosc":"Całodobowa"}},{"type":"Feature","id":"OZO-F7F9D5586E1A","geometry":{"type":"Point","coordinates":[19.9167562058835,50.0250482945808]},"properties":{"nazwa":"Miejsce ochronne","rodzajZrodla":"Obiekt ochrony ludności","adres":"ul. Pszczelna 32, Kraków","dostepnosc":"Całodobowa"}},{"type":"Feature","id":"OZO-16E91A96965B","geometry":{"type":"Point","coordinates":[19.947522729635242,50.01662617359965]},"properties":{"nazwa":"Miejsce ochronne","rodzajZrodla":"Obiekt ochrony ludności","adres":"ul. Malwowa 15, Kraków","dostepnosc":"Całodobowa"}},{"type":"Feature","id":"OZO-8BE4AC171D7C","geometry":{"type":"Point","coordinates":[19.9611498999997,50.0498391999992]},"properties":{"nazwa":"Miejsce ochronne","rodzajZrodla":"Obiekt ochrony ludności","adres":"ul. Zabłocie 25, Kraków","dostepnosc":"Całodobowa"}},{"type":"Feature","id":"OZO-5BE2856B14EC","geometry":{"type":"Point","coordinates":[19.9677273165284,50.0999535434414]},"properties":{"nazwa":"Miejsce ochronne","rodzajZrodla":"Obiekt ochrony ludności","adres":"ul. Arcybiskupa Zygmunta Szczęsnego Felińskiego 20, Kraków","dostepnosc":"Na żądanie"}},{"type":"Feature","id":"OZO-1C89215804BE","geometry":{"type":"Point","coordinates":[19.9677731655388,50.1008360321172]},"properties":{"nazwa":"Miejsce ochronne","rodzajZrodla":"Obiekt ochrony ludności","adres":"ul. Arcybiskupa Zygmunta Szczęsnego Felińskiego 22, Kraków","dostepnosc":"Na żądanie"}},{"type":"Feature","id":"OZO-7C7C3E004711","geometry":{"type":"Point","coordinates":[19.9891388971364,50.0658301333881]},"properties":{"nazwa":"Miejsce ochronne","rodzajZrodla":"Obiekt ochrony ludności","adres":"ul. Stanisława Lema 15E, Kraków","dostepnosc":"Na żądanie"}},{"type":"Feature","id":"OZO-3D4D3FB0F5C3","geometry":{"type":"Point","coordinates":[19.9678980558961,50.1014923770453]},"properties":{"nazwa":"Miejsce ochronne","rodzajZrodla":"Obiekt ochrony ludności","adres":"ul. Arcybiskupa Zygmunta Szczęsnego Felińskiego 24, Kraków","dostepnosc":"Na żądanie"}},{"type":"Feature","id":"OZO-A838B353893A","geometry":{"type":"Point","coordinates":[19.9679749179482,50.1024602773145]},"properties":{"nazwa":"Miejsce ochronne","rodzajZrodla":"Obiekt ochrony ludności","adres":"ul. Arcybiskupa Zygmunta Szczęsnego Felińskiego 28, Kraków","dostepnosc":"Na żądanie"}},{"type":"Feature","id":"OZO-A84CB6F65197","geometry":{"type":"Point","coordinates":[19.9028906390713,50.0022893136047]},"properties":{"nazwa":"Miejsce ochronne","rodzajZrodla":"Obiekt ochrony ludności","adres":"ul. Borkowska 29D, Kraków","dostepnosc":"Całodobowa"}},{"type":"Feature","id":"OZO-3C996597E761","geometry":{"type":"Point","coordinates":[19.9452777299775,50.0720260059796]},"properties":{"nazwa":"Miejsce ochronne","rodzajZrodla":"Obiekt ochrony ludności","adres":"ul. Pawia 21, Kraków","dostepnosc":"Określone godziny"}},{"type":"Feature","id":"OZO-CD75EE3132C4","geometry":{"type":"Point","coordinates":[19.9152498046609,50.0201479040542]},"properties":{"nazwa":"Miejsce ochronne","rodzajZrodla":"Obiekt ochrony ludności","adres":"ul. Obozowa 116, Kraków","dostepnosc":"Całodobowa"}},{"type":"Feature","id":"OZO-353A542FCE8D","geometry":{"type":"Point","coordinates":[19.9868799796558,50.0925116399661]},"properties":{"nazwa":"Miejsce ochronne","rodzajZrodla":"Obiekt ochrony ludności","adres":"ul. Marchołta 30, Kraków","dostepnosc":"Na żądanie"}},{"type":"Feature","id":"OZO-C6653D2661D2","geometry":{"type":"Point","coordinates":[19.9809035,50.0790086]},"properties":{"nazwa":"Miejsce ochronne","rodzajZrodla":"Obiekt ochrony ludności","adres":"ul. Fiołkowa 4, Kraków","dostepnosc":"Na żądanie"}},{"type":"Feature","id":"OZO-95631A32C056","geometry":{"type":"Point","coordinates":[19.9018237616241,49.9975728590192]},"properties":{"nazwa":"Miejsce ochronne","rodzajZrodla":"Obiekt ochrony ludności","adres":"ul. Mieczykowa 24, Kraków","dostepnosc":"Całodobowa"}},{"type":"Feature","id":"OZO-E7020C15C4BF","geometry":{"type":"Point","coordinates":[19.98032228,50.07838146]},"properties":{"nazwa":"Miejsce ochronne","rodzajZrodla":"Obiekt ochrony ludności","adres":"ul. Fiołkowa 6, Kraków","dostepnosc":"Na żądanie"}},{"type":"Feature","id":"OZO-D979A824C098","geometry":{"type":"Point","coordinates":[19.97971057891846,50.078093157044805]},"properties":{"nazwa":"Miejsce ochronne","rodzajZrodla":"Obiekt ochrony ludności","adres":"ul. Fiołkowa 10, Kraków","dostepnosc":"Na żądanie"}},{"type":"Feature","id":"OZO-DA3B905A0EA2","geometry":{"type":"Point","coordinates":[19.9113908999997,50.0868657999992]},"properties":{"nazwa":"Miejsce ochronne","rodzajZrodla":"Obiekt ochrony ludności","adres":"ul. Józefa Elsnera 24, Kraków","dostepnosc":"Całodobowa"}},{"type":"Feature","id":"OZO-BCCEC8B70EFD","geometry":{"type":"Point","coordinates":[19.9501472999997,50.0640583999991]},"properties":{"nazwa":"Miejsce ochronne","rodzajZrodla":"Obiekt ochrony ludności","adres":"ul. Strzelecka 11, Kraków","dostepnosc":"Na żądanie"}},{"type":"Feature","id":"OZO-8A793AA86610","geometry":{"type":"Point","coordinates":[19.9753111621446,50.0900824957783]},"properties":{"nazwa":"Miejsce ochronne","rodzajZrodla":"Obiekt ochrony ludności","adres":"ul. Mariana Słoneckiego 3, Kraków","dostepnosc":"Na żądanie"}},{"type":"Feature","id":"OZO-CB7EF2F06B63","geometry":{"type":"Point","coordinates":[19.9760342854895,50.0902089942667]},"properties":{"nazwa":"Miejsce ochronne","rodzajZrodla":"Obiekt ochrony ludności","adres":"ul. Mariana Słoneckiego 4, Kraków","dostepnosc":"Na żądanie"}},{"type":"Feature","id":"OZO-E96282D09111","geometry":{"type":"Point","coordinates":[19.9755277670806,50.0905035762538]},"properties":{"nazwa":"Miejsce ochronne","rodzajZrodla":"Obiekt ochrony ludności","adres":"ul. Mariana Słoneckiego 5a, Kraków","dostepnosc":"Na żądanie"}},{"type":"Feature","id":"OZO-5610B063E173","geometry":{"type":"Point","coordinates":[20.0081976596304,50.0794661604238]},"properties":{"nazwa":"Miejsce ochronne","rodzajZrodla":"Obiekt ochrony ludności","adres":"Osiedle 2 Pułku Lotniczego 31, Kraków","dostepnosc":"Na żądanie"}},{"type":"Feature","id":"OZO-EC752BE0CBBC","geometry":{"type":"Point","coordinates":[19.9797031393306,50.0918226243459]},"properties":{"nazwa":"Miejsce ochronne","rodzajZrodla":"Obiekt ochrony ludności","adres":"ul. Kwartowa 16, Kraków","dostepnosc":"Na żądanie"}},{"type":"Feature","id":"OZO-B3FF1AA45447","geometry":{"type":"Point","coordinates":[19.923169612884525,50.08061822094175]},"properties":{"nazwa":"Miejsce ochronne","rodzajZrodla":"Obiekt ochrony ludności","adres":"ul. Wrocławska 53F, Kraków","dostepnosc":"Całodobowa"}},{"type":"Feature","id":"OZO-8AE60A4084CE","geometry":{"type":"Point","coordinates":[19.9238699301723,50.0810070895036]},"properties":{"nazwa":"Miejsce ochronne","rodzajZrodla":"Obiekt ochrony ludności","adres":"ul. Wrocławska 53K, Kraków","dostepnosc":"Całodobowa"}},{"type":"Feature","id":"OZO-9993E2DAB738","geometry":{"type":"Point","coordinates":[19.922150373458866,50.08074214703434]},"properties":{"nazwa":"Miejsce ochronne","rodzajZrodla":"Obiekt ochrony ludności","adres":"ul. Wrocławska 53E, Kraków","dostepnosc":"Całodobowa"}},{"type":"Feature","id":"OZO-9EED5CE36E98","geometry":{"type":"Point","coordinates":[19.8932376782844,50.0150499353255]},"properties":{"nazwa":"Miejsce ochronne","rodzajZrodla":"Obiekt ochrony ludności","adres":"ul. Lubostroń 23, Kraków","dostepnosc":"Całodobowa"}},{"type":"Feature","id":"OZO-6E66E8DF8377","geometry":{"type":"Point","coordinates":[19.92383480072022,50.07981269353118]},"properties":{"nazwa":"Miejsce ochronne","rodzajZrodla":"Obiekt ochrony ludności","adres":"ul. Wrocławska 53B, Kraków","dostepnosc":"Całodobowa"}},{"type":"Feature","id":"OZO-CA9145A73BE8","geometry":{"type":"Point","coordinates":[19.9639290642284,50.0495258024256]},"properties":{"nazwa":"Miejsce ochronne","rodzajZrodla":"Obiekt ochrony ludności","adres":"ul. Tadeusza Romanowicza 1, Kraków","dostepnosc":"Określone godziny"}},{"type":"Feature","id":"OZO-3849AEB65CA4","geometry":{"type":"Point","coordinates":[19.9191309697549,50.0936437305499]},"properties":{"nazwa":"Miejsce ochronne","rodzajZrodla":"Obiekt ochrony ludności","adres":"ul. Henryka Pachońskiego 5, Kraków","dostepnosc":"Całodobowa"}},{"type":"Feature","id":"OZO-6F10321F1E67","geometry":{"type":"Point","coordinates":[19.89646285772324,50.06940158313998]},"properties":{"nazwa":"Miejsce ochronne","rodzajZrodla":"Obiekt ochrony ludności","adres":"ul. Stanisława Przybyszewskiego 64B, Kraków","dostepnosc":"Całodobowa"}},{"type":"Feature","id":"OZO-2D35D43F08EE","geometry":{"type":"Point","coordinates":[19.896529912948612,50.06874048393849]},"properties":{"nazwa":"Miejsce ochronne","rodzajZrodla":"Obiekt ochrony ludności","adres":"ul. Stanisława Przybyszewskiego 64M, Kraków","dostepnosc":"Całodobowa"}},{"type":"Feature","id":"OZO-87535419EA8A","geometry":{"type":"Point","coordinates":[19.9641334879571,50.0483567753816]},"properties":{"nazwa":"Miejsce ochronne","rodzajZrodla":"Obiekt ochrony ludności","adres":"ul. Tadeusza Romanowicza 4, Kraków","dostepnosc":"Całodobowa"}},{"type":"Feature","id":"OZO-E02BC6265689","geometry":{"type":"Point","coordinates":[19.9177891946946,50.0133610237452]},"properties":{"nazwa":"Miejsce ochronne","rodzajZrodla":"Obiekt ochrony ludności","adres":"ul. Kępna 13, Kraków","dostepnosc":"Całodobowa"}},{"type":"Feature","id":"OZO-62A7F5F9B6D5","geometry":{"type":"Point","coordinates":[19.9645839351996,50.0092372531114]},"properties":{"nazwa":"Miejsce ochronne","rodzajZrodla":"Obiekt ochrony ludności","adres":"ul. Kordiana 31, Kraków","dostepnosc":"Całodobowa"}},{"type":"Feature","id":"OZO-FCF09BC8536D","geometry":{"type":"Point","coordinates":[19.9672581852488,50.061644988073]},"properties":{"nazwa":"Miejsce ochronne","rodzajZrodla":"Obiekt ochrony ludności","adres":"ul. płk. Francesco Nullo 12, Kraków","dostepnosc":"Na żądanie"}},{"type":"Feature","id":"OZO-C58609C98906","geometry":{"type":"Point","coordinates":[19.9637700524012,50.0129376119063]},"properties":{"nazwa":"Miejsce ochronne","rodzajZrodla":"Obiekt ochrony ludności","adres":"ul. Kordiana 14, Kraków","dostepnosc":"Całodobowa"}},{"type":"Feature","id":"OZO-41DFC98F8A6F","geometry":{"type":"Point","coordinates":[19.9170891381414,50.0132362591164]},"properties":{"nazwa":"Miejsce ochronne","rodzajZrodla":"Obiekt ochrony ludności","adres":"ul. Kępna 15, Kraków","dostepnosc":"Całodobowa"}},{"type":"Feature","id":"OZO-71C5DAEB5885","geometry":{"type":"Point","coordinates":[19.9753271959669,50.0868212751048]},"properties":{"nazwa":"Miejsce ochronne","rodzajZrodla":"Obiekt ochrony ludności","adres":"Aleja gen. Tadeusza Bora-Komorowskiego 25A, Kraków","dostepnosc":"Określone godziny"}},{"type":"Feature","id":"OZO-EC9006136BA4","geometry":{"type":"Point","coordinates":[19.91896122694016,50.0733421650974]},"properties":{"nazwa":"Miejsce ochronne","rodzajZrodla":"Obiekt ochrony ludności","adres":"ul. Kazimierza Wielkiego 70, Kraków","dostepnosc":"Całodobowa"}},{"type":"Feature","id":"OZO-DDE58E55213F","geometry":{"type":"Point","coordinates":[19.9226571476481,50.0426193146613]},"properties":{"nazwa":"Miejsce ochronne","rodzajZrodla":"Obiekt ochrony ludności","adres":"ul. Kapelanka 4, Kraków","dostepnosc":"Określone godziny"}},{"type":"Feature","id":"OZO-BA247DC2CA9E","geometry":{"type":"Point","coordinates":[19.92576599121094,50.07981269353118]},"properties":{"nazwa":"Miejsce ochronne","rodzajZrodla":"Obiekt ochrony ludności","adres":"ul. Poznańska 8, Kraków","dostepnosc":"Całodobowa"}},{"type":"Feature","id":"OZO-0699819861A7","geometry":{"type":"Point","coordinates":[19.9003546879367,49.9980790730284]},"properties":{"nazwa":"Miejsce ochronne","rodzajZrodla":"Obiekt ochrony ludności","adres":"ul. Mieczykowa 15, Kraków","dostepnosc":"Całodobowa"}},{"type":"Feature","id":"OZO-93B809401533","geometry":{"type":"Point","coordinates":[19.9296846985817,50.07656290704853]},"properties":{"nazwa":"Miejsce ochronne","rodzajZrodla":"Obiekt ochrony ludności","adres":"ul. Władysława Łokietka 8C, Kraków","dostepnosc":"Całodobowa"}},{"type":"Feature","id":"OZO-EC1322F756D5","geometry":{"type":"Point","coordinates":[19.9615743523886,50.0246571199487]},"properties":{"nazwa":"Miejsce ochronne","rodzajZrodla":"Obiekt ochrony ludności","adres":"ul. Walerego Sławka 11, Kraków","dostepnosc":"Całodobowa"}},{"type":"Feature","id":"OZO-B936CA0091F2","geometry":{"type":"Point","coordinates":[20.0079854287599,50.0128589603876]},"properties":{"nazwa":"Miejsce ochronne","rodzajZrodla":"Obiekt ochrony ludności","adres":"ul. Jana Kurczaba 25, Kraków","dostepnosc":"Określone godziny"}},{"type":"Feature","id":"OZO-57288C544C2A","geometry":{"type":"Point","coordinates":[20.0061537115821,50.0145361134649]},"properties":{"nazwa":"Miejsce ochronne","rodzajZrodla":"Obiekt ochrony ludności","adres":"ul. Jana Kurczaba 17, Kraków","dostepnosc":"Całodobowa"}},{"type":"Feature","id":"OZO-496AD16C492D","geometry":{"type":"Point","coordinates":[19.931540787220005,50.07620314489672]},"properties":{"nazwa":"Miejsce ochronne","rodzajZrodla":"Obiekt ochrony ludności","adres":"ul. Józefa Friedleina 7, Kraków","dostepnosc":"Całodobowa"}},{"type":"Feature","id":"OZO-2F41B9DDCCB8","geometry":{"type":"Point","coordinates":[19.987445035963,50.0440618711935]},"properties":{"nazwa":"Miejsce ochronne","rodzajZrodla":"Obiekt ochrony ludności","adres":"ul. Przewóz 8, Kraków","dostepnosc":"Całodobowa"}},{"type":"Feature","id":"OZO-136A2696AA0A","geometry":{"type":"Point","coordinates":[19.9843418411837,50.0640759803653]},"properties":{"nazwa":"Miejsce ochronne","rodzajZrodla":"Obiekt ochrony ludności","adres":"Aleja Pokoju 44, Kraków","dostepnosc":"Na żądanie"}},{"type":"Feature","id":"OZO-89B4A06451CA","geometry":{"type":"Point","coordinates":[19.9577733999997,50.0063607999992]},"properties":{"nazwa":"Miejsce ochronne","rodzajZrodla":"Obiekt ochrony ludności","adres":"ul. Marii i Bolesława Wysłouchów 28, Kraków","dostepnosc":"Określone godziny"}},{"type":"Feature","id":"OZO-133F0653700F","geometry":{"type":"Point","coordinates":[19.97577319,50.08584396]},"properties":{"nazwa":"Miejsce ochronne","rodzajZrodla":"Obiekt ochrony ludności","adres":"Aleja gen. Tadeusza Bora-Komorowskiego 25, Kraków","dostepnosc":"Określone godziny"}},{"type":"Feature","id":"OZO-07228F39DF15","geometry":{"type":"Point","coordinates":[19.9697563238301,50.011572032241]},"properties":{"nazwa":"Miejsce ochronne","rodzajZrodla":"Obiekt ochrony ludności","adres":"ul. Łużycka 73c, Kraków","dostepnosc":"Całodobowa"}},{"type":"Feature","id":"OZO-428254D563C6","geometry":{"type":"Point","coordinates":[19.92557287216187,50.07894346607872]},"properties":{"nazwa":"Miejsce ochronne","rodzajZrodla":"Obiekt ochrony ludności","adres":"ul. Poznańska 6, Kraków","dostepnosc":"Całodobowa"}},{"type":"Feature","id":"OZO-F013CB8027F6","geometry":{"type":"Point","coordinates":[19.9885976873411,50.0442101468771]},"properties":{"nazwa":"Miejsce ochronne","rodzajZrodla":"Obiekt ochrony ludności","adres":"ul. Przewóz 12, Kraków","dostepnosc":"Całodobowa"}},{"type":"Feature","id":"OZO-CCBDCADE4CE9","geometry":{"type":"Point","coordinates":[19.9881875232743,50.04365619639]},"properties":{"nazwa":"Miejsce ochronne","rodzajZrodla":"Obiekt ochrony ludności","adres":"ul. Przewóz 14, Kraków","dostepnosc":"Całodobowa"}},{"type":"Feature","id":"OZO-C0D8772A83C4","geometry":{"type":"Point","coordinates":[19.962501603575276,50.05451603616259]},"properties":{"nazwa":"Miejsce ochronne","rodzajZrodla":"Obiekt ochrony ludności","adres":"ul. Grzegórzecka 67f, Kraków","dostepnosc":"Całodobowa"}},{"type":"Feature","id":"OZO-521EE76063A4","geometry":{"type":"Point","coordinates":[19.941019713878635,50.03973612068459]},"properties":{"nazwa":"Miejsce ochronne","rodzajZrodla":"Obiekt ochrony ludności","adres":"ul. Śliska 5, Kraków","dostepnosc":"Całodobowa"}},{"type":"Feature","id":"OZO-E9CE7D9FB1E9","geometry":{"type":"Point","coordinates":[19.9817529999997,50.0698199999991]},"properties":{"nazwa":"Miejsce ochronne","rodzajZrodla":"Obiekt ochrony ludności","adres":"ul. Mogilska 123, Kraków","dostepnosc":"Na żądanie"}},{"type":"Feature","id":"OZO-A2C572729579","geometry":{"type":"Point","coordinates":[19.951881319284443,50.09477298388556]},"properties":{"nazwa":"Miejsce ochronne","rodzajZrodla":"Obiekt ochrony ludności","adres":"ul. OsiedleWolfganga Amadeusa Mozarta 31, Kraków","dostepnosc":"Na żądanie"}},{"type":"Feature","id":"OZO-CD75A2820E9E","geometry":{"type":"Point","coordinates":[19.965666558415283,50.0565360579201]},"properties":{"nazwa":"Miejsce ochronne","rodzajZrodla":"Obiekt ochrony ludności","adres":"ul. Grzegórzecka 77A, Kraków","dostepnosc":"Całodobowa"}},{"type":"Feature","id":"OZO-8188DC09AD03","geometry":{"type":"Point","coordinates":[19.9527951536455,50.0691360060396]},"properties":{"nazwa":"Miejsce ochronne","rodzajZrodla":"Obiekt ochrony ludności","adres":"ul. Rakowicka 20, Kraków","dostepnosc":"Na żądanie"}},{"type":"Feature","id":"OZO-AB0E26948ED6","geometry":{"type":"Point","coordinates":[19.9530637865457,50.0690137978907]},"properties":{"nazwa":"Miejsce ochronne","rodzajZrodla":"Obiekt ochrony ludności","adres":"ul. Rakowicka 20, Kraków","dostepnosc":"Na żądanie"}},{"type":"Feature","id":"OZO-BC3FD109CDFB","geometry":{"type":"Point","coordinates":[19.9128855,50.0729294]},"properties":{"nazwa":"Miejsce ochronne","rodzajZrodla":"Obiekt ochrony ludności","adres":"ul. Leopolda Staffa 3, Kraków","dostepnosc":"Całodobowa"}},{"type":"Feature","id":"OZO-E7D19527ACFF","geometry":{"type":"Point","coordinates":[19.956049472093586,50.106568580246964]},"properties":{"nazwa":"Miejsce ochronne","rodzajZrodla":"Obiekt ochrony ludności","adres":"ul. Górka Narodowa 118, Kraków","dostepnosc":"Na żądanie"}},{"type":"Feature","id":"OZO-F9B033F80B1B","geometry":{"type":"Point","coordinates":[19.9147561192115,50.0729710655627]},"properties":{"nazwa":"Miejsce ochronne","rodzajZrodla":"Obiekt ochrony ludności","adres":"ul. Królewska 88, Kraków","dostepnosc":"Całodobowa"}},{"type":"Feature","id":"OZO-EB09063AEF12","geometry":{"type":"Point","coordinates":[19.9658103675361,50.0929431057207]},"properties":{"nazwa":"Miejsce ochronne","rodzajZrodla":"Obiekt ochrony ludności","adres":"ul. Jakuba Majora 60, Kraków","dostepnosc":"Na żądanie"}},{"type":"Feature","id":"OZO-69F0B36EBBE5","geometry":{"type":"Point","coordinates":[19.98836373,50.09109857]},"properties":{"nazwa":"Miejsce ochronne","rodzajZrodla":"Obiekt ochrony ludności","adres":"ul. Franciszka Kniaźnina 2, Kraków","dostepnosc":"Na żądanie"}},{"type":"Feature","id":"OZO-1239E2EC8646","geometry":{"type":"Point","coordinates":[19.9041903,50.074086]},"properties":{"nazwa":"Miejsce ochronne","rodzajZrodla":"Obiekt ochrony ludności","adres":"ul. Altanowa 18, Kraków","dostepnosc":"Całodobowa"}},{"type":"Feature","id":"OZO-B0ABD27C3D4C","geometry":{"type":"Point","coordinates":[19.9004317284615,50.0741058898891]},"properties":{"nazwa":"Miejsce ochronne","rodzajZrodla":"Obiekt ochrony ludności","adres":"ul. Młodej Polski 20, Kraków","dostepnosc":"Całodobowa"}},{"type":"Feature","id":"OZO-92A9DF275890","geometry":{"type":"Point","coordinates":[19.8883499,50.07711612]},"properties":{"nazwa":"Miejsce ochronne","rodzajZrodla":"Obiekt ochrony ludności","adres":"ul. Armii Krajowej 79, Kraków","dostepnosc":"Całodobowa"}},{"type":"Feature","id":"OZO-A75DAD03907C","geometry":{"type":"Point","coordinates":[19.9634223518215,50.0669325650054]},"properties":{"nazwa":"Miejsce ochronne","rodzajZrodla":"Obiekt ochrony ludności","adres":"ul. Mogilska 42, Kraków","dostepnosc":"Na żądanie"}},{"type":"Feature","id":"OZO-AB01F045C434","geometry":{"type":"Point","coordinates":[19.942209713298,50.0253874248209]},"properties":{"nazwa":"Miejsce ochronne","rodzajZrodla":"Obiekt ochrony ludności","adres":"ul. Aleksandra Fredry 6D, Kraków","dostepnosc":"Na żądanie"}},{"type":"Feature","id":"OZO-50A851A0BC64","geometry":{"type":"Point","coordinates":[19.9190269859302,50.0223967776597]},"properties":{"nazwa":"Miejsce ochronne","rodzajZrodla":"Obiekt ochrony ludności","adres":"ul. Podhalańska 1A, Kraków","dostepnosc":"Całodobowa"}},{"type":"Feature","id":"OZO-402024727178","geometry":{"type":"Point","coordinates":[19.9326144601536,50.0240051569238]},"properties":{"nazwa":"Miejsce ochronne","rodzajZrodla":"Obiekt ochrony ludności","adres":"ul. Klementyny Hoffmanowej 6a, Kraków","dostepnosc":"Całodobowa"}},{"type":"Feature","id":"OZO-7012B11B703D","geometry":{"type":"Point","coordinates":[19.92913005429768,50.09887359434505]},"properties":{"nazwa":"Miejsce ochronne","rodzajZrodla":"Obiekt ochrony ludności","adres":"ul. Zygmunta Glogera 5, Kraków","dostepnosc":"Na żądanie"}},{"type":"Feature","id":"OZO-7376FF76789A","geometry":{"type":"Point","coordinates":[20.0099160288518,50.0147376486114]},"properties":{"nazwa":"Miejsce ochronne","rodzajZrodla":"Obiekt ochrony ludności","adres":"ul. Leonida Teligi 28, Kraków","dostepnosc":"Całodobowa"}},{"type":"Feature","id":"OZO-B80A6506C5AB","geometry":{"type":"Point","coordinates":[19.961198484507,50.0230465643215]},"properties":{"nazwa":"Miejsce ochronne","rodzajZrodla":"Obiekt ochrony ludności","adres":"ul. Walerego Sławka 19, Kraków","dostepnosc":"Całodobowa"}},{"type":"Feature","id":"OZO-C0BECE329360","geometry":{"type":"Point","coordinates":[19.9542621999997,50.0573808999992]},"properties":{"nazwa":"Miejsce ochronne","rodzajZrodla":"Obiekt ochrony ludności","adres":"ul. Karola Chodkiewicza 11, Kraków","dostepnosc":"Na żądanie"}},{"type":"Feature","id":"OZO-6EE9713E0FE5","geometry":{"type":"Point","coordinates":[19.924157854925767,50.09411242568189]},"properties":{"nazwa":"Miejsce ochronne","rodzajZrodla":"Obiekt ochrony ludności","adres":"ul. Adama Vetulaniego 1, Kraków","dostepnosc":"Na żądanie"}},{"type":"Feature","id":"OZO-7544CE322A23","geometry":{"type":"Point","coordinates":[19.9417855776575,50.0762267643941]},"properties":{"nazwa":"Miejsce ochronne","rodzajZrodla":"Obiekt ochrony ludności","adres":"ul. Kamienna 21, Kraków","dostepnosc":"Na żądanie"}},{"type":"Feature","id":"OZO-2420CD1B9E7A","geometry":{"type":"Point","coordinates":[19.9605038999997,50.0562349999992]},"properties":{"nazwa":"Miejsce ochronne","rodzajZrodla":"Obiekt ochrony ludności","adres":"ul. Grzegórzecka 67c, Kraków","dostepnosc":"Całodobowa"}},{"type":"Feature","id":"OZO-C48DADB42E81","geometry":{"type":"Point","coordinates":[20.0457766865226,50.082092574688]},"properties":{"nazwa":"Miejsce ochronne","rodzajZrodla":"Obiekt ochrony ludności","adres":"ul. Bulwarowa 31, Kraków","dostepnosc":"Na żądanie"}},{"type":"Feature","id":"OZO-75D660EE07CA","geometry":{"type":"Point","coordinates":[19.8939654747079,50.017316705793]},"properties":{"nazwa":"Miejsce ochronne","rodzajZrodla":"Obiekt ochrony ludności","adres":"ul. Lubostroń 22F, Kraków","dostepnosc":"Całodobowa"}},{"type":"Feature","id":"OZO-FD5038C9CE15","geometry":{"type":"Point","coordinates":[19.9161442909625,50.0228632598877]},"properties":{"nazwa":"Miejsce ochronne","rodzajZrodla":"Obiekt ochrony ludności","adres":"ul. Pszczelna 50, Kraków","dostepnosc":"Całodobowa"}},{"type":"Feature","id":"OZO-EAADD824BB0C","geometry":{"type":"Point","coordinates":[19.9226950293044,50.0740956776915]},"properties":{"nazwa":"Miejsce ochronne","rodzajZrodla":"Obiekt ochrony ludności","adres":"ul. AlejaArtura Grottgera 34, Kraków","dostepnosc":"Całodobowa"}},{"type":"Feature","id":"OZO-F2CAD6B6DD51","geometry":{"type":"Point","coordinates":[19.876261390688,50.0763283530606]},"properties":{"nazwa":"Miejsce ochronne","rodzajZrodla":"Obiekt ochrony ludności","adres":"ul. Zygmunta Starego 1F, Kraków","dostepnosc":"Całodobowa"}},{"type":"Feature","id":"OZO-625B67BBC27A","geometry":{"type":"Point","coordinates":[19.9255296308201,50.1033590268825]},"properties":{"nazwa":"Miejsce ochronne","rodzajZrodla":"Obiekt ochrony ludności","adres":"ul. Zygmunta Glogera 55, Kraków","dostepnosc":"Na żądanie"}},{"type":"Feature","id":"OZO-EBA3EE7FCFC0","geometry":{"type":"Point","coordinates":[19.9684850917159,50.0723987836084]},"properties":{"nazwa":"Miejsce ochronne","rodzajZrodla":"Obiekt ochrony ludności","adres":"ul. Lotnicza 3, Kraków","dostepnosc":"Na żądanie"}},{"type":"Feature","id":"OZO-3B6065196ED7","geometry":{"type":"Point","coordinates":[19.9319171439539,50.0711127138096]},"properties":{"nazwa":"Miejsce ochronne","rodzajZrodla":"Obiekt ochrony ludności","adres":"ul. św.Teresy 12, Kraków","dostepnosc":"Na żądanie"}},{"type":"Feature","id":"OZO-57A7CE1E22D5","geometry":{"type":"Point","coordinates":[19.8994944123692,50.0781524028764]},"properties":{"nazwa":"Miejsce ochronne","rodzajZrodla":"Obiekt ochrony ludności","adres":"ul. Bronowicka 44, Kraków","dostepnosc":"Całodobowa"}},{"type":"Feature","id":"OZO-51BFEA4A36BF","geometry":{"type":"Point","coordinates":[19.9418248887834,50.0408436497863]},"properties":{"nazwa":"Miejsce ochronne","rodzajZrodla":"Obiekt ochrony ludności","adres":"ul. Generała Tadeusza Kutrzeby 5, Kraków","dostepnosc":"Całodobowa"}},{"type":"Feature","id":"OZO-64B92A6539AC","geometry":{"type":"Point","coordinates":[19.9916247092148,50.0658896984839]},"properties":{"nazwa":"Miejsce ochronne","rodzajZrodla":"Obiekt ochrony ludności","adres":"Aleja Pokoju 52B, Kraków","dostepnosc":"Na żądanie"}},{"type":"Feature","id":"OZO-CF0E37FB90B4","geometry":{"type":"Point","coordinates":[19.9665110185586,50.0355157768519]},"properties":{"nazwa":"Miejsce ochronne","rodzajZrodla":"Obiekt ochrony ludności","adres":"ul. Jerozolimska 2, Kraków","dostepnosc":"Całodobowa"}},{"type":"Feature","id":"OZO-D61401263BDB","geometry":{"type":"Point","coordinates":[19.9018390356181,49.9961957760786]},"properties":{"nazwa":"Miejsce ochronne","rodzajZrodla":"Obiekt ochrony ludności","adres":"ul. Anny Szwed-Śniadowskiej 40, Kraków","dostepnosc":"Całodobowa"}},{"type":"Feature","id":"OZO-00AE3367F4B3","geometry":{"type":"Point","coordinates":[19.9443457461634,50.0702830730334]},"properties":{"nazwa":"Miejsce ochronne","rodzajZrodla":"Obiekt ochrony ludności","adres":"ul. Szlak 77, Kraków","dostepnosc":"Na żądanie"}},{"type":"Feature","id":"OZO-2EDD143D981F","geometry":{"type":"Point","coordinates":[19.920054334386,50.0223167868364]},"properties":{"nazwa":"Miejsce ochronne","rodzajZrodla":"Obiekt ochrony ludności","adres":"ul. Zbrojarzy 98, Kraków","dostepnosc":"Całodobowa"}},{"type":"Feature","id":"OZO-466CA533740C","geometry":{"type":"Point","coordinates":[19.9595750173313,50.0228899563231]},"properties":{"nazwa":"Miejsce ochronne","rodzajZrodla":"Obiekt ochrony ludności","adres":"ul. Walerego Sławka 16, Kraków","dostepnosc":"Całodobowa"}},{"type":"Feature","id":"OZO-553ACABB183F","geometry":{"type":"Point","coordinates":[19.973300946864,50.0633828807917]},"properties":{"nazwa":"Miejsce ochronne","rodzajZrodla":"Obiekt ochrony ludności","adres":"ul. Fabryczna 15A, Kraków","dostepnosc":"Całodobowa"}},{"type":"Feature","id":"OZO-F920E1AD8C92","geometry":{"type":"Point","coordinates":[19.9007706300548,50.0208865929912]},"properties":{"nazwa":"Miejsce ochronne","rodzajZrodla":"Obiekt ochrony ludności","adres":"ul. Profesora Michała Bobrzyńskiego 27, Kraków","dostepnosc":"Na żądanie"}},{"type":"Feature","id":"OZO-D02CF9D4667C","geometry":{"type":"Point","coordinates":[20.0153322109781,50.1058360710206]},"properties":{"nazwa":"Miejsce ochronne","rodzajZrodla":"Obiekt ochrony ludności","adres":"Osiedle Piastów 73, Kraków","dostepnosc":"Na żądanie"}},{"type":"Feature","id":"OZO-FBE38622A265","geometry":{"type":"Point","coordinates":[19.94734033942223,50.03960347527133]},"properties":{"nazwa":"Miejsce ochronne","rodzajZrodla":"Obiekt ochrony ludności","adres":"ul. Krzemionki 33, Kraków","dostepnosc":"Określone godziny"}},{"type":"Feature","id":"OZO-8C34DD651B9D","geometry":{"type":"Point","coordinates":[19.956132620573047,50.045961429505894]},"properties":{"nazwa":"Miejsce ochronne","rodzajZrodla":"Obiekt ochrony ludności","adres":"ul. Lwowska 8, Kraków","dostepnosc":"Całodobowa"}},{"type":"Feature","id":"OZO-AE27E7669E82","geometry":{"type":"Point","coordinates":[19.9059071293521,50.076827648999]},"properties":{"nazwa":"Miejsce ochronne","rodzajZrodla":"Obiekt ochrony ludności","adres":"ul. Bartosza Głowackiego 4, Kraków","dostepnosc":"Całodobowa"}},{"type":"Feature","id":"OZO-C3E01D7E5661","geometry":{"type":"Point","coordinates":[19.92998374347211,50.02428296656202]},"properties":{"nazwa":"Miejsce ochronne","rodzajZrodla":"Obiekt ochrony ludności","adres":"ul. Do Wilgi 22, Kraków","dostepnosc":"Całodobowa"}},{"type":"Feature","id":"OZO-3160397A6E18","geometry":{"type":"Point","coordinates":[20.0021828147697,50.0789308266102]},"properties":{"nazwa":"Miejsce ochronne","rodzajZrodla":"Obiekt ochrony ludności","adres":"ul. Bolesława Orlińskiego 12, Kraków","dostepnosc":"Na żądanie"}},{"type":"Feature","id":"OZO-4C8ADF56F5C5","geometry":{"type":"Point","coordinates":[19.95987882,50.04474016]},"properties":{"nazwa":"Miejsce ochronne","rodzajZrodla":"Obiekt ochrony ludności","adres":"ul. Dąbrowskiego 20, Kraków","dostepnosc":"Całodobowa"}},{"type":"Feature","id":"OZO-B3DD8FEAFE2C","geometry":{"type":"Point","coordinates":[19.9352385,50.0316967]},"properties":{"nazwa":"Miejsce ochronne","rodzajZrodla":"Obiekt ochrony ludności","adres":"ul. Wadowicka 27, Kraków","dostepnosc":"Całodobowa"}},{"type":"Feature","id":"OZO-380EE00EC6EA","geometry":{"type":"Point","coordinates":[19.92691141642162,50.08688878042985]},"properties":{"nazwa":"Miejsce ochronne","rodzajZrodla":"Obiekt ochrony ludności","adres":"ul. Rusznikarska 14, Kraków","dostepnosc":"Na żądanie"}},{"type":"Feature","id":"OZO-CD8DAC22B56D","geometry":{"type":"Point","coordinates":[20.0142979951239,50.1051539280092]},"properties":{"nazwa":"Miejsce ochronne","rodzajZrodla":"Obiekt ochrony ludności","adres":"Osiedle Piastów 69, Kraków","dostepnosc":"Na żądanie"}},{"type":"Feature","id":"OZO-F93D76C54BF3","geometry":{"type":"Point","coordinates":[19.9750588483503,50.0398928844489]},"properties":{"nazwa":"Miejsce ochronne","rodzajZrodla":"Obiekt ochrony ludności","adres":"ul. Wodna 22, Kraków","dostepnosc":"Całodobowa"}},{"type":"Feature","id":"OZO-40D0CDD1E316","geometry":{"type":"Point","coordinates":[20.002814087078377,50.09274483257533]},"properties":{"nazwa":"Miejsce ochronne","rodzajZrodla":"Obiekt ochrony ludności","adres":"Osiedle Tysiąclecia 38, Kraków","dostepnosc":"Na żądanie"}},{"type":"Feature","id":"OZO-E3A383CB3701","geometry":{"type":"Point","coordinates":[19.9665583370393,50.0997087666472]},"properties":{"nazwa":"Miejsce ochronne","rodzajZrodla":"Obiekt ochrony ludności","adres":"ul. Arcybiskupa Zygmunta Szczęsnego Felińskiego 23, Kraków","dostepnosc":"Na żądanie"}},{"type":"Feature","id":"OZO-B18A49BF6D72","geometry":{"type":"Point","coordinates":[20.01208576,50.09958015]},"properties":{"nazwa":"Miejsce ochronne","rodzajZrodla":"Obiekt ochrony ludności","adres":"Osiedle Bohaterów Września 28, Kraków","dostepnosc":"Na żądanie"}},{"type":"Feature","id":"OZO-9411A286DD8C","geometry":{"type":"Point","coordinates":[19.967253540364,50.0999116230024]},"properties":{"nazwa":"Miejsce ochronne","rodzajZrodla":"Obiekt ochrony ludności","adres":"ul. Arcybiskupa Zygmunta Szczęsnego Felińskiego 21, Kraków","dostepnosc":"Na żądanie"}},{"type":"Feature","id":"OZO-5E47C8BB8655","geometry":{"type":"Point","coordinates":[19.9497884511714,50.0610025041089]},"properties":{"nazwa":"Miejsce ochronne","rodzajZrodla":"Obiekt ochrony ludności","adres":"ul. Hugona Kołłątaja 16, Kraków","dostepnosc":"Na żądanie"}},{"type":"Feature","id":"OZO-C8395B93B473","geometry":{"type":"Point","coordinates":[19.9879944999997,50.0452403999991]},"properties":{"nazwa":"Miejsce ochronne","rodzajZrodla":"Obiekt ochrony ludności","adres":"ul. Myśliwska 17, Kraków","dostepnosc":"Na żądanie"}},{"type":"Feature","id":"OZO-0EAC3BD63FB6","geometry":{"type":"Point","coordinates":[19.966586252944,50.1005458951209]},"properties":{"nazwa":"Miejsce ochronne","rodzajZrodla":"Obiekt ochrony ludności","adres":"ul. Arcybiskupa Zygmunta Szczęsnego Felińskiego 29, Kraków","dostepnosc":"Na żądanie"}},{"type":"Feature","id":"OZO-842B6BA508CF","geometry":{"type":"Point","coordinates":[19.9673878542697,50.0610515059101]},"properties":{"nazwa":"Miejsce ochronne","rodzajZrodla":"Obiekt ochrony ludności","adres":"ul. płk. Francesco Nullo 10, Kraków","dostepnosc":"Całodobowa"}},{"type":"Feature","id":"OZO-C765EDE57885","geometry":{"type":"Point","coordinates":[19.9603644999997,50.0567597999991]},"properties":{"nazwa":"Miejsce ochronne","rodzajZrodla":"Obiekt ochrony ludności","adres":"ul. Grzegórzecka 67a, Kraków","dostepnosc":"Na żądanie"}},{"type":"Feature","id":"OZO-3899B2D72DF8","geometry":{"type":"Point","coordinates":[19.9188070091972,50.0945725292408]},"properties":{"nazwa":"Miejsce ochronne","rodzajZrodla":"Obiekt ochrony ludności","adres":"ul. Henryka Pachońskiego 5G, Kraków","dostepnosc":"Na żądanie"}},{"type":"Feature","id":"OZO-17418DD19590","geometry":{"type":"Point","coordinates":[19.9787386799911,50.0923437040785]},"properties":{"nazwa":"Miejsce ochronne","rodzajZrodla":"Obiekt ochrony ludności","adres":"ul. Kwartowa 13, Kraków","dostepnosc":"Na żądanie"}},{"type":"Feature","id":"OZO-55DF9FD9A73C","geometry":{"type":"Point","coordinates":[19.9873604775678,50.0490758062885]},"properties":{"nazwa":"Miejsce ochronne","rodzajZrodla":"Obiekt ochrony ludności","adres":"ul. Koszykarska 22A, Kraków","dostepnosc":"Na żądanie"}},{"type":"Feature","id":"OZO-C15428A9EE07","geometry":{"type":"Point","coordinates":[19.872744083404545,50.06868194867419]},"properties":{"nazwa":"Miejsce ochronne","rodzajZrodla":"Obiekt ochrony ludności","adres":"ul. Agrestowa 18, Kraków","dostepnosc":"Całodobowa"}},{"type":"Feature","id":"OZO-0F10B073DBD6","geometry":{"type":"Point","coordinates":[19.9876744,50.0897385]},"properties":{"nazwa":"Miejsce ochronne","rodzajZrodla":"Obiekt ochrony ludności","adres":"ul. Franciszka Bohomolca 1, Kraków","dostepnosc":"Na żądanie"}},{"type":"Feature","id":"OZO-8F3975ED2549","geometry":{"type":"Point","coordinates":[19.9941478273525,50.0743818277295]},"properties":{"nazwa":"Miejsce ochronne","rodzajZrodla":"Obiekt ochrony ludności","adres":"Aleja Jana Pawła II 31, Kraków","dostepnosc":"Na żądanie"}},{"type":"Feature","id":"OZO-F81FBF8E08A3","geometry":{"type":"Point","coordinates":[19.9762766176713,50.0695556657482]},"properties":{"nazwa":"Miejsce ochronne","rodzajZrodla":"Obiekt ochrony ludności","adres":"ul. płk. pil. Stefana Łaszkiewicza 8, Kraków","dostepnosc":"Na żądanie"}},{"type":"Feature","id":"OZO-E1D849AEC10E","geometry":{"type":"Point","coordinates":[19.9835976295061,50.0398162838376]},"properties":{"nazwa":"Miejsce ochronne","rodzajZrodla":"Obiekt ochrony ludności","adres":"ul. Seweryna Goszczyńskiego 1, Kraków","dostepnosc":"Na żądanie"}},{"type":"Feature","id":"OZO-3398BD8AE1EE","geometry":{"type":"Point","coordinates":[19.9870923,50.089818]},"properties":{"nazwa":"Miejsce ochronne","rodzajZrodla":"Obiekt ochrony ludności","adres":"ul. Franciszka Bohomolca 3, Kraków","dostepnosc":"Na żądanie"}},{"type":"Feature","id":"OZO-774AD8524F7F","geometry":{"type":"Point","coordinates":[19.9553581420124,50.0574559951469]},"properties":{"nazwa":"Miejsce ochronne","rodzajZrodla":"Obiekt ochrony ludności","adres":"ul. Grzegórzecka 45a, Kraków","dostepnosc":"Na żądanie"}},{"type":"Feature","id":"OZO-452A7D443BEC","geometry":{"type":"Point","coordinates":[19.9435967392957,50.0625661481463]},"properties":{"nazwa":"Miejsce ochronne","rodzajZrodla":"Obiekt ochrony ludności","adres":"ul. św.Marka 37, Kraków","dostepnosc":"Całodobowa"}},{"type":"Feature","id":"OZO-0592D0F8AE9B","geometry":{"type":"Point","coordinates":[19.92669236,50.09374918]},"properties":{"nazwa":"Miejsce ochronne","rodzajZrodla":"Obiekt ochrony ludności","adres":"ul. Wincentego Danka 7, Kraków","dostepnosc":"Na żądanie"}},{"type":"Feature","id":"OZO-64316D0DF6F3","geometry":{"type":"Point","coordinates":[19.9765145067981,50.0744183877699]},"properties":{"nazwa":"Miejsce ochronne","rodzajZrodla":"Obiekt ochrony ludności","adres":"ul. Śliczna 30c, Kraków","dostepnosc":"Na żądanie"}},{"type":"Feature","id":"OZO-1017B560889A","geometry":{"type":"Point","coordinates":[19.9752204628564,50.0743908517966]},"properties":{"nazwa":"Miejsce ochronne","rodzajZrodla":"Obiekt ochrony ludności","adres":"ul. Śliczna 32a, Kraków","dostepnosc":"Na żądanie"}},{"type":"Feature","id":"OZO-8977269C56DA","geometry":{"type":"Point","coordinates":[19.9748521047296,50.0729794072276]},"properties":{"nazwa":"Miejsce ochronne","rodzajZrodla":"Obiekt ochrony ludności","adres":"ul. Śliczna 34B, Kraków","dostepnosc":"Na żądanie"}},{"type":"Feature","id":"OZO-1F1A2845ADB9","geometry":{"type":"Point","coordinates":[19.899394512176517,50.073147639815865]},"properties":{"nazwa":"Miejsce ochronne","rodzajZrodla":"Obiekt ochrony ludności","adres":"ul. Zarzecze 9A, Kraków","dostepnosc":"Całodobowa"}},{"type":"Feature","id":"OZO-13BB37806A3B","geometry":{"type":"Point","coordinates":[19.9862339720066,50.0663244678016]},"properties":{"nazwa":"Miejsce ochronne","rodzajZrodla":"Obiekt ochrony ludności","adres":"ul. Dąbska 21B, Kraków","dostepnosc":"Na żądanie"}},{"type":"Feature","id":"OZO-B8DE84051E29","geometry":{"type":"Point","coordinates":[19.95203743784252,50.080678917663484]},"properties":{"nazwa":"Miejsce ochronne","rodzajZrodla":"Obiekt ochrony ludności","adres":"Aleja 29 Listopada 41a, Kraków","dostepnosc":"Na żądanie"}},{"type":"Feature","id":"OZO-2BD6744B5B51","geometry":{"type":"Point","coordinates":[19.9444093999997,50.0764412999991]},"properties":{"nazwa":"Miejsce ochronne","rodzajZrodla":"Obiekt ochrony ludności","adres":"ul. Towarowa 10, Kraków","dostepnosc":"Na żądanie"}},{"type":"Feature","id":"OZO-3EF59E7731C8","geometry":{"type":"Point","coordinates":[19.9625113420014,50.0622935686551]},"properties":{"nazwa":"Miejsce ochronne","rodzajZrodla":"Obiekt ochrony ludności","adres":"ul. Sądowa 9, Kraków","dostepnosc":"Na żądanie"}},{"type":"Feature","id":"OZO-F82855D93F64","geometry":{"type":"Point","coordinates":[19.9782025162029,50.0136027997423]},"properties":{"nazwa":"Miejsce ochronne","rodzajZrodla":"Obiekt ochrony ludności","adres":"ul. Adama Bochenka 25B, Kraków","dostepnosc":"Całodobowa"}},{"type":"Feature","id":"OZO-52A055AF1ADC","geometry":{"type":"Point","coordinates":[19.969523809836,50.0182592403229]},"properties":{"nazwa":"Miejsce ochronne","rodzajZrodla":"Obiekt ochrony ludności","adres":"ul. Włoska 8a, Kraków","dostepnosc":"Na żądanie"}},{"type":"Feature","id":"OZO-ED96E79E245A","geometry":{"type":"Point","coordinates":[20.007497269387,50.0668423441382]},"properties":{"nazwa":"Miejsce ochronne","rodzajZrodla":"Obiekt ochrony ludności","adres":"Aleja Pokoju 81B, Kraków","dostepnosc":"Na żądanie"}},{"type":"Feature","id":"OZO-B09080C58ACA","geometry":{"type":"Point","coordinates":[19.9560249999997,50.0978232999991]},"properties":{"nazwa":"Miejsce ochronne","rodzajZrodla":"Obiekt ochrony ludności","adres":"ul. Kuźnicy Kołłątajowskiej 17e, Kraków","dostepnosc":"Na żądanie"}},{"type":"Feature","id":"OZO-D32DA9A0BE74","geometry":{"type":"Point","coordinates":[19.9504005815603,50.0580526609244]},"properties":{"nazwa":"Miejsce ochronne","rodzajZrodla":"Obiekt ochrony ludności","adres":"ul. AlejaIgnacego Daszyńskiego 7, Kraków","dostepnosc":"Na żądanie"}},{"type":"Feature","id":"OZO-F5230D59877D","geometry":{"type":"Point","coordinates":[19.97412253861582,50.07440616972619]},"properties":{"nazwa":"Miejsce ochronne","rodzajZrodla":"Obiekt ochrony ludności","adres":"ul. Kazimierza Chałupnika 12F, Kraków","dostepnosc":"Na żądanie"}},{"type":"Feature","id":"OZO-FFA87EBAF1F4","geometry":{"type":"Point","coordinates":[19.9752207357461,50.0718900427318]},"properties":{"nazwa":"Miejsce ochronne","rodzajZrodla":"Obiekt ochrony ludności","adres":"ul. Tadeusza Kantora 4, Kraków","dostepnosc":"Na żądanie"}},{"type":"Feature","id":"OZO-3841570AD004","geometry":{"type":"Point","coordinates":[19.976507038682456,50.07169270313526]},"properties":{"nazwa":"Miejsce ochronne","rodzajZrodla":"Obiekt ochrony ludności","adres":"ul. Tadeusza Kantora 5, Kraków","dostepnosc":"Na żądanie"}},{"type":"Feature","id":"OZO-0135EC73A823","geometry":{"type":"Point","coordinates":[19.98228995371561,50.07491828973265]},"properties":{"nazwa":"Miejsce ochronne","rodzajZrodla":"Obiekt ochrony ludności","adres":"ul. Pawła Włodkowica 3, Kraków","dostepnosc":"Na żądanie"}},{"type":"Feature","id":"OZO-C76E5D6256DC","geometry":{"type":"Point","coordinates":[19.9760499596484,50.0563663896436]},"properties":{"nazwa":"Miejsce ochronne","rodzajZrodla":"Obiekt ochrony ludności","adres":"ul. Bajeczna 4A, Kraków","dostepnosc":"Na żądanie"}},{"type":"Feature","id":"OZO-057DBCD6B557","geometry":{"type":"Point","coordinates":[19.9998016999997,50.0353419999991]},"properties":{"nazwa":"Miejsce ochronne","rodzajZrodla":"Obiekt ochrony ludności","adres":"ul. Bagrowa 80, Kraków","dostepnosc":"Całodobowa"}},{"type":"Feature","id":"OZO-A77CB58504EA","geometry":{"type":"Point","coordinates":[19.9596492573431,50.0114669650847]},"properties":{"nazwa":"Miejsce ochronne","rodzajZrodla":"Obiekt ochrony ludności","adres":"ul. Turniejowa 59B, Kraków","dostepnosc":"Całodobowa"}},{"type":"Feature","id":"OZO-0CDD4722C408","geometry":{"type":"Point","coordinates":[19.9527300800908,50.0806973362717]},"properties":{"nazwa":"Miejsce ochronne","rodzajZrodla":"Obiekt ochrony ludności","adres":"Aleja 29 Listopada 41c, Kraków","dostepnosc":"Na żądanie"}},{"type":"Feature","id":"OZO-9DDE060A20CB","geometry":{"type":"Point","coordinates":[19.9880671780501,50.0155773665828]},"properties":{"nazwa":"Miejsce ochronne","rodzajZrodla":"Obiekt ochrony ludności","adres":"ul. Facimiech 12, Kraków","dostepnosc":"Całodobowa"}},{"type":"Feature","id":"OZO-D0859C1E101A","geometry":{"type":"Point","coordinates":[19.9835722986532,50.0683145411631]},"properties":{"nazwa":"Miejsce ochronne","rodzajZrodla":"Obiekt ochrony ludności","adres":"ul. Dąbska 18E, Kraków","dostepnosc":"Na żądanie"}},{"type":"Feature","id":"OZO-B248F7780256","geometry":{"type":"Point","coordinates":[19.9690860544656,50.0663212957305]},"properties":{"nazwa":"Miejsce ochronne","rodzajZrodla":"Obiekt ochrony ludności","adres":"ul. Mogilska 55, Kraków","dostepnosc":"Na żądanie"}},{"type":"Feature","id":"OZO-782071CE1F56","geometry":{"type":"Point","coordinates":[19.93431016865166,50.085527435780534]},"properties":{"nazwa":"Miejsce ochronne","rodzajZrodla":"Obiekt ochrony ludności","adres":"ul. Bratysławska 1a, Kraków","dostepnosc":"Na żądanie"}},{"type":"Feature","id":"OZO-D4BA1710B2E1","geometry":{"type":"Point","coordinates":[19.995200043543,50.0770656052939]},"properties":{"nazwa":"Miejsce ochronne","rodzajZrodla":"Obiekt ochrony ludności","adres":"ul. prof. Michała Życzkowskiego 10, Kraków","dostepnosc":"Na żądanie"}},{"type":"Feature","id":"OZO-C6C4624A1711","geometry":{"type":"Point","coordinates":[19.996917027564,50.0854102018454]},"properties":{"nazwa":"Miejsce ochronne","rodzajZrodla":"Obiekt ochrony ludności","adres":"ul. Stanisława Skarżyńskiego 5, Kraków","dostepnosc":"Całodobowa"}},{"type":"Feature","id":"OZO-FF573DA7098F","geometry":{"type":"Point","coordinates":[19.9625940905068,50.0899435238627]},"properties":{"nazwa":"Miejsce ochronne","rodzajZrodla":"Obiekt ochrony ludności","adres":"ul. mjr. Ryszarda Nuszkiewicza 5, Kraków","dostepnosc":"Na żądanie"}},{"type":"Feature","id":"OZO-B28B945C87B5","geometry":{"type":"Point","coordinates":[19.832973629236225,50.06199985090131]},"properties":{"nazwa":"Miejsce ochronne","rodzajZrodla":"Obiekt ochrony ludności","adres":"ul. Rzepichy 7, Kraków","dostepnosc":"Całodobowa"}},{"type":"Feature","id":"OZO-D35016F52064","geometry":{"type":"Point","coordinates":[19.9924674257601,50.017493972563]},"properties":{"nazwa":"Miejsce ochronne","rodzajZrodla":"Obiekt ochrony ludności","adres":"ul. Górników 52, Kraków","dostepnosc":"Całodobowa"}},{"type":"Feature","id":"OZO-F5ADAB794CC4","geometry":{"type":"Point","coordinates":[19.9436631799007,50.0850968562024]},"properties":{"nazwa":"Miejsce ochronne","rodzajZrodla":"Obiekt ochrony ludności","adres":"ul. Mikołaja Reja 19, Kraków","dostepnosc":"Na żądanie"}},{"type":"Feature","id":"OZO-8F1DB7CFEAA9","geometry":{"type":"Point","coordinates":[19.8979411626648,50.0001261513525]},"properties":{"nazwa":"Miejsce ochronne","rodzajZrodla":"Obiekt ochrony ludności","adres":"ul. Soroki 3, Kraków","dostepnosc":"Na żądanie"}},{"type":"Feature","id":"OZO-08A75E663160","geometry":{"type":"Point","coordinates":[19.849300235509876,50.08422055290784]},"properties":{"nazwa":"Miejsce ochronne","rodzajZrodla":"Obiekt ochrony ludności","adres":"ul. mjr.Łupaszki 7, Kraków","dostepnosc":"Całodobowa"}},{"type":"Feature","id":"OZO-853DEFF1113E","geometry":{"type":"Point","coordinates":[20.0209623563802,50.0725791237531]},"properties":{"nazwa":"Miejsce ochronne","rodzajZrodla":"Obiekt ochrony ludności","adres":"Aleja Jana Pawła II 192, Kraków","dostepnosc":"Na żądanie"}},{"type":"Feature","id":"OZO-B860364E7F17","geometry":{"type":"Point","coordinates":[19.8504515591674,50.0843894476756]},"properties":{"nazwa":"Miejsce ochronne","rodzajZrodla":"Obiekt ochrony ludności","adres":"ul. mjr.Łupaszki 9, Kraków","dostepnosc":"Całodobowa"}},{"type":"Feature","id":"OZO-246B45B19AC8","geometry":{"type":"Point","coordinates":[19.9839494004771,50.0159547617733]},"properties":{"nazwa":"Miejsce ochronne","rodzajZrodla":"Obiekt ochrony ludności","adres":"ul. Okólna 22, Kraków","dostepnosc":"Na żądanie"}},{"type":"Feature","id":"OZO-E919B7DE5D16","geometry":{"type":"Point","coordinates":[19.9010151624219,50.0862587290286]},"properties":{"nazwa":"Miejsce ochronne","rodzajZrodla":"Obiekt ochrony ludności","adres":"ul. Eliasza Radzikowskiego 100K, Kraków","dostepnosc":"Na żądanie"}},{"type":"Feature","id":"OZO-E3297329DA48","geometry":{"type":"Point","coordinates":[19.900015443563465,50.07290663394783]},"properties":{"nazwa":"Miejsce ochronne","rodzajZrodla":"Obiekt ochrony ludności","adres":"ul. Zarzecze 3, Kraków","dostepnosc":"Całodobowa"}},{"type":"Feature","id":"OZO-C2CE24A24CB6","geometry":{"type":"Point","coordinates":[19.8922201240716,50.0019817016771]},"properties":{"nazwa":"Miejsce ochronne","rodzajZrodla":"Obiekt ochrony ludności","adres":"ul. prof. Bronisława Geremka 27, Kraków","dostepnosc":"Na żądanie"}},{"type":"Feature","id":"OZO-CE167D82AEE7","geometry":{"type":"Point","coordinates":[19.9609549902198,50.079929889217]},"properties":{"nazwa":"Miejsce ochronne","rodzajZrodla":"Obiekt ochrony ludności","adres":"ul. Brogi 13, Kraków","dostepnosc":"Na żądanie"}},{"type":"Feature","id":"OZO-7932DD7225B1","geometry":{"type":"Point","coordinates":[19.9425935995647,50.0241227650737]},"properties":{"nazwa":"Miejsce ochronne","rodzajZrodla":"Obiekt ochrony ludności","adres":"ul. Aleksandra Fredry 12, Kraków","dostepnosc":"Na żądanie"}},{"type":"Feature","id":"OZO-516191757A2D","geometry":{"type":"Point","coordinates":[19.9361823592038,50.0775034958858]},"properties":{"nazwa":"Miejsce ochronne","rodzajZrodla":"Obiekt ochrony ludności","adres":"ul. Prądnicka 20A, Kraków","dostepnosc":"Na żądanie"}},{"type":"Feature","id":"OZO-7A22AB1FC757","geometry":{"type":"Point","coordinates":[19.9368061,50.0896179]},"properties":{"nazwa":"Miejsce ochronne","rodzajZrodla":"Obiekt ochrony ludności","adres":"ul. gen. Augusta Fieldorfa-Nila 8, Kraków","dostepnosc":"Na żądanie"}},{"type":"Feature","id":"OZO-F781E96CC371","geometry":{"type":"Point","coordinates":[19.9008415732071,50.0586306769674]},"properties":{"nazwa":"Miejsce ochronne","rodzajZrodla":"Obiekt ochrony ludności","adres":"ul. Leszczynowa 11, Kraków","dostepnosc":"Całodobowa"}},{"type":"Feature","id":"OZO-48078592F0D1","geometry":{"type":"Point","coordinates":[19.8939144667915,50.0763701080316]},"properties":{"nazwa":"Miejsce ochronne","rodzajZrodla":"Obiekt ochrony ludności","adres":"ul. Jerzego Szablowskiego 1, Kraków","dostepnosc":"Całodobowa"}},{"type":"Feature","id":"OZO-10EBDCFB4833","geometry":{"type":"Point","coordinates":[19.9307000999997,50.0205009999992]},"properties":{"nazwa":"Miejsce ochronne","rodzajZrodla":"Obiekt ochrony ludności","adres":"ul. Zakopiańska 73B, Kraków","dostepnosc":"Na żądanie"}},{"type":"Feature","id":"OZO-97FDC185A143","geometry":{"type":"Point","coordinates":[19.9485631410736,50.0624068854118]},"properties":{"nazwa":"Miejsce ochronne","rodzajZrodla":"Obiekt ochrony ludności","adres":"ul. Mikołaja Kopernika 26, Kraków","dostepnosc":"Na żądanie"}},{"type":"Feature","id":"OZO-6C27AEA1D8AD","geometry":{"type":"Point","coordinates":[19.9287911570727,50.0781891886757]},"properties":{"nazwa":"Miejsce ochronne","rodzajZrodla":"Obiekt ochrony ludności","adres":"ul. Władysława Łokietka 14, Kraków","dostepnosc":"Na żądanie"}},{"type":"Feature","id":"OZO-4126F2013722","geometry":{"type":"Point","coordinates":[19.925085006268,50.0293839948918]},"properties":{"nazwa":"Miejsce ochronne","rodzajZrodla":"Obiekt ochrony ludności","adres":"ul. Wacława Lipińskiego 3a, Kraków","dostepnosc":"Całodobowa"}},{"type":"Feature","id":"OZO-1F9D88DC3BE8","geometry":{"type":"Point","coordinates":[19.9078867179002,50.0146225293378]},"properties":{"nazwa":"Miejsce ochronne","rodzajZrodla":"Obiekt ochrony ludności","adres":"ul. Obozowa 44a, Kraków","dostepnosc":"Całodobowa"}},{"type":"Feature","id":"OZO-FB374D3CD751","geometry":{"type":"Point","coordinates":[19.93606645,50.09694152]},"properties":{"nazwa":"Miejsce ochronne","rodzajZrodla":"Obiekt ochrony ludności","adres":"ul. Białoprądnicka 24d, Kraków","dostepnosc":"Na żądanie"}},{"type":"Feature","id":"OZO-063EE56D0AB8","geometry":{"type":"Point","coordinates":[19.9378089643511,50.0944192123421]},"properties":{"nazwa":"Miejsce ochronne","rodzajZrodla":"Obiekt ochrony ludności","adres":"ul. Białoprądnicka 10, Kraków","dostepnosc":"Na żądanie"}},{"type":"Feature","id":"OZO-48ED4178E324","geometry":{"type":"Point","coordinates":[19.8913833,50.0636932]},"properties":{"nazwa":"Miejsce ochronne","rodzajZrodla":"Obiekt ochrony ludności","adres":"ul. Piotra Borowego 20, Kraków","dostepnosc":"Całodobowa"}},{"type":"Feature","id":"OZO-878C66BDDE0F","geometry":{"type":"Point","coordinates":[19.9611313454626,50.09172624447]},"properties":{"nazwa":"Miejsce ochronne","rodzajZrodla":"Obiekt ochrony ludności","adres":"ul. Na Barciach 4, Kraków","dostepnosc":"Na żądanie"}},{"type":"Feature","id":"OZO-D1DCA23B4487","geometry":{"type":"Point","coordinates":[19.9306205473517,50.0739891734319]},"properties":{"nazwa":"Miejsce ochronne","rodzajZrodla":"Obiekt ochrony ludności","adres":"ul. Lubelska 10, Kraków","dostepnosc":"Na żądanie"}},{"type":"Feature","id":"OZO-514557F1856F","geometry":{"type":"Point","coordinates":[19.9263304757003,50.0558174738926]},"properties":{"nazwa":"Miejsce ochronne","rodzajZrodla":"Obiekt ochrony ludności","adres":"ul. Kazimierza Morawskiego 10, Kraków","dostepnosc":"Całodobowa"}},{"type":"Feature","id":"OZO-35C554020649","geometry":{"type":"Point","coordinates":[19.9043669178637,50.0792168826234]},"properties":{"nazwa":"Miejsce ochronne","rodzajZrodla":"Obiekt ochrony ludności","adres":"ul. Lucjana Rydla 37, Kraków","dostepnosc":"Całodobowa"}},{"type":"Feature","id":"OZO-B788B6B28484","geometry":{"type":"Point","coordinates":[19.9606997023614,50.0082642569997]},"properties":{"nazwa":"Miejsce ochronne","rodzajZrodla":"Obiekt ochrony ludności","adres":"ul. Marii i Bolesława Wysłouchów 53, Kraków","dostepnosc":"Całodobowa"}},{"type":"Feature","id":"OZO-502622CFD0F6","geometry":{"type":"Point","coordinates":[19.926087856292728,50.08029119221481]},"properties":{"nazwa":"Miejsce ochronne","rodzajZrodla":"Obiekt ochrony ludności","adres":"ul. Poznańska 10, Kraków","dostepnosc":"Całodobowa"}},{"type":"Feature","id":"OZO-13CAFCD61B9B","geometry":{"type":"Point","coordinates":[19.8981457855078,50.0848624296881]},"properties":{"nazwa":"Miejsce ochronne","rodzajZrodla":"Obiekt ochrony ludności","adres":"ul. Eliasza Radzikowskiego 59, Kraków","dostepnosc":"Na żądanie"}},{"type":"Feature","id":"OZO-4ED253362F3C","geometry":{"type":"Point","coordinates":[19.9252108670423,50.0546442438171]},"properties":{"nazwa":"Miejsce ochronne","rodzajZrodla":"Obiekt ochrony ludności","adres":"ul. Włóczków 2, Kraków","dostepnosc":"Całodobowa"}},{"type":"Feature","id":"OZO-CBAF3308FFA2","geometry":{"type":"Point","coordinates":[19.8916089074275,50.0721883243355]},"properties":{"nazwa":"Miejsce ochronne","rodzajZrodla":"Obiekt ochrony ludności","adres":"ul. Armii Krajowej 28, Kraków","dostepnosc":"Całodobowa"}},{"type":"Feature","id":"OZO-E780D1562857","geometry":{"type":"Point","coordinates":[19.9010043608733,49.997584383878]},"properties":{"nazwa":"Miejsce ochronne","rodzajZrodla":"Obiekt ochrony ludności","adres":"ul. Mieczykowa 26, Kraków","dostepnosc":"Całodobowa"}},{"type":"Feature","id":"OZO-8449ECAECFB4","geometry":{"type":"Point","coordinates":[19.8979345981245,49.9961182331507]},"properties":{"nazwa":"Miejsce ochronne","rodzajZrodla":"Obiekt ochrony ludności","adres":"ul. Anny Szwed-Śniadowskiej 45, Kraków","dostepnosc":"Całodobowa"}},{"type":"Feature","id":"OZO-8D4F3F68B002","geometry":{"type":"Point","coordinates":[19.9193849683141,50.023876995933]},"properties":{"nazwa":"Miejsce ochronne","rodzajZrodla":"Obiekt ochrony ludności","adres":"ul. Krokusowa 6, Kraków","dostepnosc":"Całodobowa"}},{"type":"Feature","id":"OZO-7FDA90B5F252","geometry":{"type":"Point","coordinates":[19.9835352058067,50.0951416927564]},"properties":{"nazwa":"Miejsce ochronne","rodzajZrodla":"Obiekt ochrony ludności","adres":"ul. Reduta 26E, Kraków","dostepnosc":"Na żądanie"}},{"type":"Feature","id":"OZO-B08301B16827","geometry":{"type":"Point","coordinates":[19.9053360264646,50.0684368595735]},"properties":{"nazwa":"Miejsce ochronne","rodzajZrodla":"Obiekt ochrony ludności","adres":"ul. Józefa Rostafińskiego 6, Kraków","dostepnosc":"Całodobowa"}},{"type":"Feature","id":"OZO-6F3382B40ADA","geometry":{"type":"Point","coordinates":[19.9541918529729,50.0710811956276]},"properties":{"nazwa":"Miejsce ochronne","rodzajZrodla":"Obiekt ochrony ludności","adres":"ul. Rakowicka 22, Kraków","dostepnosc":"Całodobowa"}},{"type":"Feature","id":"OZO-391400F6843A","geometry":{"type":"Point","coordinates":[19.886122806557825,50.09496948626716]},"properties":{"nazwa":"Miejsce ochronne","rodzajZrodla":"Obiekt ochrony ludności","adres":"ul. Sosnowiecka 19b, Kraków","dostepnosc":"Na żądanie"}},{"type":"Feature","id":"OZO-ED4B3B7CD69F","geometry":{"type":"Point","coordinates":[19.92952250199,50.0457261354903]},"properties":{"nazwa":"Miejsce ochronne","rodzajZrodla":"Obiekt ochrony ludności","adres":"ul. Dworska 1, Kraków","dostepnosc":"Całodobowa"}},{"type":"Feature","id":"OZO-4E4CAC723C58","geometry":{"type":"Point","coordinates":[19.9817873864434,50.0611005439899]},"properties":{"nazwa":"Miejsce ochronne","rodzajZrodla":"Obiekt ochrony ludności","adres":"ul. Półkole 7, Kraków","dostepnosc":"Całodobowa"}},{"type":"Feature","id":"OZO-248BB7EF6C0D","geometry":{"type":"Point","coordinates":[19.9462540999997,50.0834575999992]},"properties":{"nazwa":"Miejsce ochronne","rodzajZrodla":"Obiekt ochrony ludności","adres":"ul. Feliksa Konecznego 2, Kraków","dostepnosc":"Na żądanie"}},{"type":"Feature","id":"OZO-C7435A068170","geometry":{"type":"Point","coordinates":[19.92973163723946,50.07659216987994]},"properties":{"nazwa":"Miejsce ochronne","rodzajZrodla":"Obiekt ochrony ludności","adres":"ul. Władysława Łokietka 8C, Kraków","dostepnosc":"Na żądanie"}},{"type":"Feature","id":"OZO-530FF21F1F30","geometry":{"type":"Point","coordinates":[19.9286169607244,50.013162647296]},"properties":{"nazwa":"Miejsce ochronne","rodzajZrodla":"Obiekt ochrony ludności","adres":"ul. Zakopiańska 62, Kraków","dostepnosc":"Na żądanie"}},{"type":"Feature","id":"OZO-9DA5B5E2945E","geometry":{"type":"Point","coordinates":[19.9617737853295,50.0906663118515]},"properties":{"nazwa":"Miejsce ochronne","rodzajZrodla":"Obiekt ochrony ludności","adres":"ul. mjr. Ryszarda Nuszkiewicza 6, Kraków","dostepnosc":"Na żądanie"}},{"type":"Feature","id":"OZO-01381E4D74A3","geometry":{"type":"Point","coordinates":[19.9253903999997,50.0560252999991]},"properties":{"nazwa":"Miejsce ochronne","rodzajZrodla":"Obiekt ochrony ludności","adres":"ul. Władysława Syrokomli 10, Kraków","dostepnosc":"Na żądanie"}},{"type":"Feature","id":"OZO-8AB6A374BCD6","geometry":{"type":"Point","coordinates":[19.934556856721,50.089099942748]},"properties":{"nazwa":"Miejsce ochronne","rodzajZrodla":"Obiekt ochrony ludności","adres":"ul. gen. Augusta Fieldorfa-Nila 12, Kraków","dostepnosc":"Na żądanie"}},{"type":"Feature","id":"OZO-A527B06B4721","geometry":{"type":"Point","coordinates":[19.9685381818416,50.0198450125846]},"properties":{"nazwa":"Miejsce ochronne","rodzajZrodla":"Obiekt ochrony ludności","adres":"ul. Czarnogórska 10C, Kraków","dostepnosc":"Całodobowa"}},{"type":"Feature","id":"OZO-9F2613DEC159","geometry":{"type":"Point","coordinates":[19.900058358907703,50.076838321225594]},"properties":{"nazwa":"Miejsce ochronne","rodzajZrodla":"Obiekt ochrony ludności","adres":"ul. Lucjana Rydla 18, Kraków","dostepnosc":"Całodobowa"}},{"type":"Feature","id":"OZO-4045C11302AF","geometry":{"type":"Point","coordinates":[19.90374639630318,50.0792291940692]},"properties":{"nazwa":"Miejsce ochronne","rodzajZrodla":"Obiekt ochrony ludności","adres":"ul. Lucjana Rydla 35, Kraków","dostepnosc":"Całodobowa"}},{"type":"Feature","id":"OZO-AFC14375B237","geometry":{"type":"Point","coordinates":[19.9652585107671,50.0374611327599]},"properties":{"nazwa":"Miejsce ochronne","rodzajZrodla":"Obiekt ochrony ludności","adres":"ul. Wielicka 57A, Kraków","dostepnosc":"Całodobowa"}},{"type":"Feature","id":"OZO-73420B96BA18","geometry":{"type":"Point","coordinates":[19.9722780194004,50.0102421664754]},"properties":{"nazwa":"Miejsce ochronne","rodzajZrodla":"Obiekt ochrony ludności","adres":"ul. Adama Bochenka 7, Kraków","dostepnosc":"Całodobowa"}},{"type":"Feature","id":"OZO-C53BE999BC87","geometry":{"type":"Point","coordinates":[19.9422909226,50.024469350476]},"properties":{"nazwa":"Miejsce ochronne","rodzajZrodla":"Obiekt ochrony ludności","adres":"ul. Aleksandra Fredry 8, Kraków","dostepnosc":"Określone godziny"}},{"type":"Feature","id":"OZO-4FF53AF9FF80","geometry":{"type":"Point","coordinates":[19.88892048597336,50.08190221742092]},"properties":{"nazwa":"Miejsce ochronne","rodzajZrodla":"Obiekt ochrony ludności","adres":"ul. Bronowicka 136, Kraków","dostepnosc":"Całodobowa"}},{"type":"Feature","id":"OZO-5A0E48BAE13D","geometry":{"type":"Point","coordinates":[20.00042270872,50.081056178944]},"properties":{"nazwa":"Miejsce ochronne","rodzajZrodla":"Obiekt ochrony ludności","adres":"ul. Bolesława Orlińskiego 4, Kraków","dostepnosc":"Na żądanie"}},{"type":"Feature","id":"OZO-F9003F5D7FDD","geometry":{"type":"Point","coordinates":[19.9017828346025,49.9985746796808]},"properties":{"nazwa":"Miejsce ochronne","rodzajZrodla":"Obiekt ochrony ludności","adres":"ul. Mieczykowa 8, Kraków","dostepnosc":"Całodobowa"}},{"type":"Feature","id":"OZO-02411C0B2D70","geometry":{"type":"Point","coordinates":[20.0492574181635,50.0823970816549]},"properties":{"nazwa":"Miejsce ochronne","rodzajZrodla":"Obiekt ochrony ludności","adres":"ul. Bulwarowa 35d, Kraków","dostepnosc":"Całodobowa"}},{"type":"Feature","id":"OZO-459C89F07ACF","geometry":{"type":"Point","coordinates":[19.9226779774932,50.056048711849]},"properties":{"nazwa":"Miejsce ochronne","rodzajZrodla":"Obiekt ochrony ludności","adres":"ul. rtm. Zbigniewa Dunin-Wąsowicza 26, Kraków","dostepnosc":"Na żądanie"}},{"type":"Feature","id":"OZO-9F8C3BCFBD4D","geometry":{"type":"Point","coordinates":[19.887533783912662,50.10215245366691]},"properties":{"nazwa":"Miejsce ochronne","rodzajZrodla":"Obiekt ochrony ludności","adres":"ul. Jasnogórska 105, Kraków","dostepnosc":"Na żądanie"}},{"type":"Feature","id":"OZO-86950CDC2C1B","geometry":{"type":"Point","coordinates":[19.9598429783892,50.00856694663]},"properties":{"nazwa":"Miejsce ochronne","rodzajZrodla":"Obiekt ochrony ludności","adres":"ul. Marii i Bolesława Wysłouchów 49a, Kraków","dostepnosc":"Całodobowa"}},{"type":"Feature","id":"OZO-67B416C97E42","geometry":{"type":"Point","coordinates":[20.0617584615161,50.0994793295956]},"properties":{"nazwa":"Miejsce ochronne","rodzajZrodla":"Obiekt ochrony ludności","adres":"ul. Niebyła 13, Kraków","dostepnosc":"Całodobowa"}},{"type":"Feature","id":"OZO-F1A0BB906442","geometry":{"type":"Point","coordinates":[19.9839778943563,50.0682788328291]},"properties":{"nazwa":"Miejsce ochronne","rodzajZrodla":"Obiekt ochrony ludności","adres":"ul. Dąbska 18D, Kraków","dostepnosc":"Na żądanie"}},{"type":"Feature","id":"OZO-6112BC040036","geometry":{"type":"Point","coordinates":[20.00486567616463,50.080148331597115]},"properties":{"nazwa":"Miejsce ochronne","rodzajZrodla":"Obiekt ochrony ludności","adres":"os. Osiedle Avia 4, Kraków","dostepnosc":"Całodobowa"}},{"type":"Feature","id":"OZO-32AC81639558","geometry":{"type":"Point","coordinates":[20.0019658313806,50.0166761495255]},"properties":{"nazwa":"Miejsce ochronne","rodzajZrodla":"Obiekt ochrony ludności","adres":"ul. Konrada Wallenroda 18A, Kraków","dostepnosc":"Całodobowa"}},{"type":"Feature","id":"OZO-84FD8F6ABC9C","geometry":{"type":"Point","coordinates":[19.92279946804047,50.07894174482062]},"properties":{"nazwa":"Miejsce ochronne","rodzajZrodla":"Obiekt ochrony ludności","adres":"ul. Wrocławska 67, Kraków","dostepnosc":"Całodobowa"}},{"type":"Feature","id":"OZO-26FDE755C1BC","geometry":{"type":"Point","coordinates":[19.9208546590546,50.0249974659421]},"properties":{"nazwa":"Miejsce ochronne","rodzajZrodla":"Obiekt ochrony ludności","adres":"ul. Ruczaj 30A, Kraków","dostepnosc":"Na żądanie"}},{"type":"Feature","id":"OZO-B9643FBE9B76","geometry":{"type":"Point","coordinates":[19.89173144102097,50.07672299173148]},"properties":{"nazwa":"Miejsce ochronne","rodzajZrodla":"Obiekt ochrony ludności","adres":"ul. Jerzego Szablowskiego 3, Kraków","dostepnosc":"Całodobowa"}},{"type":"Feature","id":"OZO-825D0101B13B","geometry":{"type":"Point","coordinates":[20.0192416552544,50.0737101398752]},"properties":{"nazwa":"Miejsce ochronne","rodzajZrodla":"Obiekt ochrony ludności","adres":"Osiedle Kolorowe 25A, Kraków","dostepnosc":"Całodobowa"}},{"type":"Feature","id":"OZO-CEB0ADA67E65","geometry":{"type":"Point","coordinates":[19.914485122203818,50.03139485843393]},"properties":{"nazwa":"Miejsce ochronne","rodzajZrodla":"Obiekt ochrony ludności","adres":"ul. Norymberska 10c, Kraków","dostepnosc":"Całodobowa"}},{"type":"Feature","id":"OZO-95222C230E0C","geometry":{"type":"Point","coordinates":[19.8934885890447,49.9977133846003]},"properties":{"nazwa":"Miejsce ochronne","rodzajZrodla":"Obiekt ochrony ludności","adres":"ul. bpa Albina Małysiaka 24D, Kraków","dostepnosc":"Całodobowa"}},{"type":"Feature","id":"OZO-DE71DC617280","geometry":{"type":"Point","coordinates":[19.9542010999997,50.1018784999991]},"properties":{"nazwa":"Miejsce ochronne","rodzajZrodla":"Obiekt ochrony ludności","adres":"ul. Stefana Banacha 55A, Kraków","dostepnosc":"Na żądanie"}},{"type":"Feature","id":"OZO-7DCCFDA73ABA","geometry":{"type":"Point","coordinates":[19.9829792401095,50.0689125961653]},"properties":{"nazwa":"Miejsce ochronne","rodzajZrodla":"Obiekt ochrony ludności","adres":"ul. Dąbska 18I, Kraków","dostepnosc":"Na żądanie"}},{"type":"Feature","id":"OZO-EC9DC0EC2A04","geometry":{"type":"Point","coordinates":[19.9188792041863,50.0256889080648]},"properties":{"nazwa":"Miejsce ochronne","rodzajZrodla":"Obiekt ochrony ludności","adres":"ul. Ruczaj 42, Kraków","dostepnosc":"Całodobowa"}},{"type":"Feature","id":"OZO-C6EE6EA7704B","geometry":{"type":"Point","coordinates":[19.9509917571912,50.0672590080962]},"properties":{"nazwa":"Miejsce ochronne","rodzajZrodla":"Obiekt ochrony ludności","adres":"ul. Topolowa 8, Kraków","dostepnosc":"Całodobowa"}},{"type":"Feature","id":"OZO-BE8A563EB66F","geometry":{"type":"Point","coordinates":[19.9490268853509,50.0536590138712]},"properties":{"nazwa":"Miejsce ochronne","rodzajZrodla":"Obiekt ochrony ludności","adres":"ul. Miodowa 51, Kraków","dostepnosc":"Na żądanie"}},{"type":"Feature","id":"OZO-40A4F3D4496A","geometry":{"type":"Point","coordinates":[19.9297629978842,50.0473996896218]},"properties":{"nazwa":"Miejsce ochronne","rodzajZrodla":"Obiekt ochrony ludności","adres":"ul. Monte Cassino 2, Kraków","dostepnosc":"Całodobowa"}},{"type":"Feature","id":"OZO-B1FF6A4E3D09","geometry":{"type":"Point","coordinates":[19.9213523684416,50.0674268389894]},"properties":{"nazwa":"Miejsce ochronne","rodzajZrodla":"Obiekt ochrony ludności","adres":"ul. Mieczysława Karłowicza 12, Kraków","dostepnosc":"Całodobowa"}},{"type":"Feature","id":"OZO-9C43541E80AA","geometry":{"type":"Point","coordinates":[19.904191642999653,50.02190667029861]},"properties":{"nazwa":"Miejsce ochronne","rodzajZrodla":"Obiekt ochrony ludności","adres":"ul. Przemiarki 14, Kraków","dostepnosc":"Całodobowa"}},{"type":"Feature","id":"OZO-2D867D74A091","geometry":{"type":"Point","coordinates":[19.9607798690347,50.008477989968]},"properties":{"nazwa":"Miejsce ochronne","rodzajZrodla":"Obiekt ochrony ludności","adres":"ul. Marii i Bolesława Wysłouchów 53a, Kraków","dostepnosc":"Całodobowa"}},{"type":"Feature","id":"OZO-CBF48178C938","geometry":{"type":"Point","coordinates":[19.95344387735366,50.1020525590443]},"properties":{"nazwa":"Miejsce ochronne","rodzajZrodla":"Obiekt ochrony ludności","adres":"ul. Stefana Banacha 57, Kraków","dostepnosc":"Na żądanie"}},{"type":"Feature","id":"OZO-2568BDD08382","geometry":{"type":"Point","coordinates":[19.9298955965461,50.0645056786316]},"properties":{"nazwa":"Miejsce ochronne","rodzajZrodla":"Obiekt ochrony ludności","adres":"ul. Rajska 12, Kraków","dostepnosc":"Określone godziny"}},{"type":"Feature","id":"OZO-42D006D5D19D","geometry":{"type":"Point","coordinates":[19.9745344630741,50.0436028742774]},"properties":{"nazwa":"Miejsce ochronne","rodzajZrodla":"Obiekt ochrony ludności","adres":"ul. płk. Ryszarda Kuklińskiego 7, Kraków","dostepnosc":"Całodobowa"}},{"type":"Feature","id":"OZO-41A5EFC3D794","geometry":{"type":"Point","coordinates":[19.890000503459,50.0951136230003]},"properties":{"nazwa":"Miejsce ochronne","rodzajZrodla":"Obiekt ochrony ludności","adres":"ul. Stawowa 125, Kraków","dostepnosc":"Na żądanie"}},{"type":"Feature","id":"OZO-515AC58C82CC","geometry":{"type":"Point","coordinates":[19.95462387800217,50.101557183028795]},"properties":{"nazwa":"Miejsce ochronne","rodzajZrodla":"Obiekt ochrony ludności","adres":"ul. Stefana Banacha 53, Kraków","dostepnosc":"Na żądanie"}},{"type":"Feature","id":"OZO-0447E20FF345","geometry":{"type":"Point","coordinates":[19.888797104358677,50.093356835337346]},"properties":{"nazwa":"Miejsce ochronne","rodzajZrodla":"Obiekt ochrony ludności","adres":"ul. Sosnowiecka 28, Kraków","dostepnosc":"Na żądanie"}},{"type":"Feature","id":"OZO-E98526C6A21A","geometry":{"type":"Point","coordinates":[19.9643808416856,50.0668171979798]},"properties":{"nazwa":"Miejsce ochronne","rodzajZrodla":"Obiekt ochrony ludności","adres":"ul. Mogilska 50, Kraków","dostepnosc":"Całodobowa"}},{"type":"Feature","id":"OZO-8918433D38F5","geometry":{"type":"Point","coordinates":[19.90985915064812,50.06828425131048]},"properties":{"nazwa":"Miejsce ochronne","rodzajZrodla":"Obiekt ochrony ludności","adres":"ul. Kawiory 37, Kraków","dostepnosc":"Całodobowa"}},{"type":"Feature","id":"OZO-D47A70881E47","geometry":{"type":"Point","coordinates":[20.0483132619281,50.0817643361613]},"properties":{"nazwa":"Miejsce ochronne","rodzajZrodla":"Obiekt ochrony ludności","adres":"ul. Bulwarowa 35A, Kraków","dostepnosc":"Całodobowa"}},{"type":"Feature","id":"OZO-649406F3DB41","geometry":{"type":"Point","coordinates":[19.9798115,50.0784632]},"properties":{"nazwa":"Miejsce ochronne","rodzajZrodla":"Obiekt ochrony ludności","adres":"ul. Fiołkowa 8, Kraków","dostepnosc":"Na żądanie"}},{"type":"Feature","id":"OZO-935382BF81C6","geometry":{"type":"Point","coordinates":[20.0108969677291,50.0200309651066]},"properties":{"nazwa":"Miejsce ochronne","rodzajZrodla":"Obiekt ochrony ludności","adres":"ul. Telimeny 38, Kraków","dostepnosc":"Całodobowa"}},{"type":"Feature","id":"OZO-C0F5D5259816","geometry":{"type":"Point","coordinates":[19.90562004989146,50.01872928078161]},"properties":{"nazwa":"Miejsce ochronne","rodzajZrodla":"Obiekt ochrony ludności","adres":"ul. Szuwarowa 1, Kraków","dostepnosc":"Całodobowa"}},{"type":"Feature","id":"OZO-E32F2869B426","geometry":{"type":"Point","coordinates":[19.9916266889088,50.0795099458853]},"properties":{"nazwa":"Miejsce ochronne","rodzajZrodla":"Obiekt ochrony ludności","adres":"ul. prof. Michała Życzkowskiego 23, Kraków","dostepnosc":"Określone godziny"}},{"type":"Feature","id":"OZO-A95936953D5A","geometry":{"type":"Point","coordinates":[19.88974526524544,50.06337904600311]},"properties":{"nazwa":"Miejsce ochronne","rodzajZrodla":"Obiekt ochrony ludności","adres":"ul. Piotra Borowego 12C, Kraków","dostepnosc":"Całodobowa"}},{"type":"Feature","id":"OZO-23003EE51BE9","geometry":{"type":"Point","coordinates":[19.9548327643214,50.0144504616104]},"properties":{"nazwa":"Miejsce ochronne","rodzajZrodla":"Obiekt ochrony ludności","adres":"ul. Gołaśka 15, Kraków","dostepnosc":"Całodobowa"}},{"type":"Feature","id":"OZO-12621CF78AE0","geometry":{"type":"Point","coordinates":[20.0439156796642,50.0688673883195]},"properties":{"nazwa":"Miejsce ochronne","rodzajZrodla":"Obiekt ochrony ludności","adres":"Osiedle Na Skarpie 16, Kraków","dostepnosc":"Całodobowa"}},{"type":"Feature","id":"OZO-4383B571E1F3","geometry":{"type":"Point","coordinates":[19.9856293015115,50.0745534431536]},"properties":{"nazwa":"Miejsce ochronne","rodzajZrodla":"Obiekt ochrony ludności","adres":"ul. Ułanów 24, Kraków","dostepnosc":"Na żądanie"}},{"type":"Feature","id":"OZO-0FE4E0F36679","geometry":{"type":"Point","coordinates":[20.0198939385504,50.0742588217189]},"properties":{"nazwa":"Miejsce ochronne","rodzajZrodla":"Obiekt ochrony ludności","adres":"Osiedle Kolorowe 33, Kraków","dostepnosc":"Na żądanie"}},{"type":"Feature","id":"OZO-19B2D5EBFFCA","geometry":{"type":"Point","coordinates":[19.9684219325251,50.0202537596987]},"properties":{"nazwa":"Miejsce ochronne","rodzajZrodla":"Obiekt ochrony ludności","adres":"ul. Czarnogórska 10B, Kraków","dostepnosc":"Całodobowa"}},{"type":"Feature","id":"OZO-50EEEC6D2015","geometry":{"type":"Point","coordinates":[19.993031115960452,50.0942202928619]},"properties":{"nazwa":"Miejsce ochronne","rodzajZrodla":"Obiekt ochrony ludności","adres":"Osiedle Oświecenia 54, Kraków","dostepnosc":"Na żądanie"}},{"type":"Feature","id":"OZO-FFF6972261E8","geometry":{"type":"Point","coordinates":[19.8902033455159,50.0133438827532]},"properties":{"nazwa":"Miejsce ochronne","rodzajZrodla":"Obiekt ochrony ludności","adres":"ul. dr. Jana Piltza 37, Kraków","dostepnosc":"Całodobowa"}},{"type":"Feature","id":"OZO-135CDFC8B999","geometry":{"type":"Point","coordinates":[19.914400130510334,50.04522077375814]},"properties":{"nazwa":"Miejsce ochronne","rodzajZrodla":"Obiekt ochrony ludności","adres":"ul. Generała Bohdana Zielińskiego 22, Kraków","dostepnosc":"Określone godziny"}},{"type":"Feature","id":"OZO-69C2AD306E03","geometry":{"type":"Point","coordinates":[19.86762642860413,50.06403333193361]},"properties":{"nazwa":"Miejsce ochronne","rodzajZrodla":"Obiekt ochrony ludności","adres":"Aleja Modrzewiowa 20B, Kraków","dostepnosc":"Całodobowa"}},{"type":"Feature","id":"OZO-53B32CB66C54","geometry":{"type":"Point","coordinates":[20.0137789263999,50.0089333318321]},"properties":{"nazwa":"Miejsce ochronne","rodzajZrodla":"Obiekt ochrony ludności","adres":"ul. Podłęska 17A, Kraków","dostepnosc":"Całodobowa"}},{"type":"Feature","id":"OZO-B49F8F49F534","geometry":{"type":"Point","coordinates":[19.93839927032601,50.082941093433874]},"properties":{"nazwa":"Miejsce ochronne","rodzajZrodla":"Obiekt ochrony ludności","adres":"ul. Prądnicka 35, Kraków","dostepnosc":"Całodobowa"}},{"type":"Feature","id":"OZO-AE35592AFA4F","geometry":{"type":"Point","coordinates":[19.9773994999997,50.0121633999991]},"properties":{"nazwa":"Miejsce ochronne","rodzajZrodla":"Obiekt ochrony ludności","adres":"ul. Adama Bochenka 16a, Kraków","dostepnosc":"Całodobowa"}},{"type":"Feature","id":"OZO-C82811FA01F1","geometry":{"type":"Point","coordinates":[19.9631383477927,50.0196285789734]},"properties":{"nazwa":"Miejsce ochronne","rodzajZrodla":"Obiekt ochrony ludności","adres":"ul. Białoruska 61, Kraków","dostepnosc":"Całodobowa"}},{"type":"Feature","id":"OZO-E15B4C77687F","geometry":{"type":"Point","coordinates":[19.956296831349,50.0658867297655]},"properties":{"nazwa":"Miejsce ochronne","rodzajZrodla":"Obiekt ochrony ludności","adres":"ul. Lubicz 48, Kraków","dostepnosc":"Określone godziny"}},{"type":"Feature","id":"OZO-77C777021D3A","geometry":{"type":"Point","coordinates":[19.9895196801045,50.0751533490097]},"properties":{"nazwa":"Miejsce ochronne","rodzajZrodla":"Obiekt ochrony ludności","adres":"ul. Mariana Markowskiego 4, Kraków","dostepnosc":"Na żądanie"}},{"type":"Feature","id":"OZO-345D3BD28EB7","geometry":{"type":"Point","coordinates":[19.894775748252872,50.06849601265489]},"properties":{"nazwa":"Miejsce ochronne","rodzajZrodla":"Obiekt ochrony ludności","adres":"ul. Stanisława Przybyszewskiego 68, Kraków","dostepnosc":"Całodobowa"}},{"type":"Feature","id":"OZO-6096D8557647","geometry":{"type":"Point","coordinates":[19.9471171999997,50.0512009999991]},"properties":{"nazwa":"Miejsce ochronne","rodzajZrodla":"Obiekt ochrony ludności","adres":"ul. Józefa 36, Kraków","dostepnosc":"Całodobowa"}},{"type":"Feature","id":"OZO-CC8E7D87ED63","geometry":{"type":"Point","coordinates":[19.9554613232405,50.0991483778223]},"properties":{"nazwa":"Miejsce ochronne","rodzajZrodla":"Obiekt ochrony ludności","adres":"ul. Macieja Słomczyńskiego 12, Kraków","dostepnosc":"Na żądanie"}},{"type":"Feature","id":"OZO-289ED846A31A","geometry":{"type":"Point","coordinates":[19.9287692363974,50.061561032227]},"properties":{"nazwa":"Miejsce ochronne","rodzajZrodla":"Obiekt ochrony ludności","adres":"Plac gen. Władysława Sikorskiego 4, Kraków","dostepnosc":"Całodobowa"}},{"type":"Feature","id":"OZO-5496A17C85A5","geometry":{"type":"Point","coordinates":[19.908249825239185,50.08487799661033]},"properties":{"nazwa":"Miejsce ochronne","rodzajZrodla":"Obiekt ochrony ludności","adres":"ul. Wojciecha Weissa 7, Kraków","dostepnosc":"Na żądanie"}},{"type":"Feature","id":"OZO-6AA77E1AADB8","geometry":{"type":"Point","coordinates":[19.9466450623123,50.0360230175803]},"properties":{"nazwa":"Miejsce ochronne","rodzajZrodla":"Obiekt ochrony ludności","adres":"ul. Czyżówka 5, Kraków","dostepnosc":"Całodobowa"}},{"type":"Feature","id":"OZO-B4C50BF6AF81","geometry":{"type":"Point","coordinates":[19.9795710295337,50.0802396843566]},"properties":{"nazwa":"Miejsce ochronne","rodzajZrodla":"Obiekt ochrony ludności","adres":"ul. Ułanów 64D, Kraków","dostepnosc":"Na żądanie"}},{"type":"Feature","id":"OZO-2244845953A3","geometry":{"type":"Point","coordinates":[19.9298494480979,50.07670880662]},"properties":{"nazwa":"Miejsce ochronne","rodzajZrodla":"Obiekt ochrony ludności","adres":"ul. Władysława Łokietka 8C, Kraków","dostepnosc":"Na żądanie"}},{"type":"Feature","id":"OZO-61E07AE15406","geometry":{"type":"Point","coordinates":[19.9084701603181,50.0236745123544]},"properties":{"nazwa":"Miejsce ochronne","rodzajZrodla":"Obiekt ochrony ludności","adres":"ul. Zachodnia 9, Kraków","dostepnosc":"Całodobowa"}},{"type":"Feature","id":"OZO-A53A07DCA3B6","geometry":{"type":"Point","coordinates":[19.9978457484394,50.0364536466077]},"properties":{"nazwa":"Miejsce ochronne","rodzajZrodla":"Obiekt ochrony ludności","adres":"ul. Grochowa 19, Kraków","dostepnosc":"Na żądanie"}},{"type":"Feature","id":"OZO-B363DA52AA34","geometry":{"type":"Point","coordinates":[19.9666214082235,50.0674703996943]},"properties":{"nazwa":"Miejsce ochronne","rodzajZrodla":"Obiekt ochrony ludności","adres":"ul. Bohdana Zaleskiego 35, Kraków","dostepnosc":"Całodobowa"}},{"type":"Feature","id":"OZO-D246C714A488","geometry":{"type":"Point","coordinates":[19.9637449905107,50.057404991266]},"properties":{"nazwa":"Miejsce ochronne","rodzajZrodla":"Obiekt ochrony ludności","adres":"ul. Stefana Rogozińskiego 12, Kraków","dostepnosc":"Całodobowa"}},{"type":"Feature","id":"OZO-FE756C03C9FE","geometry":{"type":"Point","coordinates":[19.9496882874284,50.0506459083644]},"properties":{"nazwa":"Miejsce ochronne","rodzajZrodla":"Obiekt ochrony ludności","adres":"ul. Dajwór 20, Kraków","dostepnosc":"Na żądanie"}},{"type":"Feature","id":"OZO-09CD535B5A32","geometry":{"type":"Point","coordinates":[19.9631830677219,50.0621136930129]},"properties":{"nazwa":"Miejsce ochronne","rodzajZrodla":"Obiekt ochrony ludności","adres":"ul. Sądowa 5, Kraków","dostepnosc":"Na żądanie"}},{"type":"Feature","id":"OZO-F19847D3AD97","geometry":{"type":"Point","coordinates":[19.9097444,50.0703683]},"properties":{"nazwa":"Miejsce ochronne","rodzajZrodla":"Obiekt ochrony ludności","adres":"ul. Bydgoska 19a, Kraków","dostepnosc":"Na żądanie"}},{"type":"Feature","id":"OZO-B73367A7E4F5","geometry":{"type":"Point","coordinates":[19.9111738,50.0701451]},"properties":{"nazwa":"Miejsce ochronne","rodzajZrodla":"Obiekt ochrony ludności","adres":"ul. Bydgoska 19c, Kraków","dostepnosc":"Całodobowa"}},{"type":"Feature","id":"OZO-FA00F1E9DB26","geometry":{"type":"Point","coordinates":[19.919382007755,50.0569174578679]},"properties":{"nazwa":"Miejsce ochronne","rodzajZrodla":"Obiekt ochrony ludności","adres":"ul. Filarecka 23, Kraków","dostepnosc":"Na żądanie"}},{"type":"Feature","id":"OZO-A94D5F167943","geometry":{"type":"Point","coordinates":[19.91065,50.0704383333333]},"properties":{"nazwa":"Miejsce ochronne","rodzajZrodla":"Obiekt ochrony ludności","adres":"ul. Bydgoska 6, Kraków","dostepnosc":"Całodobowa"}},{"type":"Feature","id":"OZO-D5D23BB8CD1B","geometry":{"type":"Point","coordinates":[19.9200639479124,50.0743815452792]},"properties":{"nazwa":"Miejsce ochronne","rodzajZrodla":"Obiekt ochrony ludności","adres":"ul. Racławicka 9a, Kraków","dostepnosc":"Całodobowa"}},{"type":"Feature","id":"OZO-FA5CD8B7F975","geometry":{"type":"Point","coordinates":[20.0074782408809,50.0635384070052]},"properties":{"nazwa":"Miejsce ochronne","rodzajZrodla":"Obiekt ochrony ludności","adres":"ul. Centralna 53, Kraków","dostepnosc":"Na żądanie"}},{"type":"Feature","id":"OZO-4C0A514E5D74","geometry":{"type":"Point","coordinates":[19.9720158051046,50.0669913605941]},"properties":{"nazwa":"Miejsce ochronne","rodzajZrodla":"Obiekt ochrony ludności","adres":"ul. Mogilska 86, Kraków","dostepnosc":"Na żądanie"}},{"type":"Feature","id":"OZO-18BA45DC44B0","geometry":{"type":"Point","coordinates":[19.9297074228198,50.0730946986345]},"properties":{"nazwa":"Miejsce ochronne","rodzajZrodla":"Obiekt ochrony ludności","adres":"ul. Gzymsików 3, Kraków","dostepnosc":"Na żądanie"}},{"type":"Feature","id":"OZO-2E1DC74BBAC7","geometry":{"type":"Point","coordinates":[19.9540982503138,50.0407757197248]},"properties":{"nazwa":"Miejsce ochronne","rodzajZrodla":"Obiekt ochrony ludności","adres":"ul. Parkowa 13, Kraków","dostepnosc":"Na żądanie"}},{"type":"Feature","id":"OZO-67E0A09E1261","geometry":{"type":"Point","coordinates":[19.9641023924258,50.0398665610297]},"properties":{"nazwa":"Miejsce ochronne","rodzajZrodla":"Obiekt ochrony ludności","adres":"ul. Wielicka 26A, Kraków","dostepnosc":"Na żądanie"}},{"type":"Feature","id":"OZO-977E4F81D6EA","geometry":{"type":"Point","coordinates":[19.9192385933917,50.0715538114642]},"properties":{"nazwa":"Miejsce ochronne","rodzajZrodla":"Obiekt ochrony ludności","adres":"ul. Urzędnicza 48, Kraków","dostepnosc":"Całodobowa"}},{"type":"Feature","id":"OZO-69CE8EF3E4E6","geometry":{"type":"Point","coordinates":[19.9138683918463,50.0721991341897]},"properties":{"nazwa":"Miejsce ochronne","rodzajZrodla":"Obiekt ochrony ludności","adres":"ul. Kronikarza Galla 24, Kraków","dostepnosc":"Całodobowa"}},{"type":"Feature","id":"OZO-336DF8D608AF","geometry":{"type":"Point","coordinates":[19.9096103850331,50.0722794747317]},"properties":{"nazwa":"Miejsce ochronne","rodzajZrodla":"Obiekt ochrony ludności","adres":"ul. Mariana Smoluchowskiego 10, Kraków","dostepnosc":"Całodobowa"}},{"type":"Feature","id":"OZO-E5C92A95A723","geometry":{"type":"Point","coordinates":[19.920028503947,50.0723358430305]},"properties":{"nazwa":"Miejsce ochronne","rodzajZrodla":"Obiekt ochrony ludności","adres":"ul. Urzędnicza 53, Kraków","dostepnosc":"Całodobowa"}},{"type":"Feature","id":"OZO-1C93B6F2E522","geometry":{"type":"Point","coordinates":[19.9157263909068,50.0703670204237]},"properties":{"nazwa":"Miejsce ochronne","rodzajZrodla":"Obiekt ochrony ludności","adres":"ul. Chocimska 21, Kraków","dostepnosc":"Całodobowa"}},{"type":"Feature","id":"OZO-85A447CD3E7B","geometry":{"type":"Point","coordinates":[19.9126209111066,50.05653414629]},"properties":{"nazwa":"Miejsce ochronne","rodzajZrodla":"Obiekt ochrony ludności","adres":"ul. Kasztelańska 36, Kraków","dostepnosc":"Na żądanie"}},{"type":"Feature","id":"OZO-1E958169C3A8","geometry":{"type":"Point","coordinates":[19.9179791372898,50.0759579450218]},"properties":{"nazwa":"Miejsce ochronne","rodzajZrodla":"Obiekt ochrony ludności","adres":"ul. Bytomska 16, Kraków","dostepnosc":"Całodobowa"}},{"type":"Feature","id":"OZO-47651D62A9E2","geometry":{"type":"Point","coordinates":[19.9622822355917,50.0659773856441]},"properties":{"nazwa":"Miejsce ochronne","rodzajZrodla":"Obiekt ochrony ludności","adres":"ul. Mogilska 15a, Kraków","dostepnosc":"Na żądanie"}},{"type":"Feature","id":"OZO-BC6DEC34662C","geometry":{"type":"Point","coordinates":[19.9395581707077,50.0638315640687]},"properties":{"nazwa":"Miejsce ochronne","rodzajZrodla":"Obiekt ochrony ludności","adres":"ul. św.Marka 17, Kraków","dostepnosc":"Na żądanie"}},{"type":"Feature","id":"OZO-44DBF5555C5D","geometry":{"type":"Point","coordinates":[19.9514835074556,50.0552712341201]},"properties":{"nazwa":"Miejsce ochronne","rodzajZrodla":"Obiekt ochrony ludności","adres":"ul. ks. Franciszka Blachnickiego 1, Kraków","dostepnosc":"Na żądanie"}},{"type":"Feature","id":"OZO-8AC9EFAFE09A","geometry":{"type":"Point","coordinates":[19.983354663630326,50.07449094963448]},"properties":{"nazwa":"Miejsce ochronne","rodzajZrodla":"Obiekt ochrony ludności","adres":"ul. Pawła Włodkowica 6, Kraków","dostepnosc":"Na żądanie"}},{"type":"Feature","id":"OZO-D6EEFA881CC6","geometry":{"type":"Point","coordinates":[19.9226193839722,50.030512604585]},"properties":{"nazwa":"Miejsce ochronne","rodzajZrodla":"Obiekt ochrony ludności","adres":"ul. Wacława Lipińskiego 2, Kraków","dostepnosc":"Na żądanie"}},{"type":"Feature","id":"OZO-2C121826DBAA","geometry":{"type":"Point","coordinates":[19.9654387216854,50.0625722250261]},"properties":{"nazwa":"Miejsce ochronne","rodzajZrodla":"Obiekt ochrony ludności","adres":"ul. Sądowa 1, Kraków","dostepnosc":"Na żądanie"}},{"type":"Feature","id":"OZO-5E02A0DCEE50","geometry":{"type":"Point","coordinates":[19.900147184435234,50.07754593879033]},"properties":{"nazwa":"Miejsce ochronne","rodzajZrodla":"Obiekt ochrony ludności","adres":"ul. Lucjana Rydla 22, Kraków","dostepnosc":"Całodobowa"}},{"type":"Feature","id":"OZO-A686F9831629","geometry":{"type":"Point","coordinates":[19.9108939058664,50.0730887893927]},"properties":{"nazwa":"Miejsce ochronne","rodzajZrodla":"Obiekt ochrony ludności","adres":"ul. Leopolda Staffa 9, Kraków","dostepnosc":"Całodobowa"}},{"type":"Feature","id":"OZO-A4F6FE7AB2CD","geometry":{"type":"Point","coordinates":[19.9329727344177,50.0695712788403]},"properties":{"nazwa":"Miejsce ochronne","rodzajZrodla":"Obiekt ochrony ludności","adres":"ul. Łobzowska 39B, Kraków","dostepnosc":"Na żądanie"}},{"type":"Feature","id":"OZO-31B6318F2B27","geometry":{"type":"Point","coordinates":[19.9257698,50.0607945]},"properties":{"nazwa":"Miejsce ochronne","rodzajZrodla":"Obiekt ochrony ludności","adres":"ul. Wenecja 6, Kraków","dostepnosc":"Na żądanie"}},{"type":"Feature","id":"OZO-7808900B69EF","geometry":{"type":"Point","coordinates":[19.9589529726463,50.0552293425683]},"properties":{"nazwa":"Miejsce ochronne","rodzajZrodla":"Obiekt ochrony ludności","adres":"ul. Kotlarska 9, Kraków","dostepnosc":"Na żądanie"}},{"type":"Feature","id":"OZO-9B0B766F8D36","geometry":{"type":"Point","coordinates":[19.9183595832057,50.0682886410823]},"properties":{"nazwa":"Miejsce ochronne","rodzajZrodla":"Obiekt ochrony ludności","adres":"ul. Urzędnicza 5, Kraków","dostepnosc":"Całodobowa"}},{"type":"Feature","id":"OZO-9A9DE3F79B42","geometry":{"type":"Point","coordinates":[19.915295746138,50.0756137119958]},"properties":{"nazwa":"Miejsce ochronne","rodzajZrodla":"Obiekt ochrony ludności","adres":"ul. Zakątek 3, Kraków","dostepnosc":"Całodobowa"}},{"type":"Feature","id":"OZO-40CC58A7B679","geometry":{"type":"Point","coordinates":[19.9043963383438,50.0757485768179]},"properties":{"nazwa":"Miejsce ochronne","rodzajZrodla":"Obiekt ochrony ludności","adres":"ul. Adama Staszczyka 2, Kraków","dostepnosc":"Całodobowa"}},{"type":"Feature","id":"OZO-FE3D9433B595","geometry":{"type":"Point","coordinates":[19.919354530470624,50.07450687274771]},"properties":{"nazwa":"Miejsce ochronne","rodzajZrodla":"Obiekt ochrony ludności","adres":"ul. Racławicka 9, Kraków","dostepnosc":"Na żądanie"}},{"type":"Feature","id":"OZO-0D80C280EF2E","geometry":{"type":"Point","coordinates":[19.907125,50.0759066666667]},"properties":{"nazwa":"Miejsce ochronne","rodzajZrodla":"Obiekt ochrony ludności","adres":"ul. Bartosza Głowackiego 2, Kraków","dostepnosc":"Całodobowa"}},{"type":"Feature","id":"OZO-0614E77D38BC","geometry":{"type":"Point","coordinates":[20.051806641769,50.0736818853421]},"properties":{"nazwa":"Miejsce ochronne","rodzajZrodla":"Obiekt ochrony ludności","adres":"Osiedle Stalowe 17, Kraków","dostepnosc":"Na żądanie"}},{"type":"Feature","id":"OZO-F20E38EBF8D0","geometry":{"type":"Point","coordinates":[19.9333167,50.0690168]},"properties":{"nazwa":"Miejsce ochronne","rodzajZrodla":"Obiekt ochrony ludności","adres":"ul. Władysława Spasowskiego 1, Kraków","dostepnosc":"Na żądanie"}},{"type":"Feature","id":"OZO-138964402C30","geometry":{"type":"Point","coordinates":[19.918049151419,50.0759935645782]},"properties":{"nazwa":"Miejsce ochronne","rodzajZrodla":"Obiekt ochrony ludności","adres":"ul. Bytomska 16, Kraków","dostepnosc":"Całodobowa"}},{"type":"Feature","id":"OZO-8B385F1D115D","geometry":{"type":"Point","coordinates":[19.9324337088153,50.07697123293]},"properties":{"nazwa":"Miejsce ochronne","rodzajZrodla":"Obiekt ochrony ludności","adres":"ul. Iwona Odrowąża 22, Kraków","dostepnosc":"Całodobowa"}},{"type":"Feature","id":"OZO-CD39A302ACFC","geometry":{"type":"Point","coordinates":[19.942895964991,50.059368970086]},"properties":{"nazwa":"Miejsce ochronne","rodzajZrodla":"Obiekt ochrony ludności","adres":"ul. Wielopole 2, Kraków","dostepnosc":"Na żądanie"}},{"type":"Feature","id":"OZO-F570375DFBFF","geometry":{"type":"Point","coordinates":[19.9191016950085,50.0141326282193]},"properties":{"nazwa":"Miejsce ochronne","rodzajZrodla":"Obiekt ochrony ludności","adres":"ul. Żywiecka 24, Kraków","dostepnosc":"Na żądanie"}},{"type":"Feature","id":"OZO-3AC52A9476E0","geometry":{"type":"Point","coordinates":[19.9284355586537,50.012839472097]},"properties":{"nazwa":"Miejsce ochronne","rodzajZrodla":"Obiekt ochrony ludności","adres":"ul. Zakopiańska 62, Kraków","dostepnosc":"Na żądanie"}},{"type":"Feature","id":"OZO-B4659CA07120","geometry":{"type":"Point","coordinates":[19.9407394057449,50.0414426430681]},"properties":{"nazwa":"Miejsce ochronne","rodzajZrodla":"Obiekt ochrony ludności","adres":"ul. Ignacego Krasickiego 17, Kraków","dostepnosc":"Na żądanie"}},{"type":"Feature","id":"OZO-3FAE11F2AD04","geometry":{"type":"Point","coordinates":[19.963453901275,50.0477016409214]},"properties":{"nazwa":"Miejsce ochronne","rodzajZrodla":"Obiekt ochrony ludności","adres":"ul. Tadeusza Romanowicza 9, Kraków","dostepnosc":"Na żądanie"}},{"type":"Feature","id":"OZO-C52F7AF32D5C","geometry":{"type":"Point","coordinates":[19.9173112585756,50.0698551768762]},"properties":{"nazwa":"Miejsce ochronne","rodzajZrodla":"Obiekt ochrony ludności","adres":"ul. Spokojna 32, Kraków","dostepnosc":"Całodobowa"}},{"type":"Feature","id":"OZO-92D77B8EF6B1","geometry":{"type":"Point","coordinates":[19.9642102228821,50.0478988514142]},"properties":{"nazwa":"Miejsce ochronne","rodzajZrodla":"Obiekt ochrony ludności","adres":"ul. Tadeusza Romanowicza 4a, Kraków","dostepnosc":"Całodobowa"}},{"type":"Feature","id":"OZO-731280E9648A","geometry":{"type":"Point","coordinates":[19.9172348156186,50.0692576309989]},"properties":{"nazwa":"Miejsce ochronne","rodzajZrodla":"Obiekt ochrony ludności","adres":"ul. Spokojna 22, Kraków","dostepnosc":"Całodobowa"}},{"type":"Feature","id":"OZO-2D72548A6270","geometry":{"type":"Point","coordinates":[19.9318277928661,50.0779466051971]},"properties":{"nazwa":"Miejsce ochronne","rodzajZrodla":"Obiekt ochrony ludności","adres":"ul. Józefa Friedleina 18, Kraków","dostepnosc":"Całodobowa"}},{"type":"Feature","id":"OZO-F4F6C8C37A7C","geometry":{"type":"Point","coordinates":[19.9187029059598,50.0679459469709]},"properties":{"nazwa":"Miejsce ochronne","rodzajZrodla":"Obiekt ochrony ludności","adres":"ul. Fryderyka Chopina 33, Kraków","dostepnosc":"Całodobowa"}},{"type":"Feature","id":"OZO-6FDE111CE35A","geometry":{"type":"Point","coordinates":[19.9214539,50.0686568]},"properties":{"nazwa":"Miejsce ochronne","rodzajZrodla":"Obiekt ochrony ludności","adres":"ul. Fryderyka Chopina 11a, Kraków","dostepnosc":"Całodobowa"}},{"type":"Feature","id":"OZO-2516EE7B5170","geometry":{"type":"Point","coordinates":[19.93220132454724,50.07813305596032]},"properties":{"nazwa":"Miejsce ochronne","rodzajZrodla":"Obiekt ochrony ludności","adres":"ul. Józefa Friedleina 29, Kraków","dostepnosc":"Całodobowa"}},{"type":"Feature","id":"OZO-1DB136B945F2","geometry":{"type":"Point","coordinates":[19.9206693842638,50.068998085367]},"properties":{"nazwa":"Miejsce ochronne","rodzajZrodla":"Obiekt ochrony ludności","adres":"ul. Stanisława Konarskiego 24, Kraków","dostepnosc":"Na żądanie"}},{"type":"Feature","id":"OZO-8E89116494FE","geometry":{"type":"Point","coordinates":[19.9190573766451,50.0569042563703]},"properties":{"nazwa":"Miejsce ochronne","rodzajZrodla":"Obiekt ochrony ludności","adres":"ul. Filarecka 24, Kraków","dostepnosc":"Na żądanie"}},{"type":"Feature","id":"OZO-CB9211FAD73A","geometry":{"type":"Point","coordinates":[19.9176178685937,50.0690840417841]},"properties":{"nazwa":"Miejsce ochronne","rodzajZrodla":"Obiekt ochrony ludności","adres":"ul. Ogrodniczek 9, Kraków","dostepnosc":"Całodobowa"}},{"type":"Feature","id":"OZO-511CD50ADA17","geometry":{"type":"Point","coordinates":[19.9328347868664,50.0784495386813]},"properties":{"nazwa":"Miejsce ochronne","rodzajZrodla":"Obiekt ochrony ludności","adres":"ul. Iwona Odrowąża 40, Kraków","dostepnosc":"Całodobowa"}},{"type":"Feature","id":"OZO-B06DF43E0BB6","geometry":{"type":"Point","coordinates":[19.9176746,50.0552905]},"properties":{"nazwa":"Miejsce ochronne","rodzajZrodla":"Obiekt ochrony ludności","adres":"ul. Bolesława Prusa 14, Kraków","dostepnosc":"Na żądanie"}},{"type":"Feature","id":"OZO-1403B08F5958","geometry":{"type":"Point","coordinates":[19.9204204,50.0543294]},"properties":{"nazwa":"Miejsce ochronne","rodzajZrodla":"Obiekt ochrony ludności","adres":"ul. Bolesława Komorowskiego 11A, Kraków","dostepnosc":"Na żądanie"}},{"type":"Feature","id":"OZO-11D74F87F6C8","geometry":{"type":"Point","coordinates":[19.92058296594704,50.06925841434822]},"properties":{"nazwa":"Miejsce ochronne","rodzajZrodla":"Obiekt ochrony ludności","adres":"ul. Stanisława Konarskiego 28, Kraków","dostepnosc":"Na żądanie"}},{"type":"Feature","id":"OZO-165E2FDE680F","geometry":{"type":"Point","coordinates":[19.9200761969761,50.0728309201416]},"properties":{"nazwa":"Miejsce ochronne","rodzajZrodla":"Obiekt ochrony ludności","adres":"ul. Urzędnicza 64, Kraków","dostepnosc":"Całodobowa"}},{"type":"Feature","id":"OZO-78A41B6A15A9","geometry":{"type":"Point","coordinates":[19.9197664538059,50.0562266701746]},"properties":{"nazwa":"Miejsce ochronne","rodzajZrodla":"Obiekt ochrony ludności","adres":"ul. Filarecka 14, Kraków","dostepnosc":"Na żądanie"}},{"type":"Feature","id":"OZO-DEA0A163AC24","geometry":{"type":"Point","coordinates":[19.9186895787337,50.0722982501948]},"properties":{"nazwa":"Miejsce ochronne","rodzajZrodla":"Obiekt ochrony ludności","adres":"ul. Królewska 47, Kraków","dostepnosc":"Całodobowa"}},{"type":"Feature","id":"OZO-9FE8A84C316C","geometry":{"type":"Point","coordinates":[19.904331511760507,50.07476508465705]},"properties":{"nazwa":"Miejsce ochronne","rodzajZrodla":"Obiekt ochrony ludności","adres":"ul. Kaspra Żelechowskiego 2, Kraków","dostepnosc":"Całodobowa"}},{"type":"Feature","id":"OZO-BA603A510E27","geometry":{"type":"Point","coordinates":[19.920608642840932,50.07410851763189]},"properties":{"nazwa":"Miejsce ochronne","rodzajZrodla":"Obiekt ochrony ludności","adres":"ul. Urzędnicza 68, Kraków","dostepnosc":"Całodobowa"}},{"type":"Feature","id":"OZO-8836E6EE1570","geometry":{"type":"Point","coordinates":[19.9248968105166,50.0576300701472]},"properties":{"nazwa":"Miejsce ochronne","rodzajZrodla":"Obiekt ochrony ludności","adres":"ul. Władysława Syrokomli 25, Kraków","dostepnosc":"Na żądanie"}},{"type":"Feature","id":"OZO-45A99A076D9D","geometry":{"type":"Point","coordinates":[19.9228136427341,50.0784541294344]},"properties":{"nazwa":"Miejsce ochronne","rodzajZrodla":"Obiekt ochrony ludności","adres":"ul. Kmieca 26, Kraków","dostepnosc":"Całodobowa"}},{"type":"Feature","id":"OZO-BBB42B419C94","geometry":{"type":"Point","coordinates":[19.9031337861759,50.0755483941259]},"properties":{"nazwa":"Miejsce ochronne","rodzajZrodla":"Obiekt ochrony ludności","adres":"ul. Krzywy Zaułek 4, Kraków","dostepnosc":"Całodobowa"}},{"type":"Feature","id":"OZO-E8AF7A8079E1","geometry":{"type":"Point","coordinates":[19.91735799758872,50.075273052011866]},"properties":{"nazwa":"Miejsce ochronne","rodzajZrodla":"Obiekt ochrony ludności","adres":"Aleja Kijowska 32, Kraków","dostepnosc":"Całodobowa"}},{"type":"Feature","id":"OZO-5F3595CCA8F8","geometry":{"type":"Point","coordinates":[19.901785701513294,50.07530114562402]},"properties":{"nazwa":"Miejsce ochronne","rodzajZrodla":"Obiekt ochrony ludności","adres":"ul. Lucjana Rydla 5, Kraków","dostepnosc":"Całodobowa"}},{"type":"Feature","id":"OZO-BF67B5871E45","geometry":{"type":"Point","coordinates":[19.90300294791521,50.074441613502074]},"properties":{"nazwa":"Miejsce ochronne","rodzajZrodla":"Obiekt ochrony ludności","adres":"ul. Kaspra Żelechowskiego 6, Kraków","dostepnosc":"Całodobowa"}},{"type":"Feature","id":"OZO-42C6571ECD7F","geometry":{"type":"Point","coordinates":[19.901319357054483,50.07675370011911]},"properties":{"nazwa":"Miejsce ochronne","rodzajZrodla":"Obiekt ochrony ludności","adres":"ul. Lucjana Rydla 17, Kraków","dostepnosc":"Na żądanie"}},{"type":"Feature","id":"OZO-60435E45B25B","geometry":{"type":"Point","coordinates":[19.900986770524085,50.07552895341421]},"properties":{"nazwa":"Miejsce ochronne","rodzajZrodla":"Obiekt ochrony ludności","adres":"ul. Lucjana Rydla 7, Kraków","dostepnosc":"Na żądanie"}},{"type":"Feature","id":"OZO-D1E169667E8C","geometry":{"type":"Point","coordinates":[19.91426891,50.07363209]},"properties":{"nazwa":"Miejsce ochronne","rodzajZrodla":"Obiekt ochrony ludności","adres":"ul. Kronikarza Galla 11, Kraków","dostepnosc":"Całodobowa"}},{"type":"Feature","id":"OZO-1C7711F8C151","geometry":{"type":"Point","coordinates":[19.9104973496441,50.071813249321]},"properties":{"nazwa":"Miejsce ochronne","rodzajZrodla":"Obiekt ochrony ludności","adres":"ul. Juliusza Lea 77, Kraków","dostepnosc":"Całodobowa"}},{"type":"Feature","id":"OZO-931D3ABE8367","geometry":{"type":"Point","coordinates":[19.91153552,50.07331139]},"properties":{"nazwa":"Miejsce ochronne","rodzajZrodla":"Obiekt ochrony ludności","adres":"ul. Leopolda Staffa 7, Kraków","dostepnosc":"Całodobowa"}},{"type":"Feature","id":"OZO-061A272A9A8C","geometry":{"type":"Point","coordinates":[19.914647220239,50.0707218956723]},"properties":{"nazwa":"Miejsce ochronne","rodzajZrodla":"Obiekt ochrony ludności","adres":"Aleja Kijowska 10, Kraków","dostepnosc":"Całodobowa"}},{"type":"Feature","id":"OZO-65A42B2AD27F","geometry":{"type":"Point","coordinates":[19.90206811,50.07658264]},"properties":{"nazwa":"Miejsce ochronne","rodzajZrodla":"Obiekt ochrony ludności","adres":"ul. Lucjana Rydla 13, Kraków","dostepnosc":"Całodobowa"}},{"type":"Feature","id":"OZO-8A5C7F0613E5","geometry":{"type":"Point","coordinates":[20.0433583185279,50.0735021429479]},"properties":{"nazwa":"Miejsce ochronne","rodzajZrodla":"Obiekt ochrony ludności","adres":"Osiedle Hutnicze 1, Kraków","dostepnosc":"Na żądanie"}},{"type":"Feature","id":"OZO-BA87487BF98B","geometry":{"type":"Point","coordinates":[20.0472144130837,50.0738292467193]},"properties":{"nazwa":"Miejsce ochronne","rodzajZrodla":"Obiekt ochrony ludności","adres":"Osiedle Hutnicze 4, Kraków","dostepnosc":"Na żądanie"}},{"type":"Feature","id":"OZO-8F4F16EF9646","geometry":{"type":"Point","coordinates":[20.0397712830639,50.0722649321297]},"properties":{"nazwa":"Miejsce ochronne","rodzajZrodla":"Obiekt ochrony ludności","adres":"Osiedle Centrum A 13, Kraków","dostepnosc":"Na żądanie"}},{"type":"Feature","id":"OZO-A0B7A6231D92","geometry":{"type":"Point","coordinates":[20.0448013469785,50.0738815078856]},"properties":{"nazwa":"Miejsce ochronne","rodzajZrodla":"Obiekt ochrony ludności","adres":"Osiedle Hutnicze 2, Kraków","dostepnosc":"Na żądanie"}},{"type":"Feature","id":"OZO-C332F5BCE325","geometry":{"type":"Point","coordinates":[20.0433583185279,50.0735021429479]},"properties":{"nazwa":"Miejsce ochronne","rodzajZrodla":"Obiekt ochrony ludności","adres":"Osiedle Hutnicze 1, Kraków","dostepnosc":"Na żądanie"}},{"type":"Feature","id":"OZO-D0BDD57CAF7B","geometry":{"type":"Point","coordinates":[19.9141133334428,50.0745127215219]},"properties":{"nazwa":"Miejsce ochronne","rodzajZrodla":"Obiekt ochrony ludności","adres":"ul. Kazimierza Wielkiego 112a, Kraków","dostepnosc":"Całodobowa"}},{"type":"Feature","id":"OZO-3150FCAEF77A","geometry":{"type":"Point","coordinates":[19.9015779,50.0764435]},"properties":{"nazwa":"Miejsce ochronne","rodzajZrodla":"Obiekt ochrony ludności","adres":"ul. Lucjana Rydla 11, Kraków","dostepnosc":"Całodobowa"}},{"type":"Feature","id":"OZO-485E7E4D07F5","geometry":{"type":"Point","coordinates":[20.0413070153637,50.0709426030847]},"properties":{"nazwa":"Miejsce ochronne","rodzajZrodla":"Obiekt ochrony ludności","adres":"Osiedle Centrum A 10, Kraków","dostepnosc":"Na żądanie"}},{"type":"Feature","id":"OZO-9836B978F2B3","geometry":{"type":"Point","coordinates":[20.0413070153637,50.0709426030847]},"properties":{"nazwa":"Miejsce ochronne","rodzajZrodla":"Obiekt ochrony ludności","adres":"Osiedle Centrum A 10, Kraków","dostepnosc":"Na żądanie"}},{"type":"Feature","id":"OZO-F417F56818C8","geometry":{"type":"Point","coordinates":[20.0472144130837,50.0738292467193]},"properties":{"nazwa":"Miejsce ochronne","rodzajZrodla":"Obiekt ochrony ludności","adres":"Osiedle Hutnicze 4, Kraków","dostepnosc":"Na żądanie"}},{"type":"Feature","id":"OZO-F5E1D6892A36","geometry":{"type":"Point","coordinates":[20.0473388590216,50.0782559129126]},"properties":{"nazwa":"Miejsce ochronne","rodzajZrodla":"Obiekt ochrony ludności","adres":"Osiedle Szkolne 24, Kraków","dostepnosc":"Na żądanie"}},{"type":"Feature","id":"OZO-EDFDC7C53984","geometry":{"type":"Point","coordinates":[20.0461950060195,50.0784469209977]},"properties":{"nazwa":"Miejsce ochronne","rodzajZrodla":"Obiekt ochrony ludności","adres":"Osiedle Szkolne 15, Kraków","dostepnosc":"Na żądanie"}},{"type":"Feature","id":"OZO-1520CF1F9FC7","geometry":{"type":"Point","coordinates":[20.0462768133945,50.0770029705376]},"properties":{"nazwa":"Miejsce ochronne","rodzajZrodla":"Obiekt ochrony ludności","adres":"Osiedle Szkolne 8, Kraków","dostepnosc":"Na żądanie"}},{"type":"Feature","id":"OZO-171EB640EDCA","geometry":{"type":"Point","coordinates":[20.0496626831822,50.0764609128593]},"properties":{"nazwa":"Miejsce ochronne","rodzajZrodla":"Obiekt ochrony ludności","adres":"Osiedle Szkolne 33, Kraków","dostepnosc":"Na żądanie"}},{"type":"Feature","id":"OZO-ABFE33D4B2B0","geometry":{"type":"Point","coordinates":[20.0509082339941,50.0764741143568]},"properties":{"nazwa":"Miejsce ochronne","rodzajZrodla":"Obiekt ochrony ludności","adres":"Osiedle Szkolne 37, Kraków","dostepnosc":"Na żądanie"}},{"type":"Feature","id":"OZO-5820413986FB","geometry":{"type":"Point","coordinates":[20.045219520128,50.0784429815032]},"properties":{"nazwa":"Miejsce ochronne","rodzajZrodla":"Obiekt ochrony ludności","adres":"Osiedle Szkolne 14, Kraków","dostepnosc":"Na żądanie"}},{"type":"Feature","id":"OZO-A07CB775661C","geometry":{"type":"Point","coordinates":[20.0487207249034,50.0767330732554]},"properties":{"nazwa":"Miejsce ochronne","rodzajZrodla":"Obiekt ochrony ludności","adres":"Osiedle Szkolne 30, Kraków","dostepnosc":"Na żądanie"}},{"type":"Feature","id":"OZO-9D6CEDC88B09","geometry":{"type":"Point","coordinates":[20.0477735176883,50.0776012816903]},"properties":{"nazwa":"Miejsce ochronne","rodzajZrodla":"Obiekt ochrony ludności","adres":"Osiedle Szkolne 23, Kraków","dostepnosc":"Na żądanie"}},{"type":"Feature","id":"OZO-09F9B4B9091C","geometry":{"type":"Point","coordinates":[20.0509082339941,50.0764741143568]},"properties":{"nazwa":"Miejsce ochronne","rodzajZrodla":"Obiekt ochrony ludności","adres":"Osiedle Szkolne 37, Kraków","dostepnosc":"Na żądanie"}},{"type":"Feature","id":"OZO-BE79DAD5139C","geometry":{"type":"Point","coordinates":[20.0442287664778,50.0763774772096]},"properties":{"nazwa":"Miejsce ochronne","rodzajZrodla":"Obiekt ochrony ludności","adres":"Osiedle Szklane Domy 5, Kraków","dostepnosc":"Na żądanie"}},{"type":"Feature","id":"OZO-E97943B2B890","geometry":{"type":"Point","coordinates":[20.0435391967959,50.0761691969282]},"properties":{"nazwa":"Miejsce ochronne","rodzajZrodla":"Obiekt ochrony ludności","adres":"Osiedle Szklane Domy 4, Kraków","dostepnosc":"Na żądanie"}},{"type":"Feature","id":"OZO-922739A2C33B","geometry":{"type":"Point","coordinates":[20.0344650522419,50.0757732345563]},"properties":{"nazwa":"Miejsce ochronne","rodzajZrodla":"Obiekt ochrony ludności","adres":"Osiedle Zgody 13A, Kraków","dostepnosc":"Na żądanie"}},{"type":"Feature","id":"OZO-3159D840BCC5","geometry":{"type":"Point","coordinates":[20.042762215147,50.0760217632201]},"properties":{"nazwa":"Miejsce ochronne","rodzajZrodla":"Obiekt ochrony ludności","adres":"Osiedle Szklane Domy 3, Kraków","dostepnosc":"Na żądanie"}},{"type":"Feature","id":"OZO-A898982428B0","geometry":{"type":"Point","coordinates":[20.045124316232,50.0766229395745]},"properties":{"nazwa":"Miejsce ochronne","rodzajZrodla":"Obiekt ochrony ludności","adres":"Osiedle Szklane Domy 6, Kraków","dostepnosc":"Na żądanie"}},{"type":"Feature","id":"OZO-F5CB7CC17C66","geometry":{"type":"Point","coordinates":[20.0402681869971,50.0767628004281]},"properties":{"nazwa":"Miejsce ochronne","rodzajZrodla":"Obiekt ochrony ludności","adres":"Osiedle Słoneczne 1A, Kraków","dostepnosc":"Na żądanie"}},{"type":"Feature","id":"OZO-F7CBC1BC0279","geometry":{"type":"Point","coordinates":[20.0352517636385,50.076388577025]},"properties":{"nazwa":"Miejsce ochronne","rodzajZrodla":"Obiekt ochrony ludności","adres":"Osiedle Zgody 11, Kraków","dostepnosc":"Na żądanie"}},{"type":"Feature","id":"OZO-B1305871C70F","geometry":{"type":"Point","coordinates":[20.0319551090868,50.0766169089458]},"properties":{"nazwa":"Miejsce ochronne","rodzajZrodla":"Obiekt ochrony ludności","adres":"Osiedle Zgody 3, Kraków","dostepnosc":"Na żądanie"}},{"type":"Feature","id":"OZO-647AA8BDB4A2","geometry":{"type":"Point","coordinates":[20.0353903782996,50.075621729759]},"properties":{"nazwa":"Miejsce ochronne","rodzajZrodla":"Obiekt ochrony ludności","adres":"Osiedle Zgody 5, Kraków","dostepnosc":"Na żądanie"}},{"type":"Feature","id":"OZO-1C57C4429FA5","geometry":{"type":"Point","coordinates":[20.0380371136894,50.0764723174309]},"properties":{"nazwa":"Miejsce ochronne","rodzajZrodla":"Obiekt ochrony ludności","adres":"Osiedle Zgody 7a, Kraków","dostepnosc":"Na żądanie"}},{"type":"Feature","id":"OZO-A1DE619FF75F","geometry":{"type":"Point","coordinates":[20.027974434087,50.0765632784853]},"properties":{"nazwa":"Miejsce ochronne","rodzajZrodla":"Obiekt ochrony ludności","adres":"Osiedle Spółdzielcze 3, Kraków","dostepnosc":"Na żądanie"}},{"type":"Feature","id":"OZO-6D2ADF6D37CA","geometry":{"type":"Point","coordinates":[20.0287723912851,50.0764950636986]},"properties":{"nazwa":"Miejsce ochronne","rodzajZrodla":"Obiekt ochrony ludności","adres":"Osiedle Spółdzielcze 2, Kraków","dostepnosc":"Na żądanie"}},{"type":"Feature","id":"OZO-76B29C9BFE66","geometry":{"type":"Point","coordinates":[20.0278409976456,50.0780595146607]},"properties":{"nazwa":"Miejsce ochronne","rodzajZrodla":"Obiekt ochrony ludności","adres":"Osiedle Spółdzielcze 11, Kraków","dostepnosc":"Na żądanie"}},{"type":"Feature","id":"OZO-7EC917F12A50","geometry":{"type":"Point","coordinates":[20.032543378052,50.0767948088044]},"properties":{"nazwa":"Miejsce ochronne","rodzajZrodla":"Obiekt ochrony ludności","adres":"Osiedle Zgody 1, Kraków","dostepnosc":"Na żądanie"}},{"type":"Feature","id":"OZO-14DF14CD7E39","geometry":{"type":"Point","coordinates":[20.0270447840481,50.0771863955633]},"properties":{"nazwa":"Miejsce ochronne","rodzajZrodla":"Obiekt ochrony ludności","adres":"Osiedle Spółdzielcze 7, Kraków","dostepnosc":"Na żądanie"}},{"type":"Feature","id":"OZO-23ABF32B55E3","geometry":{"type":"Point","coordinates":[20.0473065301996,50.0759943761285]},"properties":{"nazwa":"Miejsce ochronne","rodzajZrodla":"Obiekt ochrony ludności","adres":"Osiedle Szkolne 4, Kraków","dostepnosc":"Na żądanie"}},{"type":"Feature","id":"OZO-1F23D124B389","geometry":{"type":"Point","coordinates":[20.0467890314976,50.077972589097]},"properties":{"nazwa":"Miejsce ochronne","rodzajZrodla":"Obiekt ochrony ludności","adres":"Osiedle Szkolne 22, Kraków","dostepnosc":"Na żądanie"}},{"type":"Feature","id":"OZO-231D9A30B855","geometry":{"type":"Point","coordinates":[20.0468373950789,50.0766720530003]},"properties":{"nazwa":"Miejsce ochronne","rodzajZrodla":"Obiekt ochrony ludności","adres":"Osiedle Szkolne 9, Kraków","dostepnosc":"Na żądanie"}},{"type":"Feature","id":"OZO-6FE6377D4757","geometry":{"type":"Point","coordinates":[20.0475009903533,50.0756156817431]},"properties":{"nazwa":"Miejsce ochronne","rodzajZrodla":"Obiekt ochrony ludności","adres":"Osiedle Szkolne 5, Kraków","dostepnosc":"Na żądanie"}},{"type":"Feature","id":"OZO-3A6553AE9A63","geometry":{"type":"Point","coordinates":[20.0470926240306,50.0775488838915]},"properties":{"nazwa":"Miejsce ochronne","rodzajZrodla":"Obiekt ochrony ludności","adres":"Osiedle Szkolne 23, Kraków","dostepnosc":"Na żądanie"}},{"type":"Feature","id":"OZO-9FEAE1C42AAE","geometry":{"type":"Point","coordinates":[20.0379356462685,50.0758443400617]},"properties":{"nazwa":"Miejsce ochronne","rodzajZrodla":"Obiekt ochrony ludności","adres":"Osiedle Zgody 7, Kraków","dostepnosc":"Na żądanie"}},{"type":"Feature","id":"OZO-8A5BC4632202","geometry":{"type":"Point","coordinates":[20.0412566401257,50.0748019246733]},"properties":{"nazwa":"Miejsce ochronne","rodzajZrodla":"Obiekt ochrony ludności","adres":"Osiedle Szklane Domy 1, Kraków","dostepnosc":"Na żądanie"}},{"type":"Feature","id":"OZO-209F8EDA6E7C","geometry":{"type":"Point","coordinates":[20.0414161477431,50.0808661058922]},"properties":{"nazwa":"Miejsce ochronne","rodzajZrodla":"Obiekt ochrony ludności","adres":"Osiedle Zielone 1, Kraków","dostepnosc":"Na żądanie"}},{"type":"Feature","id":"OZO-051E25EA702D","geometry":{"type":"Point","coordinates":[20.0473388590216,50.0782559129126]},"properties":{"nazwa":"Miejsce ochronne","rodzajZrodla":"Obiekt ochrony ludności","adres":"Osiedle Szkolne 24, Kraków","dostepnosc":"Na żądanie"}},{"type":"Feature","id":"OZO-3995DB211C78","geometry":{"type":"Point","coordinates":[20.0414161477431,50.0808661058922]},"properties":{"nazwa":"Miejsce ochronne","rodzajZrodla":"Obiekt ochrony ludności","adres":"Osiedle Zielone 1, Kraków","dostepnosc":"Na żądanie"}},{"type":"Feature","id":"OZO-DC4AF37580B4","geometry":{"type":"Point","coordinates":[20.0455121323678,50.0806018244851]},"properties":{"nazwa":"Miejsce ochronne","rodzajZrodla":"Obiekt ochrony ludności","adres":"Osiedle Sportowe 35, Kraków","dostepnosc":"Na żądanie"}},{"type":"Feature","id":"OZO-3420F7E872C0","geometry":{"type":"Point","coordinates":[20.033423248694,50.0817694235974]},"properties":{"nazwa":"Miejsce ochronne","rodzajZrodla":"Obiekt ochrony ludności","adres":"Osiedle Krakowiaków 5, Kraków","dostepnosc":"Na żądanie"}},{"type":"Feature","id":"OZO-CC3A1921F356","geometry":{"type":"Point","coordinates":[20.0432444922828,50.078125810287]},"properties":{"nazwa":"Miejsce ochronne","rodzajZrodla":"Obiekt ochrony ludności","adres":"Osiedle Słoneczne 11, Kraków","dostepnosc":"Na żądanie"}},{"type":"Feature","id":"OZO-8C44913F5506","geometry":{"type":"Point","coordinates":[20.0377565343218,50.0754117482958]},"properties":{"nazwa":"Miejsce ochronne","rodzajZrodla":"Obiekt ochrony ludności","adres":"Osiedle Zgody 7, Kraków","dostepnosc":"Na żądanie"}},{"type":"Feature","id":"OZO-9F4B5047A95F","geometry":{"type":"Point","coordinates":[20.0412566401257,50.0748019246733]},"properties":{"nazwa":"Miejsce ochronne","rodzajZrodla":"Obiekt ochrony ludności","adres":"Osiedle Szklane Domy 1, Kraków","dostepnosc":"Na żądanie"}},{"type":"Feature","id":"OZO-E071AD094619","geometry":{"type":"Point","coordinates":[20.0412566401257,50.0748019246733]},"properties":{"nazwa":"Miejsce ochronne","rodzajZrodla":"Obiekt ochrony ludności","adres":"Osiedle Szklane Domy 1, Kraków","dostepnosc":"Na żądanie"}},{"type":"Feature","id":"OZO-028D8535E27C","geometry":{"type":"Point","coordinates":[20.0417671818481,50.0730605004696]},"properties":{"nazwa":"Miejsce ochronne","rodzajZrodla":"Obiekt ochrony ludności","adres":"Osiedle Centrum A 3, Kraków","dostepnosc":"Na żądanie"}},{"type":"Feature","id":"OZO-94811D76A903","geometry":{"type":"Point","coordinates":[20.0418022182033,50.0720806559883]},"properties":{"nazwa":"Miejsce ochronne","rodzajZrodla":"Obiekt ochrony ludności","adres":"Osiedle Centrum A 6, Kraków","dostepnosc":"Na żądanie"}},{"type":"Feature","id":"OZO-3D9CF000BC76","geometry":{"type":"Point","coordinates":[20.038623213786,50.0718940748237]},"properties":{"nazwa":"Miejsce ochronne","rodzajZrodla":"Obiekt ochrony ludności","adres":"Osiedle Centrum A 1, Kraków","dostepnosc":"Na żądanie"}},{"type":"Feature","id":"OZO-DE84C718A066","geometry":{"type":"Point","coordinates":[20.038623213786,50.0718940748237]},"properties":{"nazwa":"Miejsce ochronne","rodzajZrodla":"Obiekt ochrony ludności","adres":"Osiedle Centrum A 1, Kraków","dostepnosc":"Na żądanie"}},{"type":"Feature","id":"OZO-60D9A2272160","geometry":{"type":"Point","coordinates":[20.0396353285944,50.0713066291396]},"properties":{"nazwa":"Miejsce ochronne","rodzajZrodla":"Obiekt ochrony ludności","adres":"Osiedle Centrum A 11, Kraków","dostepnosc":"Na żądanie"}},{"type":"Feature","id":"OZO-BF202BAA7631","geometry":{"type":"Point","coordinates":[20.042157694717,50.0714055775066]},"properties":{"nazwa":"Miejsce ochronne","rodzajZrodla":"Obiekt ochrony ludności","adres":"Osiedle Centrum A 9, Kraków","dostepnosc":"Na żądanie"}},{"type":"Feature","id":"OZO-5281E77CEC52","geometry":{"type":"Point","coordinates":[20.0418022182033,50.0720806559883]},"properties":{"nazwa":"Miejsce ochronne","rodzajZrodla":"Obiekt ochrony ludności","adres":"Osiedle Centrum A 6, Kraków","dostepnosc":"Na żądanie"}},{"type":"Feature","id":"OZO-0D783FAEFDD0","geometry":{"type":"Point","coordinates":[20.0405948888699,50.0727543933656]},"properties":{"nazwa":"Miejsce ochronne","rodzajZrodla":"Obiekt ochrony ludności","adres":"Osiedle Centrum A 2, Kraków","dostepnosc":"Na żądanie"}},{"type":"Feature","id":"OZO-0D6504C02B75","geometry":{"type":"Point","coordinates":[20.038623213786,50.0718940748237]},"properties":{"nazwa":"Miejsce ochronne","rodzajZrodla":"Obiekt ochrony ludności","adres":"Osiedle Centrum A 1, Kraków","dostepnosc":"Na żądanie"}},{"type":"Feature","id":"OZO-645A66CF3DA8","geometry":{"type":"Point","coordinates":[20.0505035557088,50.0748886773711]},"properties":{"nazwa":"Miejsce ochronne","rodzajZrodla":"Obiekt ochrony ludności","adres":"Osiedle Stalowe 8, Kraków","dostepnosc":"Na żądanie"}},{"type":"Feature","id":"OZO-52700F7BDA04","geometry":{"type":"Point","coordinates":[20.047531919576,50.0741362758326]},"properties":{"nazwa":"Miejsce ochronne","rodzajZrodla":"Obiekt ochrony ludności","adres":"Osiedle Stalowe 3, Kraków","dostepnosc":"Na żądanie"}},{"type":"Feature","id":"OZO-46E032C05CFD","geometry":{"type":"Point","coordinates":[20.0491775386265,50.0745257828732]},"properties":{"nazwa":"Miejsce ochronne","rodzajZrodla":"Obiekt ochrony ludności","adres":"Osiedle Stalowe 10, Kraków","dostepnosc":"Na żądanie"}},{"type":"Feature","id":"OZO-1D3C6C688F23","geometry":{"type":"Point","coordinates":[20.0396353285944,50.0713066291396]},"properties":{"nazwa":"Miejsce ochronne","rodzajZrodla":"Obiekt ochrony ludności","adres":"Osiedle Centrum A 11, Kraków","dostepnosc":"Na żądanie"}},{"type":"Feature","id":"OZO-5002E389CFDF","geometry":{"type":"Point","coordinates":[20.0353879151319,50.0779437677267]},"properties":{"nazwa":"Miejsce ochronne","rodzajZrodla":"Obiekt ochrony ludności","adres":"Osiedle Urocze 6, Kraków","dostepnosc":"Na żądanie"}},{"type":"Feature","id":"OZO-D5CAAA55D79C","geometry":{"type":"Point","coordinates":[20.0368445256696,50.0776947370193]},"properties":{"nazwa":"Miejsce ochronne","rodzajZrodla":"Obiekt ochrony ludności","adres":"Osiedle Urocze 15, Kraków","dostepnosc":"Na żądanie"}},{"type":"Feature","id":"OZO-8C6C10AEBE08","geometry":{"type":"Point","coordinates":[20.0481852051095,50.073804687743]},"properties":{"nazwa":"Miejsce ochronne","rodzajZrodla":"Obiekt ochrony ludności","adres":"Osiedle Stalowe 2, Kraków","dostepnosc":"Na żądanie"}},{"type":"Feature","id":"OZO-A41762DF4064","geometry":{"type":"Point","coordinates":[20.0498964544618,50.0751168746851]},"properties":{"nazwa":"Miejsce ochronne","rodzajZrodla":"Obiekt ochrony ludności","adres":"Osiedle Stalowe 6, Kraków","dostepnosc":"Na żądanie"}},{"type":"Feature","id":"OZO-C2F60DFD31E2","geometry":{"type":"Point","coordinates":[20.0406315177868,50.0723110325971]},"properties":{"nazwa":"Miejsce ochronne","rodzajZrodla":"Obiekt ochrony ludności","adres":"Osiedle Centrum A 14, Kraków","dostepnosc":"Na żądanie"}},{"type":"Feature","id":"OZO-5A7D459F8703","geometry":{"type":"Point","coordinates":[20.0389336977514,50.0734888875013]},"properties":{"nazwa":"Miejsce ochronne","rodzajZrodla":"Obiekt ochrony ludności","adres":"Osiedle Centrum B 11, Kraków","dostepnosc":"Na żądanie"}},{"type":"Feature","id":"OZO-B3439A580FC4","geometry":{"type":"Point","coordinates":[20.0384507281623,50.0728379543909]},"properties":{"nazwa":"Miejsce ochronne","rodzajZrodla":"Obiekt ochrony ludności","adres":"Osiedle Centrum B 1, Kraków","dostepnosc":"Na żądanie"}},{"type":"Feature","id":"OZO-0EA588B80150","geometry":{"type":"Point","coordinates":[20.0397501018524,50.0731548720368]},"properties":{"nazwa":"Miejsce ochronne","rodzajZrodla":"Obiekt ochrony ludności","adres":"Osiedle Centrum B 10, Kraków","dostepnosc":"Na żądanie"}},{"type":"Feature","id":"OZO-7A265E0181C3","geometry":{"type":"Point","coordinates":[20.0402066236751,50.0732897229575]},"properties":{"nazwa":"Miejsce ochronne","rodzajZrodla":"Obiekt ochrony ludności","adres":"Osiedle Centrum B 10, Kraków","dostepnosc":"Na żądanie"}},{"type":"Feature","id":"OZO-3940FE38F3D7","geometry":{"type":"Point","coordinates":[20.0503468979385,50.0734776677906]},"properties":{"nazwa":"Miejsce ochronne","rodzajZrodla":"Obiekt ochrony ludności","adres":"Osiedle Stalowe 13, Kraków","dostepnosc":"Na żądanie"}},{"type":"Feature","id":"OZO-6C134D113DFA","geometry":{"type":"Point","coordinates":[20.0404752625656,50.0733574796352]},"properties":{"nazwa":"Miejsce ochronne","rodzajZrodla":"Obiekt ochrony ludności","adres":"Osiedle Centrum B 10, Kraków","dostepnosc":"Na żądanie"}},{"type":"Feature","id":"OZO-9D5F77FC0A6A","geometry":{"type":"Point","coordinates":[20.0512014329672,50.0740234135064]},"properties":{"nazwa":"Miejsce ochronne","rodzajZrodla":"Obiekt ochrony ludności","adres":"Osiedle Stalowe 14, Kraków","dostepnosc":"Na żądanie"}},{"type":"Feature","id":"OZO-EE3D75066A10","geometry":{"type":"Point","coordinates":[20.040927025795,50.074312358754]},"properties":{"nazwa":"Miejsce ochronne","rodzajZrodla":"Obiekt ochrony ludności","adres":"Osiedle Centrum B 7, Kraków","dostepnosc":"Na żądanie"}},{"type":"Feature","id":"OZO-1A2E2E140C58","geometry":{"type":"Point","coordinates":[20.0859009748109,50.0794878096619]},"properties":{"nazwa":"Miejsce ochronne","rodzajZrodla":"Obiekt ochrony ludności","adres":"ul. Tadeusza Sendzimira 1, Kraków","dostepnosc":"Na żądanie"}},{"type":"Feature","id":"OZO-DB736103401A","geometry":{"type":"Point","coordinates":[20.0915918401118,50.0899643753809]},"properties":{"nazwa":"Miejsce ochronne","rodzajZrodla":"Obiekt ochrony ludności","adres":"ul. Burzowa 23, Kraków","dostepnosc":"Na żądanie"}},{"type":"Feature","id":"OZO-7A42CD435B36","geometry":{"type":"Point","coordinates":[20.0404692341359,50.0737489983656]},"properties":{"nazwa":"Miejsce ochronne","rodzajZrodla":"Obiekt ochrony ludności","adres":"Osiedle Centrum B 6, Kraków","dostepnosc":"Na żądanie"}},{"type":"Feature","id":"OZO-FCB49FC6CE4B","geometry":{"type":"Point","coordinates":[20.0846668684022,50.0873087377539]},"properties":{"nazwa":"Miejsce ochronne","rodzajZrodla":"Obiekt ochrony ludności","adres":"ul. Mrozowa 39, Kraków","dostepnosc":"Na żądanie"}},{"type":"Feature","id":"OZO-D75D5051883F","geometry":{"type":"Point","coordinates":[20.0280133333333,50.0780466666667]},"properties":{"nazwa":"Miejsce ochronne","rodzajZrodla":"Obiekt ochrony ludności","adres":"Osiedle Spółdzielcze 11, Kraków","dostepnosc":"Na żądanie"}},{"type":"Feature","id":"OZO-D1A7F4054D99","geometry":{"type":"Point","coordinates":[20.0846057453038,50.0872911687164]},"properties":{"nazwa":"Miejsce ochronne","rodzajZrodla":"Obiekt ochrony ludności","adres":"ul. Mrozowa 31, Kraków","dostepnosc":"Na żądanie"}},{"type":"Feature","id":"OZO-E78D913C42E8","geometry":{"type":"Point","coordinates":[20.0880797364294,50.0787871153491]},"properties":{"nazwa":"Miejsce ochronne","rodzajZrodla":"Obiekt ochrony ludności","adres":"ul. Igołomska 13, Kraków","dostepnosc":"Na żądanie"}},{"type":"Feature","id":"OZO-929078044418","geometry":{"type":"Point","coordinates":[20.0399485853195,50.0732237306234]},"properties":{"nazwa":"Miejsce ochronne","rodzajZrodla":"Obiekt ochrony ludności","adres":"Osiedle Centrum B 10, Kraków","dostepnosc":"Na żądanie"}},{"type":"Feature","id":"OZO-CE41B7208B09","geometry":{"type":"Point","coordinates":[20.0404424120457,50.0738729422146]},"properties":{"nazwa":"Miejsce ochronne","rodzajZrodla":"Obiekt ochrony ludności","adres":"Osiedle Centrum B 6, Kraków","dostepnosc":"Na żądanie"}},{"type":"Feature","id":"OZO-12B5D48D8193","geometry":{"type":"Point","coordinates":[20.0836628310464,50.0839685354552]},"properties":{"nazwa":"Miejsce ochronne","rodzajZrodla":"Obiekt ochrony ludności","adres":"ul. Mrozowa 27, Kraków","dostepnosc":"Na żądanie"}},{"type":"Feature","id":"OZO-BFD3D2531C49","geometry":{"type":"Point","coordinates":[20.0804944928867,50.0805505743471]},"properties":{"nazwa":"Miejsce ochronne","rodzajZrodla":"Obiekt ochrony ludności","adres":"ul. Tadeusza Sendzimira 1, Kraków","dostepnosc":"Na żądanie"}},{"type":"Feature","id":"OZO-B1734F0F21A6","geometry":{"type":"Point","coordinates":[20.077800977305,50.0803000931732]},"properties":{"nazwa":"Miejsce ochronne","rodzajZrodla":"Obiekt ochrony ludności","adres":"ul. Tadeusza Sendzimira 1, Kraków","dostepnosc":"Na żądanie"}},{"type":"Feature","id":"OZO-D02DE2580532","geometry":{"type":"Point","coordinates":[20.0731258774264,50.082130476772]},"properties":{"nazwa":"Miejsce ochronne","rodzajZrodla":"Obiekt ochrony ludności","adres":"ul. Tadeusza Sendzimira 2, Kraków","dostepnosc":"Na żądanie"}},{"type":"Feature","id":"OZO-6968E05406CB","geometry":{"type":"Point","coordinates":[20.0973380636838,50.0817078326711]},"properties":{"nazwa":"Miejsce ochronne","rodzajZrodla":"Obiekt ochrony ludności","adres":"ul. Igołomska 15, Kraków","dostepnosc":"Na żądanie"}},{"type":"Feature","id":"OZO-5A7DBF7A6702","geometry":{"type":"Point","coordinates":[20.0846078001595,50.0664819757025]},"properties":{"nazwa":"Miejsce ochronne","rodzajZrodla":"Obiekt ochrony ludności","adres":"ul. Igołomska 9, Kraków","dostepnosc":"Na żądanie"}},{"type":"Feature","id":"OZO-2545A562A641","geometry":{"type":"Point","coordinates":[20.0838963438262,50.0821757045686]},"properties":{"nazwa":"Miejsce ochronne","rodzajZrodla":"Obiekt ochrony ludności","adres":"ul. Mrozowa 13, Kraków","dostepnosc":"Na żądanie"}},{"type":"Feature","id":"OZO-E0428FC74AD0","geometry":{"type":"Point","coordinates":[20.0837255875976,50.0840671433191]},"properties":{"nazwa":"Miejsce ochronne","rodzajZrodla":"Obiekt ochrony ludności","adres":"ul. Mrozowa 27, Kraków","dostepnosc":"Na żądanie"}},{"type":"Feature","id":"OZO-8BC424D9F1ED","geometry":{"type":"Point","coordinates":[20.1423242552612,50.0598022258606]},"properties":{"nazwa":"Miejsce ochronne","rodzajZrodla":"Obiekt ochrony ludności","adres":"ul. Branicka 26, Kraków","dostepnosc":"Określone godziny"}},{"type":"Feature","id":"OZO-8F86C24FB035","geometry":{"type":"Point","coordinates":[20.1215550210893,50.056059989173]},"properties":{"nazwa":"Miejsce ochronne","rodzajZrodla":"Obiekt ochrony ludności","adres":"ul. Branicka 2h, Kraków","dostepnosc":"Na żądanie"}},{"type":"Feature","id":"OZO-E416BA0D3E45","geometry":{"type":"Point","coordinates":[20.0864460142279,50.073789284128]},"properties":{"nazwa":"Miejsce ochronne","rodzajZrodla":"Obiekt ochrony ludności","adres":"ul. Igołomska 11, Kraków","dostepnosc":"Na żądanie"}},{"type":"Feature","id":"OZO-003D88F610D0","geometry":{"type":"Point","coordinates":[20.0279866666667,50.0736033333333]},"properties":{"nazwa":"Miejsce ochronne","rodzajZrodla":"Obiekt ochrony ludności","adres":"Osiedle Kolorowe 12a, Kraków","dostepnosc":"Na żądanie"}},{"type":"Feature","id":"OZO-8CE7CD8B1C7B","geometry":{"type":"Point","coordinates":[20.1056236061088,50.0877563591108]},"properties":{"nazwa":"Miejsce ochronne","rodzajZrodla":"Obiekt ochrony ludności","adres":"ul. Lubocka 177, Kraków","dostepnosc":"Na żądanie"}},{"type":"Feature","id":"OZO-B647CFB59292","geometry":{"type":"Point","coordinates":[20.0670224662465,50.0786802772584]},"properties":{"nazwa":"Miejsce ochronne","rodzajZrodla":"Obiekt ochrony ludności","adres":"ul. Ujastek 1, Kraków","dostepnosc":"Na żądanie"}},{"type":"Feature","id":"OZO-C760E675ABEB","geometry":{"type":"Point","coordinates":[20.066938157562,50.0797131181922]},"properties":{"nazwa":"Miejsce ochronne","rodzajZrodla":"Obiekt ochrony ludności","adres":"ul. Ujastek 2, Kraków","dostepnosc":"Na żądanie"}},{"type":"Feature","id":"OZO-FC700CA32CF9","geometry":{"type":"Point","coordinates":[20.0755132485804,50.0664534228776]},"properties":{"nazwa":"Miejsce ochronne","rodzajZrodla":"Obiekt ochrony ludności","adres":"ul. Igołomska 7, Kraków","dostepnosc":"Na żądanie"}},{"type":"Feature","id":"OZO-27DBC332137B","geometry":{"type":"Point","coordinates":[20.0938817747706,50.0838867907917]},"properties":{"nazwa":"Miejsce ochronne","rodzajZrodla":"Obiekt ochrony ludności","adres":"ul. Mrozowa 39, Kraków","dostepnosc":"Na żądanie"}},{"type":"Feature","id":"OZO-0CCD6BDDBD95","geometry":{"type":"Point","coordinates":[20.0378070202377,50.0747550691279]},"properties":{"nazwa":"Miejsce ochronne","rodzajZrodla":"Obiekt ochrony ludności","adres":"Osiedle Centrum C 3, Kraków","dostepnosc":"Na żądanie"}},{"type":"Feature","id":"OZO-FB91B7343059","geometry":{"type":"Point","coordinates":[20.0356954338583,50.0738315966615]},"properties":{"nazwa":"Miejsce ochronne","rodzajZrodla":"Obiekt ochrony ludności","adres":"Osiedle Centrum C 9, Kraków","dostepnosc":"Na żądanie"}},{"type":"Feature","id":"OZO-B2544DA4ADA9","geometry":{"type":"Point","coordinates":[20.0362316666667,50.074945]},"properties":{"nazwa":"Miejsce ochronne","rodzajZrodla":"Obiekt ochrony ludności","adres":"Osiedle Centrum C 5, Kraków","dostepnosc":"Na żądanie"}},{"type":"Feature","id":"OZO-EE5F9560D15D","geometry":{"type":"Point","coordinates":[20.0357406164042,50.0743764104349]},"properties":{"nazwa":"Miejsce ochronne","rodzajZrodla":"Obiekt ochrony ludności","adres":"Osiedle Centrum C 11, Kraków","dostepnosc":"Na żądanie"}},{"type":"Feature","id":"OZO-6DEDF4DD0A20","geometry":{"type":"Point","coordinates":[20.0287837566122,50.0741154718693]},"properties":{"nazwa":"Miejsce ochronne","rodzajZrodla":"Obiekt ochrony ludności","adres":"Osiedle Kolorowe 9, Kraków","dostepnosc":"Na żądanie"}},{"type":"Feature","id":"OZO-D5C59662193D","geometry":{"type":"Point","coordinates":[20.0355475562159,50.0750324226562]},"properties":{"nazwa":"Miejsce ochronne","rodzajZrodla":"Obiekt ochrony ludności","adres":"Osiedle Centrum C 6, Kraków","dostepnosc":"Na żądanie"}},{"type":"Feature","id":"OZO-EDC508B794D8","geometry":{"type":"Point","coordinates":[20.03974,50.074038411768]},"properties":{"nazwa":"Miejsce ochronne","rodzajZrodla":"Obiekt ochrony ludności","adres":"Osiedle Centrum B 4a, Kraków","dostepnosc":"Na żądanie"}},{"type":"Feature","id":"OZO-0085DE9C9B8C","geometry":{"type":"Point","coordinates":[20.0290630277761,50.0744884669862]},"properties":{"nazwa":"Miejsce ochronne","rodzajZrodla":"Obiekt ochrony ludności","adres":"Osiedle Kolorowe 8, Kraków","dostepnosc":"Na żądanie"}},{"type":"Feature","id":"OZO-F0C879738A7F","geometry":{"type":"Point","coordinates":[19.9561353730344,50.0421727896948]},"properties":{"nazwa":"Miejsce ochronne","rodzajZrodla":"Obiekt ochrony ludności","adres":"ul. por. Antoniego Stawarza 16, Kraków","dostepnosc":"Na żądanie"}},{"type":"Feature","id":"OZO-48AADA70F32A","geometry":{"type":"Point","coordinates":[20.0283488531749,50.0773252730574]},"properties":{"nazwa":"Miejsce ochronne","rodzajZrodla":"Obiekt ochrony ludności","adres":"Osiedle Spółdzielcze 13, Kraków","dostepnosc":"Na żądanie"}},{"type":"Feature","id":"OZO-339563EC2C5A","geometry":{"type":"Point","coordinates":[19.9564011860436,50.0555501180028]},"properties":{"nazwa":"Miejsce ochronne","rodzajZrodla":"Obiekt ochrony ludności","adres":"ul. Rzeźnicza 18, Kraków","dostepnosc":"Całodobowa"}},{"type":"Feature","id":"OZO-B238504061E0","geometry":{"type":"Point","coordinates":[19.9566792137719,50.0561808143073]},"properties":{"nazwa":"Miejsce ochronne","rodzajZrodla":"Obiekt ochrony ludności","adres":"ul. Rzeźnicza 8, Kraków","dostepnosc":"Na żądanie"}},{"type":"Feature","id":"OZO-B668F6164FB2","geometry":{"type":"Point","coordinates":[19.9543435964521,50.0566627737398]},"properties":{"nazwa":"Miejsce ochronne","rodzajZrodla":"Obiekt ochrony ludności","adres":"ul. Prochowa 2, Kraków","dostepnosc":"Na żądanie"}},{"type":"Feature","id":"OZO-A100ACC3C884","geometry":{"type":"Point","coordinates":[19.967143175293813,50.08435713564291]},"properties":{"nazwa":"Miejsce ochronne","rodzajZrodla":"Obiekt ochrony ludności","adres":"ul. Lublańska 24, Kraków","dostepnosc":"Na żądanie"}},{"type":"Feature","id":"OZO-5CFF1E051E28","geometry":{"type":"Point","coordinates":[19.9687105975899,50.0582530303198]},"properties":{"nazwa":"Miejsce ochronne","rodzajZrodla":"Obiekt ochrony ludności","adres":"ul. Grzegórzecka 94, Kraków","dostepnosc":"Na żądanie"}},{"type":"Feature","id":"OZO-059CCE9DBB9E","geometry":{"type":"Point","coordinates":[19.9654457624841,50.0584401563082]},"properties":{"nazwa":"Miejsce ochronne","rodzajZrodla":"Obiekt ochrony ludności","adres":"ul. Stefana Bobrowskiego 2, Kraków","dostepnosc":"Na żądanie"}},{"type":"Feature","id":"OZO-BF8B85CC9F9E","geometry":{"type":"Point","coordinates":[19.9593418929537,50.0723037403414]},"properties":{"nazwa":"Miejsce ochronne","rodzajZrodla":"Obiekt ochrony ludności","adres":"ul. Olszańska 12, Kraków","dostepnosc":"Na żądanie"}},{"type":"Feature","id":"OZO-1B0B9952EFE7","geometry":{"type":"Point","coordinates":[19.969133558928522,50.08406624137844]},"properties":{"nazwa":"Miejsce ochronne","rodzajZrodla":"Obiekt ochrony ludności","adres":"ul. Macieja Miechowity 21, Kraków","dostepnosc":"Na żądanie"}},{"type":"Feature","id":"OZO-619C8025D38B","geometry":{"type":"Point","coordinates":[19.9585118330822,50.0565809663649]},"properties":{"nazwa":"Miejsce ochronne","rodzajZrodla":"Obiekt ochrony ludności","adres":"ul. Kotlarska 5, Kraków","dostepnosc":"Na żądanie"}},{"type":"Feature","id":"OZO-A6FEF1A06DE7","geometry":{"type":"Point","coordinates":[19.9675067212496,50.0667254845684]},"properties":{"nazwa":"Miejsce ochronne","rodzajZrodla":"Obiekt ochrony ludności","adres":"ul. Mogilska 64, Kraków","dostepnosc":"Na żądanie"}},{"type":"Feature","id":"OZO-248CBE2869C6","geometry":{"type":"Point","coordinates":[19.9496344756101,50.0575888902217]},"properties":{"nazwa":"Miejsce ochronne","rodzajZrodla":"Obiekt ochrony ludności","adres":"ul. Metalowców 1, Kraków","dostepnosc":"Na żądanie"}},{"type":"Feature","id":"OZO-F47B10397F34","geometry":{"type":"Point","coordinates":[19.9565586820042,50.0567432400103]},"properties":{"nazwa":"Miejsce ochronne","rodzajZrodla":"Obiekt ochrony ludności","adres":"ul. Rzeźnicza 5, Kraków","dostepnosc":"Na żądanie"}},{"type":"Feature","id":"OZO-9644EDD66D78","geometry":{"type":"Point","coordinates":[19.966448891503,50.0663703014882]},"properties":{"nazwa":"Miejsce ochronne","rodzajZrodla":"Obiekt ochrony ludności","adres":"ul. Mogilska 39, Kraków","dostepnosc":"Na żądanie"}},{"type":"Feature","id":"OZO-E2F56B8FF339","geometry":{"type":"Point","coordinates":[19.9510527774464,50.0577442068875]},"properties":{"nazwa":"Miejsce ochronne","rodzajZrodla":"Obiekt ochrony ludności","adres":"ul. AlejaIgnacego Daszyńskiego 13, Kraków","dostepnosc":"Na żądanie"}},{"type":"Feature","id":"OZO-000C3457F6AC","geometry":{"type":"Point","coordinates":[19.9533537775061,50.0543452194214]},"properties":{"nazwa":"Miejsce ochronne","rodzajZrodla":"Obiekt ochrony ludności","adres":"ul. AlejaIgnacego Daszyńskiego 29, Kraków","dostepnosc":"Na żądanie"}},{"type":"Feature","id":"OZO-27AE8152E874","geometry":{"type":"Point","coordinates":[19.95702947692,50.0666608933591]},"properties":{"nazwa":"Miejsce ochronne","rodzajZrodla":"Obiekt ochrony ludności","adres":"ul. Iwony Borowickiej 7, Kraków","dostepnosc":"Na żądanie"}},{"type":"Feature","id":"OZO-D9C096476D46","geometry":{"type":"Point","coordinates":[19.9686428158081,50.06718148803]},"properties":{"nazwa":"Miejsce ochronne","rodzajZrodla":"Obiekt ochrony ludności","adres":"ul. Bohdana Zaleskiego 47, Kraków","dostepnosc":"Na żądanie"}},{"type":"Feature","id":"OZO-BDD8791E4288","geometry":{"type":"Point","coordinates":[19.9586676526622,50.0559173710905]},"properties":{"nazwa":"Miejsce ochronne","rodzajZrodla":"Obiekt ochrony ludności","adres":"ul. Kotlarska 7, Kraków","dostepnosc":"Na żądanie"}},{"type":"Feature","id":"OZO-E8F9DC95DD4E","geometry":{"type":"Point","coordinates":[19.9647036287769,50.0591495167739]},"properties":{"nazwa":"Miejsce ochronne","rodzajZrodla":"Obiekt ochrony ludności","adres":"Aleja Pokoju 7, Kraków","dostepnosc":"Na żądanie"}},{"type":"Feature","id":"OZO-139D19DD5059","geometry":{"type":"Point","coordinates":[19.9585080730113,50.067084921344]},"properties":{"nazwa":"Miejsce ochronne","rodzajZrodla":"Obiekt ochrony ludności","adres":"ul. Mogilska 16, Kraków","dostepnosc":"Na żądanie"}},{"type":"Feature","id":"OZO-5CC730C8BD4B","geometry":{"type":"Point","coordinates":[19.9585118330822,50.0565809663649]},"properties":{"nazwa":"Miejsce ochronne","rodzajZrodla":"Obiekt ochrony ludności","adres":"ul. Kotlarska 5, Kraków","dostepnosc":"Na żądanie"}},{"type":"Feature","id":"OZO-670D56AACE27","geometry":{"type":"Point","coordinates":[19.959024076911,50.067097715727]},"properties":{"nazwa":"Miejsce ochronne","rodzajZrodla":"Obiekt ochrony ludności","adres":"ul. Mogilska 20, Kraków","dostepnosc":"Na żądanie"}},{"type":"Feature","id":"OZO-C9E6E9C4EDF1","geometry":{"type":"Point","coordinates":[19.9678169164373,50.0667187270312]},"properties":{"nazwa":"Miejsce ochronne","rodzajZrodla":"Obiekt ochrony ludności","adres":"ul. Mogilska 66, Kraków","dostepnosc":"Na żądanie"}},{"type":"Feature","id":"OZO-EE6999C4D0A3","geometry":{"type":"Point","coordinates":[19.94287958366,50.056834686574]},"properties":{"nazwa":"Miejsce ochronne","rodzajZrodla":"Obiekt ochrony ludności","adres":"ul. Józefa Sarego 16, Kraków","dostepnosc":"Całodobowa"}},{"type":"Feature","id":"OZO-2B4A3E853927","geometry":{"type":"Point","coordinates":[19.9430778994891,50.0496372720458]},"properties":{"nazwa":"Miejsce ochronne","rodzajZrodla":"Obiekt ochrony ludności","adres":"ul. Krakowska 28, Kraków","dostepnosc":"Na żądanie"}},{"type":"Feature","id":"OZO-5B86D2394BE5","geometry":{"type":"Point","coordinates":[19.9445401224981,50.0608349079549]},"properties":{"nazwa":"Miejsce ochronne","rodzajZrodla":"Obiekt ochrony ludności","adres":"ul. Westerplatte 15, Kraków","dostepnosc":"Na żądanie"}},{"type":"Feature","id":"OZO-895B8E0CFD7C","geometry":{"type":"Point","coordinates":[19.9274919213343,50.0621772832415]},"properties":{"nazwa":"Miejsce ochronne","rodzajZrodla":"Obiekt ochrony ludności","adres":"ul. Garncarska 7, Kraków","dostepnosc":"Całodobowa"}},{"type":"Feature","id":"OZO-805EF30B4078","geometry":{"type":"Point","coordinates":[19.9281600396746,50.0615714676965]},"properties":{"nazwa":"Miejsce ochronne","rodzajZrodla":"Obiekt ochrony ludności","adres":"Plac gen. Władysława Sikorskiego 2, Kraków","dostepnosc":"Na żądanie"}},{"type":"Feature","id":"OZO-A0D98B551F73","geometry":{"type":"Point","coordinates":[19.9507375112522,50.0633006391122]},"properties":{"nazwa":"Miejsce ochronne","rodzajZrodla":"Obiekt ochrony ludności","adres":"ul. Strzelecka 7, Kraków","dostepnosc":"Na żądanie"}},{"type":"Feature","id":"OZO-14E05C00D8C2","geometry":{"type":"Point","coordinates":[19.9439295008517,50.0589047652012]},"properties":{"nazwa":"Miejsce ochronne","rodzajZrodla":"Obiekt ochrony ludności","adres":"ul. Wielopole 6, Kraków","dostepnosc":"Na żądanie"}},{"type":"Feature","id":"OZO-074F78BB80EA","geometry":{"type":"Point","coordinates":[19.9284688289876,50.0615662709165]},"properties":{"nazwa":"Miejsce ochronne","rodzajZrodla":"Obiekt ochrony ludności","adres":"Plac gen. Władysława Sikorskiego 3, Kraków","dostepnosc":"Na żądanie"}},{"type":"Feature","id":"OZO-0C7947F29ADF","geometry":{"type":"Point","coordinates":[19.9410986806923,50.0462593650661]},"properties":{"nazwa":"Miejsce ochronne","rodzajZrodla":"Obiekt ochrony ludności","adres":"ul. Hieronima Wietora 13, Kraków","dostepnosc":"Na żądanie"}},{"type":"Feature","id":"OZO-489B175F5097","geometry":{"type":"Point","coordinates":[19.9443428124973,50.0705618132234]},"properties":{"nazwa":"Miejsce ochronne","rodzajZrodla":"Obiekt ochrony ludności","adres":"ul. Szlak 50, Kraków","dostepnosc":"Na żądanie"}},{"type":"Feature","id":"OZO-82245F6C7EBA","geometry":{"type":"Point","coordinates":[19.9442979999997,50.0491822999992]},"properties":{"nazwa":"Miejsce ochronne","rodzajZrodla":"Obiekt ochrony ludności","adres":"Plac Wolnica 5, Kraków","dostepnosc":"Na żądanie"}},{"type":"Feature","id":"OZO-5101A6C8A524","geometry":{"type":"Point","coordinates":[19.9544955400235,50.065695083309]},"properties":{"nazwa":"Miejsce ochronne","rodzajZrodla":"Obiekt ochrony ludności","adres":"ul. Ariańska 3, Kraków","dostepnosc":"Na żądanie"}},{"type":"Feature","id":"OZO-8647166837DF","geometry":{"type":"Point","coordinates":[19.9384632560079,50.0724236643351]},"properties":{"nazwa":"Miejsce ochronne","rodzajZrodla":"Obiekt ochrony ludności","adres":"ul. Helclów 21, Kraków","dostepnosc":"Całodobowa"}},{"type":"Feature","id":"OZO-1B69428C3950","geometry":{"type":"Point","coordinates":[19.9544810546023,50.0657002607466]},"properties":{"nazwa":"Miejsce ochronne","rodzajZrodla":"Obiekt ochrony ludności","adres":"ul. Ariańska 3, Kraków","dostepnosc":"Na żądanie"}},{"type":"Feature","id":"OZO-2CC33347ACD0","geometry":{"type":"Point","coordinates":[19.9678682389709,50.0724592097077]},"properties":{"nazwa":"Miejsce ochronne","rodzajZrodla":"Obiekt ochrony ludności","adres":"ul. Lotnicza 4, Kraków","dostepnosc":"Na żądanie"}},{"type":"Feature","id":"OZO-BC44D91FCD9C","geometry":{"type":"Point","coordinates":[19.9610833764991,50.0619599948289]},"properties":{"nazwa":"Miejsce ochronne","rodzajZrodla":"Obiekt ochrony ludności","adres":"Aleja Powstania Warszawskiego 10, Kraków","dostepnosc":"Na żądanie"}},{"type":"Feature","id":"OZO-1C6FA6F7191E","geometry":{"type":"Point","coordinates":[19.9441743999997,50.0505547999991]},"properties":{"nazwa":"Miejsce ochronne","rodzajZrodla":"Obiekt ochrony ludności","adres":"ul. Józefa 12, Kraków","dostepnosc":"Na żądanie"}},{"type":"Feature","id":"OZO-144A4D14E928","geometry":{"type":"Point","coordinates":[19.9388864419142,50.0721323754333]},"properties":{"nazwa":"Miejsce ochronne","rodzajZrodla":"Obiekt ochrony ludności","adres":"ul. Helclów 25, Kraków","dostepnosc":"Na żądanie"}},{"type":"Feature","id":"OZO-41176B498352","geometry":{"type":"Point","coordinates":[19.9443374999997,50.0497771999991]},"properties":{"nazwa":"Miejsce ochronne","rodzajZrodla":"Obiekt ochrony ludności","adres":"ul. Bożego Ciała 29, Kraków","dostepnosc":"Na żądanie"}},{"type":"Feature","id":"OZO-76D9E5BC47FF","geometry":{"type":"Point","coordinates":[19.9590455088574,50.0543964747593]},"properties":{"nazwa":"Miejsce ochronne","rodzajZrodla":"Obiekt ochrony ludności","adres":"ul. Kotlarska 11, Kraków","dostepnosc":"Na żądanie"}},{"type":"Feature","id":"OZO-3FE544EADFB4","geometry":{"type":"Point","coordinates":[19.9539018791259,50.0695017080592]},"properties":{"nazwa":"Miejsce ochronne","rodzajZrodla":"Obiekt ochrony ludności","adres":"ul. Rakowicka 20A, Kraków","dostepnosc":"Na żądanie"}},{"type":"Feature","id":"OZO-AD3CEA2B431D","geometry":{"type":"Point","coordinates":[19.9424852635099,50.0559396320937]},"properties":{"nazwa":"Miejsce ochronne","rodzajZrodla":"Obiekt ochrony ludności","adres":"ul. Wojciecha Bogusławskiego 8, Kraków","dostepnosc":"Na żądanie"}},{"type":"Feature","id":"OZO-934323A533B9","geometry":{"type":"Point","coordinates":[19.9470781067453,50.0589558253447]},"properties":{"nazwa":"Miejsce ochronne","rodzajZrodla":"Obiekt ochrony ludności","adres":"ul. Bonerowska 9, Kraków","dostepnosc":"Na żądanie"}},{"type":"Feature","id":"OZO-49010F727663","geometry":{"type":"Point","coordinates":[19.9540690980565,50.069176129724]},"properties":{"nazwa":"Miejsce ochronne","rodzajZrodla":"Obiekt ochrony ludności","adres":"ul. Rakowicka 27, Kraków","dostepnosc":"Na żądanie"}},{"type":"Feature","id":"OZO-BA6B7C86F1CF","geometry":{"type":"Point","coordinates":[19.9424926750094,50.0558024971074]},"properties":{"nazwa":"Miejsce ochronne","rodzajZrodla":"Obiekt ochrony ludności","adres":"ul. Wojciecha Bogusławskiego 10, Kraków","dostepnosc":"Na żądanie"}},{"type":"Feature","id":"OZO-3A0D5EB7AA11","geometry":{"type":"Point","coordinates":[19.9425695829212,50.0465241393152]},"properties":{"nazwa":"Miejsce ochronne","rodzajZrodla":"Obiekt ochrony ludności","adres":"ul. Adama Chmielowskiego 6, Kraków","dostepnosc":"Na żądanie"}},{"type":"Feature","id":"OZO-C87B4FBD2E3E","geometry":{"type":"Point","coordinates":[19.9415510747275,50.0463452061353]},"properties":{"nazwa":"Miejsce ochronne","rodzajZrodla":"Obiekt ochrony ludności","adres":"ul. Adama Chmielowskiego 2, Kraków","dostepnosc":"Na żądanie"}},{"type":"Feature","id":"OZO-08F198272D91","geometry":{"type":"Point","coordinates":[19.9252230208019,50.0627383543471]},"properties":{"nazwa":"Miejsce ochronne","rodzajZrodla":"Obiekt ochrony ludności","adres":"ul. Krupnicza 33, Kraków","dostepnosc":"Na żądanie"}},{"type":"Feature","id":"OZO-3F098AA2E8E7","geometry":{"type":"Point","coordinates":[19.9429995248482,50.0471023189911]},"properties":{"nazwa":"Miejsce ochronne","rodzajZrodla":"Obiekt ochrony ludności","adres":"ul. Krakowska 45, Kraków","dostepnosc":"Na żądanie"}},{"type":"Feature","id":"OZO-E86D805ECE69","geometry":{"type":"Point","coordinates":[19.9411961272817,50.0467188269532]},"properties":{"nazwa":"Miejsce ochronne","rodzajZrodla":"Obiekt ochrony ludności","adres":"ul. Hieronima Wietora 8, Kraków","dostepnosc":"Całodobowa"}},{"type":"Feature","id":"OZO-C4945CB7BF72","geometry":{"type":"Point","coordinates":[19.9421154529316,50.0256123657613]},"properties":{"nazwa":"Miejsce ochronne","rodzajZrodla":"Obiekt ochrony ludności","adres":"ul. Aleksandra Fredry 6C, Kraków","dostepnosc":"Na żądanie"}},{"type":"Feature","id":"OZO-78E7C98FE2B6","geometry":{"type":"Point","coordinates":[19.94189411401749,50.025792565892296]},"properties":{"nazwa":"Miejsce ochronne","rodzajZrodla":"Obiekt ochrony ludności","adres":"ul. Aleksandra Fredry 6B, Kraków","dostepnosc":"Na żądanie"}},{"type":"Feature","id":"OZO-272022A4E5FB","geometry":{"type":"Point","coordinates":[19.94291889,50.02520243]},"properties":{"nazwa":"Miejsce ochronne","rodzajZrodla":"Obiekt ochrony ludności","adres":"ul. Aleksandra Fredry 6J, Kraków","dostepnosc":"Na żądanie"}},{"type":"Feature","id":"OZO-B777DFAACEF6","geometry":{"type":"Point","coordinates":[19.8883281225396,50.0053481965967]},"properties":{"nazwa":"Miejsce ochronne","rodzajZrodla":"Obiekt ochrony ludności","adres":"ul. dr. Józefa Babińskiego 23c, Kraków","dostepnosc":"Na żądanie"}},{"type":"Feature","id":"OZO-77D95D09D4C2","geometry":{"type":"Point","coordinates":[19.8886290564614,50.00598934945]},"properties":{"nazwa":"Miejsce ochronne","rodzajZrodla":"Obiekt ochrony ludności","adres":"ul. dr. Józefa Babińskiego 23b, Kraków","dostepnosc":"Na żądanie"}},{"type":"Feature","id":"OZO-C6D676C7D45F","geometry":{"type":"Point","coordinates":[19.943591952323917,50.02517739183513]},"properties":{"nazwa":"Miejsce ochronne","rodzajZrodla":"Obiekt ochrony ludności","adres":"ul. Aleksandra Fredry 6P, Kraków","dostepnosc":"Na żądanie"}},{"type":"Feature","id":"OZO-14EC9E1CD44E","geometry":{"type":"Point","coordinates":[19.93289809,50.04551667]},"properties":{"nazwa":"Miejsce ochronne","rodzajZrodla":"Obiekt ochrony ludności","adres":"ul. Barska 69, Kraków","dostepnosc":"Na żądanie"}},{"type":"Feature","id":"OZO-D669618B17ED","geometry":{"type":"Point","coordinates":[19.9434738376907,50.0259961535559]},"properties":{"nazwa":"Miejsce ochronne","rodzajZrodla":"Obiekt ochrony ludności","adres":"ul. Aleksandra Fredry 6M, Kraków","dostepnosc":"Na żądanie"}},{"type":"Feature","id":"OZO-F86BBD42A391","geometry":{"type":"Point","coordinates":[19.8960624939158,50.0185260286167]},"properties":{"nazwa":"Miejsce ochronne","rodzajZrodla":"Obiekt ochrony ludności","adres":"ul. prof. Władysława Konopczyńskiego 17, Kraków","dostepnosc":"Na żądanie"}},{"type":"Feature","id":"OZO-D0E093A2755E","geometry":{"type":"Point","coordinates":[19.8963241812374,50.0182217606969]},"properties":{"nazwa":"Miejsce ochronne","rodzajZrodla":"Obiekt ochrony ludności","adres":"ul. prof. Władysława Konopczyńskiego 16, Kraków","dostepnosc":"Na żądanie"}},{"type":"Feature","id":"OZO-8D59B115EDBD","geometry":{"type":"Point","coordinates":[19.8853451210412,50.0020154794553]},"properties":{"nazwa":"Miejsce ochronne","rodzajZrodla":"Obiekt ochrony ludności","adres":"ul. Spacerowa 17, Kraków","dostepnosc":"Na żądanie"}},{"type":"Feature","id":"OZO-8B3E861D27FE","geometry":{"type":"Point","coordinates":[19.8985972247552,50.0193133763878]},"properties":{"nazwa":"Miejsce ochronne","rodzajZrodla":"Obiekt ochrony ludności","adres":"ul. Chmieleniec 6, Kraków","dostepnosc":"Na żądanie"}},{"type":"Feature","id":"OZO-16B2664C9021","geometry":{"type":"Point","coordinates":[19.8978560897702,50.018301669628]},"properties":{"nazwa":"Miejsce ochronne","rodzajZrodla":"Obiekt ochrony ludności","adres":"ul. Chmieleniec 10, Kraków","dostepnosc":"Na żądanie"}},{"type":"Feature","id":"OZO-0F24D80B4A6D","geometry":{"type":"Point","coordinates":[19.8968332464771,50.0169385939389]},"properties":{"nazwa":"Miejsce ochronne","rodzajZrodla":"Obiekt ochrony ludności","adres":"ul. Chmieleniec 18, Kraków","dostepnosc":"Na żądanie"}},{"type":"Feature","id":"OZO-09FD2F8FEA77","geometry":{"type":"Point","coordinates":[19.8979897992334,50.0188244737161]},"properties":{"nazwa":"Miejsce ochronne","rodzajZrodla":"Obiekt ochrony ludności","adres":"ul. Chmieleniec 8, Kraków","dostepnosc":"Na żądanie"}},{"type":"Feature","id":"OZO-8E683CFB8DEF","geometry":{"type":"Point","coordinates":[19.8971087775466,50.0189852660298]},"properties":{"nazwa":"Miejsce ochronne","rodzajZrodla":"Obiekt ochrony ludności","adres":"ul. Chmieleniec 2b, Kraków","dostepnosc":"Na żądanie"}},{"type":"Feature","id":"OZO-AE42C34FDBF4","geometry":{"type":"Point","coordinates":[19.9436597933107,50.0165095257454]},"properties":{"nazwa":"Miejsce ochronne","rodzajZrodla":"Obiekt ochrony ludności","adres":"ul. Harcmistrza Stanisława Millana 16, Kraków","dostepnosc":"Na żądanie"}},{"type":"Feature","id":"OZO-D6953D3EEC71","geometry":{"type":"Point","coordinates":[19.9281866666667,50.0330833333333]},"properties":{"nazwa":"Miejsce ochronne","rodzajZrodla":"Obiekt ochrony ludności","adres":"ul. Rzemieślnicza 34, Kraków","dostepnosc":"Na żądanie"}},{"type":"Feature","id":"OZO-B23C10FE3AD3","geometry":{"type":"Point","coordinates":[19.9289183333333,50.0333583333333]},"properties":{"nazwa":"Miejsce ochronne","rodzajZrodla":"Obiekt ochrony ludności","adres":"ul. Rzemieślnicza 32, Kraków","dostepnosc":"Na żądanie"}},{"type":"Feature","id":"OZO-E67BC6D14706","geometry":{"type":"Point","coordinates":[19.94321935,50.01674382]},"properties":{"nazwa":"Miejsce ochronne","rodzajZrodla":"Obiekt ochrony ludności","adres":"ul. Harcmistrza Stanisława Millana 16A, Kraków","dostepnosc":"Na żądanie"}},{"type":"Feature","id":"OZO-87466A7C5476","geometry":{"type":"Point","coordinates":[19.90545898675919,50.02402111899517]},"properties":{"nazwa":"Miejsce ochronne","rodzajZrodla":"Obiekt ochrony ludności","adres":"ul. Drukarska 6, Kraków","dostepnosc":"Na żądanie"}},{"type":"Feature","id":"OZO-663B568C0542","geometry":{"type":"Point","coordinates":[19.9045483333333,50.0255716666667]},"properties":{"nazwa":"Miejsce ochronne","rodzajZrodla":"Obiekt ochrony ludności","adres":"ul. Zachodnia 25, Kraków","dostepnosc":"Na żądanie"}},{"type":"Feature","id":"OZO-48D82309ED82","geometry":{"type":"Point","coordinates":[19.9441155903431,50.0216627222363]},"properties":{"nazwa":"Miejsce ochronne","rodzajZrodla":"Obiekt ochrony ludności","adres":"ul. gen. Bolesława Roi 6B, Kraków","dostepnosc":"Na żądanie"}},{"type":"Feature","id":"OZO-990C774277BD","geometry":{"type":"Point","coordinates":[19.9102433333333,50.0201366666667]},"properties":{"nazwa":"Miejsce ochronne","rodzajZrodla":"Obiekt ochrony ludności","adres":"ul. Zalesie 27C, Kraków","dostepnosc":"Na żądanie"}},{"type":"Feature","id":"OZO-8EB38234B802","geometry":{"type":"Point","coordinates":[19.9026255408014,50.0235218045745]},"properties":{"nazwa":"Miejsce ochronne","rodzajZrodla":"Obiekt ochrony ludności","adres":"ul. Drukarska 11, Kraków","dostepnosc":"Na żądanie"}},{"type":"Feature","id":"OZO-758B2FEABC2A","geometry":{"type":"Point","coordinates":[19.91770489,50.03295921]},"properties":{"nazwa":"Miejsce ochronne","rodzajZrodla":"Obiekt ochrony ludności","adres":"ul. Pychowicka 17, Kraków","dostepnosc":"Na żądanie"}},{"type":"Feature","id":"OZO-5DFBA5E3DF79","geometry":{"type":"Point","coordinates":[19.8907168209044,50.0134547334227]},"properties":{"nazwa":"Miejsce ochronne","rodzajZrodla":"Obiekt ochrony ludności","adres":"ul. dr. Jana Piltza 42, Kraków","dostepnosc":"Na żądanie"}},{"type":"Feature","id":"OZO-5D0ED5AAD036","geometry":{"type":"Point","coordinates":[19.94099475,50.03394815]},"properties":{"nazwa":"Miejsce ochronne","rodzajZrodla":"Obiekt ochrony ludności","adres":"ul. Rydlówka 8, Kraków","dostepnosc":"Na żądanie"}},{"type":"Feature","id":"OZO-8A6DE6E7C6E0","geometry":{"type":"Point","coordinates":[19.9665911313471,50.0375973493587]},"properties":{"nazwa":"Miejsce ochronne","rodzajZrodla":"Obiekt ochrony ludności","adres":"ul. Wielicka 42, Kraków","dostepnosc":"Na żądanie"}},{"type":"Feature","id":"OZO-8A4F9EA9DC76","geometry":{"type":"Point","coordinates":[19.928968548774723,50.08705851103851]},"properties":{"nazwa":"Miejsce ochronne","rodzajZrodla":"Obiekt ochrony ludności","adres":"ul. Kluczborska 3, Kraków","dostepnosc":"Na żądanie"}},{"type":"Feature","id":"OZO-5ACF384135CB","geometry":{"type":"Point","coordinates":[19.9676186095444,50.0381615922448]},"properties":{"nazwa":"Miejsce ochronne","rodzajZrodla":"Obiekt ochrony ludności","adres":"ul. Wielicka 42b, Kraków","dostepnosc":"Na żądanie"}},{"type":"Feature","id":"OZO-2A63A9006EF5","geometry":{"type":"Point","coordinates":[19.9669787214847,50.0378145852633]},"properties":{"nazwa":"Miejsce ochronne","rodzajZrodla":"Obiekt ochrony ludności","adres":"ul. Wielicka 42C, Kraków","dostepnosc":"Na żądanie"}},{"type":"Feature","id":"OZO-06D154ECF996","geometry":{"type":"Point","coordinates":[19.91711057,50.03264146]},"properties":{"nazwa":"Miejsce ochronne","rodzajZrodla":"Obiekt ochrony ludności","adres":"ul. Pychowicka 19, Kraków","dostepnosc":"Całodobowa"}},{"type":"Feature","id":"OZO-5BF4F75C69D6","geometry":{"type":"Point","coordinates":[19.94099475,50.03394815]},"properties":{"nazwa":"Miejsce ochronne","rodzajZrodla":"Obiekt ochrony ludności","adres":"ul. Rydlówka 8, Kraków","dostepnosc":"Na żądanie"}},{"type":"Feature","id":"OZO-C8B531A66B31","geometry":{"type":"Point","coordinates":[19.94173851,50.0333613]},"properties":{"nazwa":"Miejsce ochronne","rodzajZrodla":"Obiekt ochrony ludności","adres":"ul. Rydlówka 4, Kraków","dostepnosc":"Na żądanie"}},{"type":"Feature","id":"OZO-DD656DBFA2FF","geometry":{"type":"Point","coordinates":[19.8896630667452,50.0107693140101]},"properties":{"nazwa":"Miejsce ochronne","rodzajZrodla":"Obiekt ochrony ludności","adres":"ul. dr. Jana Piltza 29, Kraków","dostepnosc":"Na żądanie"}},{"type":"Feature","id":"OZO-E3ED788C857A","geometry":{"type":"Point","coordinates":[19.916882514953617,50.03243490993247]},"properties":{"nazwa":"Miejsce ochronne","rodzajZrodla":"Obiekt ochrony ludności","adres":"ul. Pychowicka 16, Kraków","dostepnosc":"Na żądanie"}},{"type":"Feature","id":"OZO-1FC23ADB4990","geometry":{"type":"Point","coordinates":[19.9347053840452,50.0349427061318]},"properties":{"nazwa":"Miejsce ochronne","rodzajZrodla":"Obiekt ochrony ludności","adres":"Aleja gen. Jana Skrzyneckiego 4, Kraków","dostepnosc":"Na żądanie"}},{"type":"Feature","id":"OZO-C96FE2C30FF6","geometry":{"type":"Point","coordinates":[19.8973353970243,50.0169043430673]},"properties":{"nazwa":"Miejsce ochronne","rodzajZrodla":"Obiekt ochrony ludności","adres":"ul. Chmieleniec 41, Kraków","dostepnosc":"Na żądanie"}},{"type":"Feature","id":"OZO-CE4F7D6FBBA4","geometry":{"type":"Point","coordinates":[19.9008527855445,50.0197025133684]},"properties":{"nazwa":"Miejsce ochronne","rodzajZrodla":"Obiekt ochrony ludności","adres":"ul. Chmieleniec 17, Kraków","dostepnosc":"Na żądanie"}},{"type":"Feature","id":"OZO-13266A874C09","geometry":{"type":"Point","coordinates":[19.900416914241,50.0197762962128]},"properties":{"nazwa":"Miejsce ochronne","rodzajZrodla":"Obiekt ochrony ludności","adres":"ul. Chmieleniec 19, Kraków","dostepnosc":"Na żądanie"}},{"type":"Feature","id":"OZO-79A06B371776","geometry":{"type":"Point","coordinates":[19.9004136344766,50.0191415834128]},"properties":{"nazwa":"Miejsce ochronne","rodzajZrodla":"Obiekt ochrony ludności","adres":"ul. Chmieleniec 15, Kraków","dostepnosc":"Na żądanie"}},{"type":"Feature","id":"OZO-97E155A6D654","geometry":{"type":"Point","coordinates":[19.8972803399297,50.0172230778471]},"properties":{"nazwa":"Miejsce ochronne","rodzajZrodla":"Obiekt ochrony ludności","adres":"ul. Chmieleniec 16, Kraków","dostepnosc":"Na żądanie"}},{"type":"Feature","id":"OZO-4C57776D94E2","geometry":{"type":"Point","coordinates":[19.829791487926,50.0489054201445]},"properties":{"nazwa":"Miejsce ochronne","rodzajZrodla":"Obiekt ochrony ludności","adres":"ul. Rędzina 1C, Kraków","dostepnosc":"Na żądanie"}},{"type":"Feature","id":"OZO-A16B6D05D2AD","geometry":{"type":"Point","coordinates":[19.8959915597907,50.0768042664393]},"properties":{"nazwa":"Miejsce ochronne","rodzajZrodla":"Obiekt ochrony ludności","adres":"ul. Wesele 14, Kraków","dostepnosc":"Całodobowa"}},{"type":"Feature","id":"OZO-87943068BC23","geometry":{"type":"Point","coordinates":[19.8218921686612,50.0476716307703]},"properties":{"nazwa":"Miejsce ochronne","rodzajZrodla":"Obiekt ochrony ludności","adres":"ul. Marszałka Mikołaja Wolskiego 4, Kraków","dostepnosc":"Na żądanie"}},{"type":"Feature","id":"OZO-A87D7389931F","geometry":{"type":"Point","coordinates":[19.90456018758754,50.004873951750405]},"properties":{"nazwa":"Miejsce ochronne","rodzajZrodla":"Obiekt ochrony ludności","adres":"ul. Borkowska 11, Kraków","dostepnosc":"Na żądanie"}},{"type":"Feature","id":"OZO-414AAD636B76","geometry":{"type":"Point","coordinates":[19.9345260526177,50.0334016285813]},"properties":{"nazwa":"Miejsce ochronne","rodzajZrodla":"Obiekt ochrony ludności","adres":"Aleja gen. Jana Skrzyneckiego 12, Kraków","dostepnosc":"Na żądanie"}},{"type":"Feature","id":"OZO-1E27CD8AC455","geometry":{"type":"Point","coordinates":[19.9345764631253,50.0347585636915]},"properties":{"nazwa":"Miejsce ochronne","rodzajZrodla":"Obiekt ochrony ludności","adres":"Aleja gen. Jana Skrzyneckiego 4A, Kraków","dostepnosc":"Na żądanie"}},{"type":"Feature","id":"OZO-FB6E5930E291","geometry":{"type":"Point","coordinates":[19.9173944070551,50.0136433681537]},"properties":{"nazwa":"Miejsce ochronne","rodzajZrodla":"Obiekt ochrony ludności","adres":"ul. Kępna 11, Kraków","dostepnosc":"Na żądanie"}},{"type":"Feature","id":"OZO-C1DF2C5CC96D","geometry":{"type":"Point","coordinates":[19.8960823404715,50.0772911605992]},"properties":{"nazwa":"Miejsce ochronne","rodzajZrodla":"Obiekt ochrony ludności","adres":"ul. Wesele 6, Kraków","dostepnosc":"Całodobowa"}},{"type":"Feature","id":"OZO-20ADB40E0D77","geometry":{"type":"Point","coordinates":[19.89615239697233,50.07609759066409]},"properties":{"nazwa":"Miejsce ochronne","rodzajZrodla":"Obiekt ochrony ludności","adres":"ul. Wesele 24, Kraków","dostepnosc":"Całodobowa"}},{"type":"Feature","id":"OZO-6382EF011306","geometry":{"type":"Point","coordinates":[19.9120817,50.0526009]},"properties":{"nazwa":"Miejsce ochronne","rodzajZrodla":"Obiekt ochrony ludności","adres":"ul. Gontyna 2, Kraków","dostepnosc":"Całodobowa"}},{"type":"Feature","id":"OZO-16CDCFD1DB87","geometry":{"type":"Point","coordinates":[19.9288507693888,50.0801766584375]},"properties":{"nazwa":"Miejsce ochronne","rodzajZrodla":"Obiekt ochrony ludności","adres":"ul. Oboźna 29B, Kraków","dostepnosc":"Całodobowa"}},{"type":"Feature","id":"OZO-D9BE8A2EFD5A","geometry":{"type":"Point","coordinates":[19.9237781,50.060132]},"properties":{"nazwa":"Miejsce ochronne","rodzajZrodla":"Obiekt ochrony ludności","adres":"Aleja 3 Maja 1, Kraków","dostepnosc":"Całodobowa"}},{"type":"Feature","id":"OZO-D62D419EC771","geometry":{"type":"Point","coordinates":[19.85265836119652,50.06750606337955]},"properties":{"nazwa":"Miejsce ochronne","rodzajZrodla":"Obiekt ochrony ludności","adres":"Aleja Kasztanowa 71A, Kraków","dostepnosc":"Całodobowa"}},{"type":"Feature","id":"OZO-0E9EA0D340FC","geometry":{"type":"Point","coordinates":[20.0090130418539,50.0662014819682]},"properties":{"nazwa":"Miejsce ochronne","rodzajZrodla":"Obiekt ochrony ludności","adres":"Aleja Pokoju 81E, Kraków","dostepnosc":"Na żądanie"}},{"type":"Feature","id":"OZO-5AB3618849B2","geometry":{"type":"Point","coordinates":[19.85297486186028,50.067442361596044]},"properties":{"nazwa":"Miejsce ochronne","rodzajZrodla":"Obiekt ochrony ludności","adres":"Aleja Kasztanowa 65, Kraków","dostepnosc":"Całodobowa"}},{"type":"Feature","id":"OZO-0A6B20F57B47","geometry":{"type":"Point","coordinates":[19.853269904851917,50.06791926208326]},"properties":{"nazwa":"Miejsce ochronne","rodzajZrodla":"Obiekt ochrony ludności","adres":"Aleja Kasztanowa 69, Kraków","dostepnosc":"Na żądanie"}},{"type":"Feature","id":"OZO-6AFC406CFB55","geometry":{"type":"Point","coordinates":[19.985377,50.0392497]},"properties":{"nazwa":"Miejsce ochronne","rodzajZrodla":"Obiekt ochrony ludności","adres":"ul. Seweryna Goszczyńskiego 5A, Kraków","dostepnosc":"Na żądanie"}},{"type":"Feature","id":"OZO-BEB7E0605848","geometry":{"type":"Point","coordinates":[19.9858302015076,50.0394050896729]},"properties":{"nazwa":"Miejsce ochronne","rodzajZrodla":"Obiekt ochrony ludności","adres":"ul. Seweryna Goszczyńskiego 5, Kraków","dostepnosc":"Na żądanie"}},{"type":"Feature","id":"OZO-A90857BE6372","geometry":{"type":"Point","coordinates":[19.9854363009528,50.0387060668852]},"properties":{"nazwa":"Miejsce ochronne","rodzajZrodla":"Obiekt ochrony ludności","adres":"ul. Seweryna Goszczyńskiego 5B, Kraków","dostepnosc":"Na żądanie"}},{"type":"Feature","id":"OZO-A4ED717C7671","geometry":{"type":"Point","coordinates":[19.9837642930776,50.0384349468887]},"properties":{"nazwa":"Miejsce ochronne","rodzajZrodla":"Obiekt ochrony ludności","adres":"ul. Saska 12E, Kraków","dostepnosc":"Na żądanie"}},{"type":"Feature","id":"OZO-DD9B86D691E5","geometry":{"type":"Point","coordinates":[20.0021545695352,50.0601740818552]},"properties":{"nazwa":"Miejsce ochronne","rodzajZrodla":"Obiekt ochrony ludności","adres":"ul. Nowohucka 46, Kraków","dostepnosc":"Na żądanie"}},{"type":"Feature","id":"OZO-E7B7F87312F5","geometry":{"type":"Point","coordinates":[19.9739034180436,50.0410835384246]},"properties":{"nazwa":"Miejsce ochronne","rodzajZrodla":"Obiekt ochrony ludności","adres":"ul. Krzywda 17G, Kraków","dostepnosc":"Na żądanie"}},{"type":"Feature","id":"OZO-40018C0FBE6E","geometry":{"type":"Point","coordinates":[19.934980720281605,50.08764535709585]},"properties":{"nazwa":"Miejsce ochronne","rodzajZrodla":"Obiekt ochrony ludności","adres":"ul. Kluczborska 29, Kraków","dostepnosc":"Na żądanie"}},{"type":"Feature","id":"OZO-4AE920A2B790","geometry":{"type":"Point","coordinates":[19.92904019956858,50.08730301280019]},"properties":{"nazwa":"Miejsce ochronne","rodzajZrodla":"Obiekt ochrony ludności","adres":"ul. Kluczborska 3, Kraków","dostepnosc":"Na żądanie"}},{"type":"Feature","id":"OZO-2B6AE5722A10","geometry":{"type":"Point","coordinates":[19.9303356798197,50.0892165513331]},"properties":{"nazwa":"Miejsce ochronne","rodzajZrodla":"Obiekt ochrony ludności","adres":"ul. Krowoderskich Zuchów 12, Kraków","dostepnosc":"Na żądanie"}},{"type":"Feature","id":"OZO-6646EBE9A633","geometry":{"type":"Point","coordinates":[19.9324786999997,50.0843756999992]},"properties":{"nazwa":"Miejsce ochronne","rodzajZrodla":"Obiekt ochrony ludności","adres":"ul. Kluczborska 56, Kraków","dostepnosc":"Na żądanie"}},{"type":"Feature","id":"OZO-5FD00A2C0BED","geometry":{"type":"Point","coordinates":[19.9843344279396,50.053861160911]},"properties":{"nazwa":"Miejsce ochronne","rodzajZrodla":"Obiekt ochrony ludności","adres":"ul. Na Zakolu Wisły 12C, Kraków","dostepnosc":"Na żądanie"}},{"type":"Feature","id":"OZO-8D64C7E93C3A","geometry":{"type":"Point","coordinates":[19.93497955099849,50.087586343101]},"properties":{"nazwa":"Miejsce ochronne","rodzajZrodla":"Obiekt ochrony ludności","adres":"ul. Kluczborska 29, Kraków","dostepnosc":"Na żądanie"}},{"type":"Feature","id":"OZO-91A6228DFF16","geometry":{"type":"Point","coordinates":[19.92968576134162,50.08937985541983]},"properties":{"nazwa":"Miejsce ochronne","rodzajZrodla":"Obiekt ochrony ludności","adres":"ul. Krowoderskich Zuchów 14, Kraków","dostepnosc":"Na żądanie"}},{"type":"Feature","id":"OZO-7DBE9121B07A","geometry":{"type":"Point","coordinates":[19.932426871362104,50.08485396604432]},"properties":{"nazwa":"Miejsce ochronne","rodzajZrodla":"Obiekt ochrony ludności","adres":"ul. Kluczborska 58, Kraków","dostepnosc":"Na żądanie"}},{"type":"Feature","id":"OZO-0BFABC2D7CC8","geometry":{"type":"Point","coordinates":[19.932456792400792,50.084873825540264]},"properties":{"nazwa":"Miejsce ochronne","rodzajZrodla":"Obiekt ochrony ludności","adres":"ul. Kluczborska 58, Kraków","dostepnosc":"Na żądanie"}},{"type":"Feature","id":"OZO-B217F5024436","geometry":{"type":"Point","coordinates":[19.9009639489935,50.0869277725401]},"properties":{"nazwa":"Miejsce ochronne","rodzajZrodla":"Obiekt ochrony ludności","adres":"ul. Eliasza Radzikowskiego 100C, Kraków","dostepnosc":"Na żądanie"}},{"type":"Feature","id":"OZO-10D21814D3FC","geometry":{"type":"Point","coordinates":[19.900738391979,50.0872746156935]},"properties":{"nazwa":"Miejsce ochronne","rodzajZrodla":"Obiekt ochrony ludności","adres":"ul. Eliasza Radzikowskiego 100D, Kraków","dostepnosc":"Na żądanie"}},{"type":"Feature","id":"OZO-A14E48205785","geometry":{"type":"Point","coordinates":[19.8995230998376,50.0860861456422]},"properties":{"nazwa":"Miejsce ochronne","rodzajZrodla":"Obiekt ochrony ludności","adres":"ul. Eliasza Radzikowskiego 106b, Kraków","dostepnosc":"Na żądanie"}},{"type":"Feature","id":"OZO-9E066F6E4B93","geometry":{"type":"Point","coordinates":[19.93055506422186,50.09666535869207]},"properties":{"nazwa":"Miejsce ochronne","rodzajZrodla":"Obiekt ochrony ludności","adres":"ul. Matki Pauli Zofii Tajber 5, Kraków","dostepnosc":"Na żądanie"}},{"type":"Feature","id":"OZO-5094AB6944EB","geometry":{"type":"Point","coordinates":[19.9004436004443,50.0867620204048]},"properties":{"nazwa":"Miejsce ochronne","rodzajZrodla":"Obiekt ochrony ludności","adres":"ul. Eliasza Radzikowskiego 100B, Kraków","dostepnosc":"Na żądanie"}},{"type":"Feature","id":"OZO-BF1B61093EF6","geometry":{"type":"Point","coordinates":[19.9012669547932,50.0871765055168]},"properties":{"nazwa":"Miejsce ochronne","rodzajZrodla":"Obiekt ochrony ludności","adres":"ul. Eliasza Radzikowskiego 100E, Kraków","dostepnosc":"Na żądanie"}},{"type":"Feature","id":"OZO-3F763FCD8AE8","geometry":{"type":"Point","coordinates":[19.900050364076584,50.0858421904831]},"properties":{"nazwa":"Miejsce ochronne","rodzajZrodla":"Obiekt ochrony ludności","adres":"ul. Eliasza Radzikowskiego 100, Kraków","dostepnosc":"Na żądanie"}},{"type":"Feature","id":"OZO-73E79BE63DDD","geometry":{"type":"Point","coordinates":[19.902153152963162,50.087161804818734]},"properties":{"nazwa":"Miejsce ochronne","rodzajZrodla":"Obiekt ochrony ludności","adres":"ul. Josepha Conrada 27A, Kraków","dostepnosc":"Na żądanie"}},{"type":"Feature","id":"OZO-ED38F47B14AF","geometry":{"type":"Point","coordinates":[19.901910424232486,50.087457773653576]},"properties":{"nazwa":"Miejsce ochronne","rodzajZrodla":"Obiekt ochrony ludności","adres":"ul. Josepha Conrada 29A, Kraków","dostepnosc":"Na żądanie"}},{"type":"Feature","id":"OZO-76EF1EFABF20","geometry":{"type":"Point","coordinates":[19.90072622895241,50.08509656882825]},"properties":{"nazwa":"Miejsce ochronne","rodzajZrodla":"Obiekt ochrony ludności","adres":"ul. Eliasza Radzikowskiego 94A, Kraków","dostepnosc":"Na żądanie"}},{"type":"Feature","id":"OZO-63FC6B011958","geometry":{"type":"Point","coordinates":[19.9006785451903,50.0846822606794]},"properties":{"nazwa":"Miejsce ochronne","rodzajZrodla":"Obiekt ochrony ludności","adres":"ul. Eliasza Radzikowskiego 94, Kraków","dostepnosc":"Na żądanie"}},{"type":"Feature","id":"OZO-A7948D0C2485","geometry":{"type":"Point","coordinates":[19.9030379149211,50.0853947864824]},"properties":{"nazwa":"Miejsce ochronne","rodzajZrodla":"Obiekt ochrony ludności","adres":"ul. Bolesława Czerwieńskiego 3a, Kraków","dostepnosc":"Na żądanie"}},{"type":"Feature","id":"OZO-7FA3A64C7261","geometry":{"type":"Point","coordinates":[19.943687170743946,50.0839968134656]},"properties":{"nazwa":"Miejsce ochronne","rodzajZrodla":"Obiekt ochrony ludności","adres":"ul. Feliksa Konecznego 6, Kraków","dostepnosc":"Na żądanie"}},{"type":"Feature","id":"OZO-3E83B6BA3D1A","geometry":{"type":"Point","coordinates":[19.936592727899555,50.083353126476936]},"properties":{"nazwa":"Miejsce ochronne","rodzajZrodla":"Obiekt ochrony ludności","adres":"ul. Pielęgniarek 2, Kraków","dostepnosc":"Na żądanie"}},{"type":"Feature","id":"OZO-8E50A37B5D5E","geometry":{"type":"Point","coordinates":[19.946554385887215,50.08224686494209]},"properties":{"nazwa":"Miejsce ochronne","rodzajZrodla":"Obiekt ochrony ludności","adres":"ul. Żabiniec 64, Kraków","dostepnosc":"Na żądanie"}},{"type":"Feature","id":"OZO-C133A3F4529C","geometry":{"type":"Point","coordinates":[19.946535720641027,50.08221186841209]},"properties":{"nazwa":"Miejsce ochronne","rodzajZrodla":"Obiekt ochrony ludności","adres":"ul. Żabiniec 64, Kraków","dostepnosc":"Na żądanie"}},{"type":"Feature","id":"OZO-26442E9987BB","geometry":{"type":"Point","coordinates":[19.9463661999997,50.0822376999992]},"properties":{"nazwa":"Miejsce ochronne","rodzajZrodla":"Obiekt ochrony ludności","adres":"ul. Żabiniec 64, Kraków","dostepnosc":"Na żądanie"}},{"type":"Feature","id":"OZO-470C431D43CB","geometry":{"type":"Point","coordinates":[19.94659468531609,50.082224071737315]},"properties":{"nazwa":"Miejsce ochronne","rodzajZrodla":"Obiekt ochrony ludności","adres":"ul. Żabiniec 64, Kraków","dostepnosc":"Na żądanie"}},{"type":"Feature","id":"OZO-9167C67FD43A","geometry":{"type":"Point","coordinates":[19.9541109986383,50.0870250445247]},"properties":{"nazwa":"Miejsce ochronne","rodzajZrodla":"Obiekt ochrony ludności","adres":"ul. Opolska 114, Kraków","dostepnosc":"Na żądanie"}},{"type":"Feature","id":"OZO-37A417DAF310","geometry":{"type":"Point","coordinates":[19.957798341224617,50.10168835502595]},"properties":{"nazwa":"Miejsce ochronne","rodzajZrodla":"Obiekt ochrony ludności","adres":"ul. Stefana Banacha 35, Kraków","dostepnosc":"Na żądanie"}},{"type":"Feature","id":"OZO-705BD037B7FE","geometry":{"type":"Point","coordinates":[19.9526939540875,50.0876290863771]},"properties":{"nazwa":"Miejsce ochronne","rodzajZrodla":"Obiekt ochrony ludności","adres":"ul. Opolska 110, Kraków","dostepnosc":"Na żądanie"}},{"type":"Feature","id":"OZO-4DAF41699115","geometry":{"type":"Point","coordinates":[19.9571691360118,50.0990394549889]},"properties":{"nazwa":"Miejsce ochronne","rodzajZrodla":"Obiekt ochrony ludności","adres":"ul. Macieja Słomczyńskiego 8, Kraków","dostepnosc":"Na żądanie"}},{"type":"Feature","id":"OZO-DAC2511C7FE0","geometry":{"type":"Point","coordinates":[19.9546907748816,50.098887658724]},"properties":{"nazwa":"Miejsce ochronne","rodzajZrodla":"Obiekt ochrony ludności","adres":"ul. Macieja Słomczyńskiego 14, Kraków","dostepnosc":"Na żądanie"}},{"type":"Feature","id":"OZO-E87CE107AFE8","geometry":{"type":"Point","coordinates":[19.9575396999519,50.0990293128877]},"properties":{"nazwa":"Miejsce ochronne","rodzajZrodla":"Obiekt ochrony ludności","adres":"ul. Macieja Słomczyńskiego 6, Kraków","dostepnosc":"Na żądanie"}},{"type":"Feature","id":"OZO-3A073E021321","geometry":{"type":"Point","coordinates":[19.944549562546673,50.08724482933954]},"properties":{"nazwa":"Miejsce ochronne","rodzajZrodla":"Obiekt ochrony ludności","adres":"ul. Andrzeja Frycza-Modrzewskiego 8, Kraków","dostepnosc":"Na żądanie"}},{"type":"Feature","id":"OZO-ED530E52FFF1","geometry":{"type":"Point","coordinates":[19.954053799999,50.0876149999974]},"properties":{"nazwa":"Miejsce ochronne","rodzajZrodla":"Obiekt ochrony ludności","adres":"ul. Opolska 112, Kraków","dostepnosc":"Na żądanie"}},{"type":"Feature","id":"OZO-26000E9E8F88","geometry":{"type":"Point","coordinates":[19.9355869290091,50.095852453638365]},"properties":{"nazwa":"Miejsce ochronne","rodzajZrodla":"Obiekt ochrony ludności","adres":"ul. Białoprądnicka 24A, Kraków","dostepnosc":"Na żądanie"}},{"type":"Feature","id":"OZO-E88E975E0565","geometry":{"type":"Point","coordinates":[19.953286796808246,50.09423956711003]},"properties":{"nazwa":"Miejsce ochronne","rodzajZrodla":"Obiekt ochrony ludności","adres":"ul. OsiedleWolfganga Amadeusa Mozarta 10, Kraków","dostepnosc":"Na żądanie"}},{"type":"Feature","id":"OZO-5CCFBBEDCFA9","geometry":{"type":"Point","coordinates":[19.9167953692884,50.0839380093449]},"properties":{"nazwa":"Miejsce ochronne","rodzajZrodla":"Obiekt ochrony ludności","adres":"ul. Piotra Stachiewicza 21, Kraków","dostepnosc":"Na żądanie"}},{"type":"Feature","id":"OZO-1D4009A1B31E","geometry":{"type":"Point","coordinates":[19.951355639743944,50.098885482870266]},"properties":{"nazwa":"Miejsce ochronne","rodzajZrodla":"Obiekt ochrony ludności","adres":"ul. Władysława Natansona 31A, Kraków","dostepnosc":"Na żądanie"}},{"type":"Feature","id":"OZO-B3120BEEB3C4","geometry":{"type":"Point","coordinates":[19.9566334999997,50.0932632999991]},"properties":{"nazwa":"Miejsce ochronne","rodzajZrodla":"Obiekt ochrony ludności","adres":"ul. Bociana 4D, Kraków","dostepnosc":"Na żądanie"}},{"type":"Feature","id":"OZO-364309710B43","geometry":{"type":"Point","coordinates":[19.8898423,50.0963559]},"properties":{"nazwa":"Miejsce ochronne","rodzajZrodla":"Obiekt ochrony ludności","adres":"ul. Stawowa 152D, Kraków","dostepnosc":"Na żądanie"}},{"type":"Feature","id":"OZO-2CD431CB2264","geometry":{"type":"Point","coordinates":[19.8894094,50.0962687]},"properties":{"nazwa":"Miejsce ochronne","rodzajZrodla":"Obiekt ochrony ludności","adres":"ul. Stawowa 152A, Kraków","dostepnosc":"Na żądanie"}},{"type":"Feature","id":"OZO-9910CBE7AE55","geometry":{"type":"Point","coordinates":[19.954595809902965,50.10115826492264]},"properties":{"nazwa":"Miejsce ochronne","rodzajZrodla":"Obiekt ochrony ludności","adres":"ul. Andrzeja Zauchy 6, Kraków","dostepnosc":"Na żądanie"}},{"type":"Feature","id":"OZO-EED5522E7B92","geometry":{"type":"Point","coordinates":[19.955471354954106,50.096861353938884]},"properties":{"nazwa":"Miejsce ochronne","rodzajZrodla":"Obiekt ochrony ludności","adres":"ul. Kuźnicy Kołłątajowskiej 17k, Kraków","dostepnosc":"Na żądanie"}},{"type":"Feature","id":"OZO-69AD6A4FE8C4","geometry":{"type":"Point","coordinates":[19.889479786221514,50.09657397448083]},"properties":{"nazwa":"Miejsce ochronne","rodzajZrodla":"Obiekt ochrony ludności","adres":"ul. Stawowa 152B, Kraków","dostepnosc":"Na żądanie"}},{"type":"Feature","id":"OZO-6374F239A78A","geometry":{"type":"Point","coordinates":[19.9539616331244,50.1010278100618]},"properties":{"nazwa":"Miejsce ochronne","rodzajZrodla":"Obiekt ochrony ludności","adres":"ul. Andrzeja Zauchy 7, Kraków","dostepnosc":"Na żądanie"}},{"type":"Feature","id":"OZO-E721919FE886","geometry":{"type":"Point","coordinates":[19.955445826108868,50.09684296479322]},"properties":{"nazwa":"Miejsce ochronne","rodzajZrodla":"Obiekt ochrony ludności","adres":"ul. Kuźnicy Kołłątajowskiej 17k, Kraków","dostepnosc":"Na żądanie"}},{"type":"Feature","id":"OZO-769B9DEF5AC6","geometry":{"type":"Point","coordinates":[19.95780368858525,50.093853589096874]},"properties":{"nazwa":"Miejsce ochronne","rodzajZrodla":"Obiekt ochrony ludności","adres":"ul. Bociana 6B, Kraków","dostepnosc":"Na żądanie"}},{"type":"Feature","id":"OZO-CF5A3FC50242","geometry":{"type":"Point","coordinates":[19.88675945,50.09668912]},"properties":{"nazwa":"Miejsce ochronne","rodzajZrodla":"Obiekt ochrony ludności","adres":"ul. Stawowa 170D, Kraków","dostepnosc":"Na żądanie"}},{"type":"Feature","id":"OZO-A28FBE27D737","geometry":{"type":"Point","coordinates":[19.953930463302353,50.10059911204414]},"properties":{"nazwa":"Miejsce ochronne","rodzajZrodla":"Obiekt ochrony ludności","adres":"ul. Andrzeja Zauchy 9, Kraków","dostepnosc":"Na żądanie"}},{"type":"Feature","id":"OZO-F89CB19AAD80","geometry":{"type":"Point","coordinates":[19.9224937893089,50.0938290125196]},"properties":{"nazwa":"Miejsce ochronne","rodzajZrodla":"Obiekt ochrony ludności","adres":"ul. Henryka Pachońskiego 7, Kraków","dostepnosc":"Na żądanie"}},{"type":"Feature","id":"OZO-5C54DA5A830B","geometry":{"type":"Point","coordinates":[19.9237653240206,50.094744609713]},"properties":{"nazwa":"Miejsce ochronne","rodzajZrodla":"Obiekt ochrony ludności","adres":"ul. Henryka Pachońskiego 7B, Kraków","dostepnosc":"Na żądanie"}},{"type":"Feature","id":"OZO-62661253B812","geometry":{"type":"Point","coordinates":[19.952314216137,50.0904524088331]},"properties":{"nazwa":"Miejsce ochronne","rodzajZrodla":"Obiekt ochrony ludności","adres":"ul. Legnicka 24, Kraków","dostepnosc":"Na żądanie"}},{"type":"Feature","id":"OZO-7614B18A91C7","geometry":{"type":"Point","coordinates":[19.9145214999997,50.0829349999992]},"properties":{"nazwa":"Miejsce ochronne","rodzajZrodla":"Obiekt ochrony ludności","adres":"ul. Niska 2, Kraków","dostepnosc":"Na żądanie"}},{"type":"Feature","id":"OZO-31E3931EC8B3","geometry":{"type":"Point","coordinates":[19.943807870149616,50.09218671747513]},"properties":{"nazwa":"Miejsce ochronne","rodzajZrodla":"Obiekt ochrony ludności","adres":"ul. Bałtycka 3, Kraków","dostepnosc":"Na żądanie"}},{"type":"Feature","id":"OZO-CABE6077529D","geometry":{"type":"Point","coordinates":[19.956463873386387,50.09715952106096]},"properties":{"nazwa":"Miejsce ochronne","rodzajZrodla":"Obiekt ochrony ludności","adres":"ul. Kuźnicy Kołłątajowskiej 23m, Kraków","dostepnosc":"Na żądanie"}},{"type":"Feature","id":"OZO-9F98604D3CF1","geometry":{"type":"Point","coordinates":[19.9472678608866,50.0901405347324]},"properties":{"nazwa":"Miejsce ochronne","rodzajZrodla":"Obiekt ochrony ludności","adres":"ul. Turystyczna 8, Kraków","dostepnosc":"Na żądanie"}},{"type":"Feature","id":"OZO-CC610D53A063","geometry":{"type":"Point","coordinates":[19.9029041826725,50.079000267561824]},"properties":{"nazwa":"Miejsce ochronne","rodzajZrodla":"Obiekt ochrony ludności","adres":"ul. Lucjana Rydla 31, Kraków","dostepnosc":"Całodobowa"}},{"type":"Feature","id":"OZO-9F6D631DEE13","geometry":{"type":"Point","coordinates":[19.9311965012413,50.0740488716865]},"properties":{"nazwa":"Miejsce ochronne","rodzajZrodla":"Obiekt ochrony ludności","adres":"ul. Lubelska 14, Kraków","dostepnosc":"Całodobowa"}},{"type":"Feature","id":"OZO-85859DA114A1","geometry":{"type":"Point","coordinates":[19.9304294399593,50.07394864693]},"properties":{"nazwa":"Miejsce ochronne","rodzajZrodla":"Obiekt ochrony ludności","adres":"ul. Lubelska 8, Kraków","dostepnosc":"Całodobowa"}},{"type":"Feature","id":"OZO-92993D0AF84B","geometry":{"type":"Point","coordinates":[19.9176352191333,50.0738366647036]},"properties":{"nazwa":"Miejsce ochronne","rodzajZrodla":"Obiekt ochrony ludności","adres":"ul. Kazimierza Wielkiego 82a, Kraków","dostepnosc":"Całodobowa"}},{"type":"Feature","id":"OZO-1E6B29672346","geometry":{"type":"Point","coordinates":[19.899945706129078,50.075146220377334]},"properties":{"nazwa":"Miejsce ochronne","rodzajZrodla":"Obiekt ochrony ludności","adres":"ul. Lucjana Rydla 2, Kraków","dostepnosc":"Całodobowa"}},{"type":"Feature","id":"OZO-8A4454691ABD","geometry":{"type":"Point","coordinates":[19.9236263,50.0709001]},"properties":{"nazwa":"Miejsce ochronne","rodzajZrodla":"Obiekt ochrony ludności","adres":"ul. Józefitów 11, Kraków","dostepnosc":"Całodobowa"}},{"type":"Feature","id":"OZO-63671F1ADDD5","geometry":{"type":"Point","coordinates":[19.9964791823079,50.0865415829506]},"properties":{"nazwa":"Miejsce ochronne","rodzajZrodla":"Obiekt ochrony ludności","adres":"ul. Stanisława Skarżyńskiego 9, Kraków","dostepnosc":"Całodobowa"}},{"type":"Feature","id":"OZO-7558D1A71960","geometry":{"type":"Point","coordinates":[19.9172562732907,50.0739500718536]},"properties":{"nazwa":"Miejsce ochronne","rodzajZrodla":"Obiekt ochrony ludności","adres":"ul. Kazimierza Wielkiego 84, Kraków","dostepnosc":"Całodobowa"}},{"type":"Feature","id":"OZO-EB945A6AEE89","geometry":{"type":"Point","coordinates":[19.9234473984332,50.0714401947667]},"properties":{"nazwa":"Miejsce ochronne","rodzajZrodla":"Obiekt ochrony ludności","adres":"ul. Kazimierza Wielkiego 20, Kraków","dostepnosc":"Całodobowa"}},{"type":"Feature","id":"OZO-244985AF4EC0","geometry":{"type":"Point","coordinates":[19.9139755963879,50.0745708356027]},"properties":{"nazwa":"Miejsce ochronne","rodzajZrodla":"Obiekt ochrony ludności","adres":"ul. Kazimierza Wielkiego 112, Kraków","dostepnosc":"Całodobowa"}},{"type":"Feature","id":"OZO-F1C9A1CC3876","geometry":{"type":"Point","coordinates":[20.00265078703405,50.09084335225489]},"properties":{"nazwa":"Miejsce ochronne","rodzajZrodla":"Obiekt ochrony ludności","adres":"Osiedle Tysiąclecia 18, Kraków","dostepnosc":"Na żądanie"}},{"type":"Feature","id":"OZO-9A49ADA2C243","geometry":{"type":"Point","coordinates":[19.9971405350861,50.0859986494906]},"properties":{"nazwa":"Miejsce ochronne","rodzajZrodla":"Obiekt ochrony ludności","adres":"ul. Stanisława Skarżyńskiego 7, Kraków","dostepnosc":"Całodobowa"}},{"type":"Feature","id":"OZO-8E7969BC857B","geometry":{"type":"Point","coordinates":[19.9864265043225,50.0745537365202]},"properties":{"nazwa":"Miejsce ochronne","rodzajZrodla":"Obiekt ochrony ludności","adres":"ul. Ułanów 3, Kraków","dostepnosc":"Określone godziny"}},{"type":"Feature","id":"OZO-7C86B594F1C4","geometry":{"type":"Point","coordinates":[19.981938731247542,50.08535632024939]},"properties":{"nazwa":"Miejsce ochronne","rodzajZrodla":"Obiekt ochrony ludności","adres":"ul. Ernesta Cieślewskiego 7, Kraków","dostepnosc":"Na żądanie"}},{"type":"Feature","id":"OZO-F2D419466DDB","geometry":{"type":"Point","coordinates":[20.0147755126758,50.1059972204881]},"properties":{"nazwa":"Miejsce ochronne","rodzajZrodla":"Obiekt ochrony ludności","adres":"Osiedle Piastów 71, Kraków","dostepnosc":"Na żądanie"}},{"type":"Feature","id":"OZO-414BCB23F15D","geometry":{"type":"Point","coordinates":[20.0161038379401,50.105888474169]},"properties":{"nazwa":"Miejsce ochronne","rodzajZrodla":"Obiekt ochrony ludności","adres":"Osiedle Piastów 74, Kraków","dostepnosc":"Na żądanie"}},{"type":"Feature","id":"OZO-8BA186BD53F5","geometry":{"type":"Point","coordinates":[19.981089908741,50.088937484648]},"properties":{"nazwa":"Miejsce ochronne","rodzajZrodla":"Obiekt ochrony ludności","adres":"ul. Dobrego Pasterza 124, Kraków","dostepnosc":"Na żądanie"}},{"type":"Feature","id":"OZO-C849F7F7B272","geometry":{"type":"Point","coordinates":[19.907357990741733,50.014142553961115]},"properties":{"nazwa":"Miejsce ochronne","rodzajZrodla":"Obiekt ochrony ludności","adres":"ul. Obozowa 40a, Kraków","dostepnosc":"Całodobowa"}},{"type":"Feature","id":"OZO-0685BA57758B","geometry":{"type":"Point","coordinates":[19.9975722,50.08460331]},"properties":{"nazwa":"Miejsce ochronne","rodzajZrodla":"Obiekt ochrony ludności","adres":"ul. Stanisława Skarżyńskiego 2, Kraków","dostepnosc":"Na żądanie"}},{"type":"Feature","id":"OZO-9D00CC1BB01B","geometry":{"type":"Point","coordinates":[19.9748821894635,50.0748346344221]},"properties":{"nazwa":"Miejsce ochronne","rodzajZrodla":"Obiekt ochrony ludności","adres":"ul. Kazimierza Chałupnika 12B, Kraków","dostepnosc":"Na żądanie"}},{"type":"Feature","id":"OZO-13FEBEBE631E","geometry":{"type":"Point","coordinates":[19.9683665794078,50.0879653710585]},"properties":{"nazwa":"Miejsce ochronne","rodzajZrodla":"Obiekt ochrony ludności","adres":"ul. Jurka Bitschana 3, Kraków","dostepnosc":"Na żądanie"}},{"type":"Feature","id":"OZO-E5C2ABF712A7","geometry":{"type":"Point","coordinates":[19.9211802,50.0610258]},"properties":{"nazwa":"Miejsce ochronne","rodzajZrodla":"Obiekt ochrony ludności","adres":"ul. Oleandry 4, Kraków","dostepnosc":"Całodobowa"}},{"type":"Feature","id":"OZO-20DA4D43C166","geometry":{"type":"Point","coordinates":[19.9245289559771,50.0728737513058]},"properties":{"nazwa":"Miejsce ochronne","rodzajZrodla":"Obiekt ochrony ludności","adres":"ul. Edmunda Biernackiego 10, Kraków","dostepnosc":"Całodobowa"}},{"type":"Feature","id":"OZO-F5BEFB7685CE","geometry":{"type":"Point","coordinates":[19.8799311749644,50.0763892747233]},"properties":{"nazwa":"Miejsce ochronne","rodzajZrodla":"Obiekt ochrony ludności","adres":"ul. Na Błonie 25A, Kraków","dostepnosc":"Całodobowa"}},{"type":"Feature","id":"OZO-F063A01BFE88","geometry":{"type":"Point","coordinates":[19.9213415198028,50.0707577168941]},"properties":{"nazwa":"Miejsce ochronne","rodzajZrodla":"Obiekt ochrony ludności","adres":"ul. Stanisława Konarskiego 50, Kraków","dostepnosc":"Całodobowa"}},{"type":"Feature","id":"OZO-712073F3F98B","geometry":{"type":"Point","coordinates":[19.9191307369172,50.0680462452695]},"properties":{"nazwa":"Miejsce ochronne","rodzajZrodla":"Obiekt ochrony ludności","adres":"ul. Fryderyka Chopina 29, Kraków","dostepnosc":"Na żądanie"}},{"type":"Feature","id":"OZO-0C21C198A03B","geometry":{"type":"Point","coordinates":[19.9171584564807,50.068650781209]},"properties":{"nazwa":"Miejsce ochronne","rodzajZrodla":"Obiekt ochrony ludności","adres":"ul. Spokojna 12, Kraków","dostepnosc":"Całodobowa"}},{"type":"Feature","id":"OZO-1B05B84A62A8","geometry":{"type":"Point","coordinates":[19.9203487603837,50.0600848112064]},"properties":{"nazwa":"Miejsce ochronne","rodzajZrodla":"Obiekt ochrony ludności","adres":"Aleja 3 Maja 7, Kraków","dostepnosc":"Całodobowa"}},{"type":"Feature","id":"OZO-D656AFC9F49B","geometry":{"type":"Point","coordinates":[19.9991173999997,50.0721045999992]},"properties":{"nazwa":"Miejsce ochronne","rodzajZrodla":"Obiekt ochrony ludności","adres":"Aleja Jana Pawła II 68a, Kraków","dostepnosc":"Na żądanie"}},{"type":"Feature","id":"OZO-7B520FA92F66","geometry":{"type":"Point","coordinates":[20.0087193492841,50.1041884162017]},"properties":{"nazwa":"Miejsce ochronne","rodzajZrodla":"Obiekt ochrony ludności","adres":"Osiedle Bohaterów Września 84D, Kraków","dostepnosc":"Na żądanie"}},{"type":"Feature","id":"OZO-978D5EF54057","geometry":{"type":"Point","coordinates":[20.0104966999997,50.1042814999992]},"properties":{"nazwa":"Miejsce ochronne","rodzajZrodla":"Obiekt ochrony ludności","adres":"Osiedle Bohaterów Września 86, Kraków","dostepnosc":"Na żądanie"}},{"type":"Feature","id":"OZO-A6586AFA7311","geometry":{"type":"Point","coordinates":[20.0087625160854,50.1046472834911]},"properties":{"nazwa":"Miejsce ochronne","rodzajZrodla":"Obiekt ochrony ludności","adres":"Osiedle Bohaterów Września 84C, Kraków","dostepnosc":"Na żądanie"}},{"type":"Feature","id":"OZO-10D4B3B9F80D","geometry":{"type":"Point","coordinates":[20.0135131764404,50.1042813374098]},"properties":{"nazwa":"Miejsce ochronne","rodzajZrodla":"Obiekt ochrony ludności","adres":"Osiedle Piastów 65, Kraków","dostepnosc":"Na żądanie"}},{"type":"Feature","id":"OZO-B5ADBD0F2580","geometry":{"type":"Point","coordinates":[20.005285032096,50.1002477063333]},"properties":{"nazwa":"Miejsce ochronne","rodzajZrodla":"Obiekt ochrony ludności","adres":"Osiedle Bohaterów Września 79D, Kraków","dostepnosc":"Na żądanie"}},{"type":"Feature","id":"OZO-976FC87AF44C","geometry":{"type":"Point","coordinates":[20.00758499,50.09969841]},"properties":{"nazwa":"Miejsce ochronne","rodzajZrodla":"Obiekt ochrony ludności","adres":"Osiedle Bohaterów Września 52, Kraków","dostepnosc":"Na żądanie"}},{"type":"Feature","id":"OZO-8FBF3D18B324","geometry":{"type":"Point","coordinates":[20.00726964,50.09930263]},"properties":{"nazwa":"Miejsce ochronne","rodzajZrodla":"Obiekt ochrony ludności","adres":"Osiedle Bohaterów Września 44, Kraków","dostepnosc":"Na żądanie"}},{"type":"Feature","id":"OZO-06B2546A42E7","geometry":{"type":"Point","coordinates":[20.00820299,50.09909752]},"properties":{"nazwa":"Miejsce ochronne","rodzajZrodla":"Obiekt ochrony ludności","adres":"Osiedle Bohaterów Września 40, Kraków","dostepnosc":"Na żądanie"}},{"type":"Feature","id":"OZO-177B763C1566","geometry":{"type":"Point","coordinates":[20.0068444851818,50.10003849403]},"properties":{"nazwa":"Miejsce ochronne","rodzajZrodla":"Obiekt ochrony ludności","adres":"Osiedle Bohaterów Września 81, Kraków","dostepnosc":"Na żądanie"}},{"type":"Feature","id":"OZO-9212395C14F8","geometry":{"type":"Point","coordinates":[19.991023261727896,50.09560852604209]},"properties":{"nazwa":"Miejsce ochronne","rodzajZrodla":"Obiekt ochrony ludności","adres":"ul. ks. Józefa Kurzei 4, Kraków","dostepnosc":"Na żądanie"}},{"type":"Feature","id":"OZO-B4C4E4BEF11A","geometry":{"type":"Point","coordinates":[20.0228220690148,50.0750153838994]},"properties":{"nazwa":"Miejsce ochronne","rodzajZrodla":"Obiekt ochrony ludności","adres":"Osiedle Kolorowe 28, Kraków","dostepnosc":"Na żądanie"}},{"type":"Feature","id":"OZO-3AB5F11F176B","geometry":{"type":"Point","coordinates":[20.0191668496859,50.087011881455]},"properties":{"nazwa":"Miejsce ochronne","rodzajZrodla":"Obiekt ochrony ludności","adres":"Osiedle Na Lotnisku 2, Kraków","dostepnosc":"Na żądanie"}},{"type":"Feature","id":"OZO-7E901D944D48","geometry":{"type":"Point","coordinates":[20.0047598950338,50.0863453431978]},"properties":{"nazwa":"Miejsce ochronne","rodzajZrodla":"Obiekt ochrony ludności","adres":"Osiedle Dywizjonu 303 21, Kraków","dostepnosc":"Na żądanie"}},{"type":"Feature","id":"OZO-DB3625CC04CD","geometry":{"type":"Point","coordinates":[20.0354894825378,50.0780062699698]},"properties":{"nazwa":"Miejsce ochronne","rodzajZrodla":"Obiekt ochrony ludności","adres":"Osiedle Urocze 6, Kraków","dostepnosc":"Na żądanie"}},{"type":"Feature","id":"OZO-40C5E6DA7E78","geometry":{"type":"Point","coordinates":[19.9829955,50.0891639]},"properties":{"nazwa":"Miejsce ochronne","rodzajZrodla":"Obiekt ochrony ludności","adres":"ul. Dobrego Pasterza 126, Kraków","dostepnosc":"Na żądanie"}},{"type":"Feature","id":"OZO-52846828C866","geometry":{"type":"Point","coordinates":[20.0206051581929,50.0838718485984]},"properties":{"nazwa":"Miejsce ochronne","rodzajZrodla":"Obiekt ochrony ludności","adres":"Osiedle Albertyńskie 16, Kraków","dostepnosc":"Na żądanie"}},{"type":"Feature","id":"OZO-8FEE27679A7F","geometry":{"type":"Point","coordinates":[20.0133059296483,50.0791459000726]},"properties":{"nazwa":"Miejsce ochronne","rodzajZrodla":"Obiekt ochrony ludności","adres":"Osiedle 2 Pułku Lotniczego 1F, Kraków","dostepnosc":"Na żądanie"}},{"type":"Feature","id":"OZO-34A20D8FEAB8","geometry":{"type":"Point","coordinates":[20.0132411498856,50.0893454110367]},"properties":{"nazwa":"Miejsce ochronne","rodzajZrodla":"Obiekt ochrony ludności","adres":"Osiedle Kalinowe 5, Kraków","dostepnosc":"Na żądanie"}},{"type":"Feature","id":"OZO-0C95966AADE0","geometry":{"type":"Point","coordinates":[20.0114198664474,50.0801371741589]},"properties":{"nazwa":"Miejsce ochronne","rodzajZrodla":"Obiekt ochrony ludności","adres":"Osiedle Dywizjonu 303 62C, Kraków","dostepnosc":"Na żądanie"}},{"type":"Feature","id":"OZO-C8A64A830071","geometry":{"type":"Point","coordinates":[20.009326787434,50.0805738058353]},"properties":{"nazwa":"Miejsce ochronne","rodzajZrodla":"Obiekt ochrony ludności","adres":"Osiedle Dywizjonu 303 64a, Kraków","dostepnosc":"Na żądanie"}},{"type":"Feature","id":"OZO-7E5D0FC7E85A","geometry":{"type":"Point","coordinates":[20.0121904581802,50.0804823614004]},"properties":{"nazwa":"Miejsce ochronne","rodzajZrodla":"Obiekt ochrony ludności","adres":"Osiedle Dywizjonu 303 62B, Kraków","dostepnosc":"Na żądanie"}},{"type":"Feature","id":"OZO-0D3547BB0C9B","geometry":{"type":"Point","coordinates":[20.013969796945,50.0789601328723]},"properties":{"nazwa":"Miejsce ochronne","rodzajZrodla":"Obiekt ochrony ludności","adres":"Osiedle 2 Pułku Lotniczego 1E, Kraków","dostepnosc":"Na żądanie"}},{"type":"Feature","id":"OZO-9E8D9C2F07A7","geometry":{"type":"Point","coordinates":[20.0491103006614,50.0777980274645]},"properties":{"nazwa":"Miejsce ochronne","rodzajZrodla":"Obiekt ochrony ludności","adres":"Osiedle Szkolne 26A, Kraków","dostepnosc":"Na żądanie"}},{"type":"Feature","id":"OZO-34A647B1B69D","geometry":{"type":"Point","coordinates":[20.0239062538409,50.0764116591514]},"properties":{"nazwa":"Miejsce ochronne","rodzajZrodla":"Obiekt ochrony ludności","adres":"Osiedle Kolorowe 29a, Kraków","dostepnosc":"Na żądanie"}},{"type":"Feature","id":"OZO-8079030D798C","geometry":{"type":"Point","coordinates":[20.0272376818923,50.0766004603522]},"properties":{"nazwa":"Miejsce ochronne","rodzajZrodla":"Obiekt ochrony ludności","adres":"Osiedle Spółdzielcze 4, Kraków","dostepnosc":"Na żądanie"}},{"type":"Feature","id":"OZO-E2B51D912C70","geometry":{"type":"Point","coordinates":[20.0219390976898,50.0779290811545]},"properties":{"nazwa":"Miejsce ochronne","rodzajZrodla":"Obiekt ochrony ludności","adres":"ul. Bieńczycka 17, Kraków","dostepnosc":"Na żądanie"}},{"type":"Feature","id":"OZO-3BDCFCDE17DA","geometry":{"type":"Point","coordinates":[20.0108079519173,50.085018777182]},"properties":{"nazwa":"Miejsce ochronne","rodzajZrodla":"Obiekt ochrony ludności","adres":"Osiedle Dywizjonu 303 35a, Kraków","dostepnosc":"Na żądanie"}},{"type":"Feature","id":"OZO-9A77D7BEA37B","geometry":{"type":"Point","coordinates":[20.0518910394728,50.0721682005131]},"properties":{"nazwa":"Miejsce ochronne","rodzajZrodla":"Obiekt ochrony ludności","adres":"Osiedle Willowe 19, Kraków","dostepnosc":"Na żądanie"}},{"type":"Feature","id":"OZO-28BF5EA45ABD","geometry":{"type":"Point","coordinates":[20.0195573999997,50.0742690999992]},"properties":{"nazwa":"Miejsce ochronne","rodzajZrodla":"Obiekt ochrony ludności","adres":"Osiedle Kolorowe 26, Kraków","dostepnosc":"Na żądanie"}},{"type":"Feature","id":"OZO-0ADA74B12C94","geometry":{"type":"Point","coordinates":[20.0283403421019,50.0838169772834]},"properties":{"nazwa":"Miejsce ochronne","rodzajZrodla":"Obiekt ochrony ludności","adres":"Osiedle Przy Arce 10, Kraków","dostepnosc":"Na żądanie"}},{"type":"Feature","id":"OZO-1BEDF45B4868","geometry":{"type":"Point","coordinates":[20.0285228490531,50.0907760508608]},"properties":{"nazwa":"Miejsce ochronne","rodzajZrodla":"Obiekt ochrony ludności","adres":"ul. Fatimska 184, Kraków","dostepnosc":"Na żądanie"}},{"type":"Feature","id":"OZO-275A7C741F73","geometry":{"type":"Point","coordinates":[20.0474124774558,50.079193565684]},"properties":{"nazwa":"Miejsce ochronne","rodzajZrodla":"Obiekt ochrony ludności","adres":"Osiedle Szkolne 21, Kraków","dostepnosc":"Na żądanie"}},{"type":"Feature","id":"OZO-2E1A10768130","geometry":{"type":"Point","coordinates":[20.0413032365511,50.0768737361427]},"properties":{"nazwa":"Miejsce ochronne","rodzajZrodla":"Obiekt ochrony ludności","adres":"Osiedle Słoneczne 3, Kraków","dostepnosc":"Na żądanie"}},{"type":"Feature","id":"OZO-196389CE1AFF","geometry":{"type":"Point","coordinates":[20.028802636953,50.0689527781664]},"properties":{"nazwa":"Miejsce ochronne","rodzajZrodla":"Obiekt ochrony ludności","adres":"ul. bp. Filipa Padniewskiego 16, Kraków","dostepnosc":"Na żądanie"}},{"type":"Feature","id":"OZO-9C47877C2B2D","geometry":{"type":"Point","coordinates":[20.0581356203316,50.0932240830288]},"properties":{"nazwa":"Miejsce ochronne","rodzajZrodla":"Obiekt ochrony ludności","adres":"Osiedle Na Wzgórzach 4, Kraków","dostepnosc":"Na żądanie"}},{"type":"Feature","id":"OZO-72E86062CF4F","geometry":{"type":"Point","coordinates":[20.0292897711541,50.0699870059105]},"properties":{"nazwa":"Miejsce ochronne","rodzajZrodla":"Obiekt ochrony ludności","adres":"ul. bp. Filipa Padniewskiego 4, Kraków","dostepnosc":"Na żądanie"}},{"type":"Feature","id":"OZO-BED1A5FD6FAD","geometry":{"type":"Point","coordinates":[20.0484301126009,50.077691041661]},"properties":{"nazwa":"Miejsce ochronne","rodzajZrodla":"Obiekt ochrony ludności","adres":"Osiedle Szkolne 26, Kraków","dostepnosc":"Na żądanie"}},{"type":"Feature","id":"OZO-48DC4FB897B9","geometry":{"type":"Point","coordinates":[20.0599235800788,50.0661860979026]},"properties":{"nazwa":"Miejsce ochronne","rodzajZrodla":"Obiekt ochrony ludności","adres":"ul. Tadeusza Ptaszyckiego 4, Kraków","dostepnosc":"Na żądanie"}},{"type":"Feature","id":"OZO-4D3124936BB7","geometry":{"type":"Point","coordinates":[20.0175593391559,50.073450017732]},"properties":{"nazwa":"Miejsce ochronne","rodzajZrodla":"Obiekt ochrony ludności","adres":"Osiedle Kolorowe 25b, Kraków","dostepnosc":"Na żądanie"}},{"type":"Feature","id":"OZO-D3D103686206","geometry":{"type":"Point","coordinates":[20.0167693999997,50.0749683999992]},"properties":{"nazwa":"Miejsce ochronne","rodzajZrodla":"Obiekt ochrony ludności","adres":"ul. Mieczysława Medweckiego 7, Kraków","dostepnosc":"Na żądanie"}},{"type":"Feature","id":"OZO-A24A4D7DDCA7","geometry":{"type":"Point","coordinates":[20.0144744722566,50.0750810636897]},"properties":{"nazwa":"Miejsce ochronne","rodzajZrodla":"Obiekt ochrony ludności","adres":"ul. Mieczysława Medweckiego 17, Kraków","dostepnosc":"Na żądanie"}},{"type":"Feature","id":"OZO-BB799A998188","geometry":{"type":"Point","coordinates":[20.0234786110362,50.0662915831052]},"properties":{"nazwa":"Miejsce ochronne","rodzajZrodla":"Obiekt ochrony ludności","adres":"ul. bp. Piotra Tomickiego 22, Kraków","dostepnosc":"Na żądanie"}},{"type":"Feature","id":"OZO-30D59683345A","geometry":{"type":"Point","coordinates":[20.0276327905366,50.0667470801655]},"properties":{"nazwa":"Miejsce ochronne","rodzajZrodla":"Obiekt ochrony ludności","adres":"ul. bp. Piotra Tomickiego 19, Kraków","dostepnosc":"Na żądanie"}},{"type":"Feature","id":"OZO-46E78B1B646F","geometry":{"type":"Point","coordinates":[20.0232228930663,50.0653567967116]},"properties":{"nazwa":"Miejsce ochronne","rodzajZrodla":"Obiekt ochrony ludności","adres":"ul. bp. Piotra Tomickiego 26, Kraków","dostepnosc":"Na żądanie"}},{"type":"Feature","id":"OZO-F6CC4BF9DC1A","geometry":{"type":"Point","coordinates":[20.0039729383657,50.0804210272632]},"properties":{"nazwa":"Miejsce ochronne","rodzajZrodla":"Obiekt ochrony ludności","adres":"Osiedle Avia 3, Kraków","dostepnosc":"Na żądanie"}},{"type":"Feature","id":"OZO-8E81E9AF3738","geometry":{"type":"Point","coordinates":[19.95001362,50.04585343]},"properties":{"nazwa":"Miejsce ochronne","rodzajZrodla":"Obiekt ochrony ludności","adres":"ul. Józefińska 10, Kraków","dostepnosc":"Na żądanie"}},{"type":"Feature","id":"OZO-BAC284DD37F1","geometry":{"type":"Point","coordinates":[19.91454634,50.02188794]},"properties":{"nazwa":"Miejsce ochronne","rodzajZrodla":"Obiekt ochrony ludności","adres":"ul. Magnolii 8, Kraków","dostepnosc":"Całodobowa"}},{"type":"Feature","id":"OZO-BD076EA2EAFD","geometry":{"type":"Point","coordinates":[19.9144771261831,50.0211370985778]},"properties":{"nazwa":"Miejsce ochronne","rodzajZrodla":"Obiekt ochrony ludności","adres":"ul. Jana Kantego Przyzby 11, Kraków","dostepnosc":"Na żądanie"}},{"type":"Feature","id":"OZO-CCA5F194F9BD","geometry":{"type":"Point","coordinates":[19.9058713018456,50.0297496980195]},"properties":{"nazwa":"Miejsce ochronne","rodzajZrodla":"Obiekt ochrony ludności","adres":"ul. prof. Stanisława Łojasiewicza 11, Kraków","dostepnosc":"Na żądanie"}},{"type":"Feature","id":"OZO-5DDCCF6310E1","geometry":{"type":"Point","coordinates":[19.9230736493706,50.0440215645563]},"properties":{"nazwa":"Miejsce ochronne","rodzajZrodla":"Obiekt ochrony ludności","adres":"ul. Twardowskiego 65, Kraków","dostepnosc":"Na żądanie"}},{"type":"Feature","id":"OZO-98794CA0FBFE","geometry":{"type":"Point","coordinates":[19.93865936994553,50.03591681975113]},"properties":{"nazwa":"Miejsce ochronne","rodzajZrodla":"Obiekt ochrony ludności","adres":"ul. Rydlówka 5, Kraków","dostepnosc":"Na żądanie"}},{"type":"Feature","id":"OZO-D9CE2DEAAE6E","geometry":{"type":"Point","coordinates":[19.9146976,50.02155443]},"properties":{"nazwa":"Miejsce ochronne","rodzajZrodla":"Obiekt ochrony ludności","adres":"ul. Magnolii 10, Kraków","dostepnosc":"Na żądanie"}},{"type":"Feature","id":"OZO-BED390408B01","geometry":{"type":"Point","coordinates":[19.9604528511785,50.0259374444965]},"properties":{"nazwa":"Miejsce ochronne","rodzajZrodla":"Obiekt ochrony ludności","adres":"ul. Walerego Sławka 7, Kraków","dostepnosc":"Na żądanie"}},{"type":"Feature","id":"OZO-DEF4D79EAAAF","geometry":{"type":"Point","coordinates":[19.946299,50.0425952]},"properties":{"nazwa":"Miejsce ochronne","rodzajZrodla":"Obiekt ochrony ludności","adres":"ul. Jana Zamoyskiego 17, Kraków","dostepnosc":"Na żądanie"}},{"type":"Feature","id":"OZO-F777E6647F09","geometry":{"type":"Point","coordinates":[19.92739945650101,50.03533967749029]},"properties":{"nazwa":"Miejsce ochronne","rodzajZrodla":"Obiekt ochrony ludności","adres":"ul. Kobierzyńska 24A, Kraków","dostepnosc":"Całodobowa"}},{"type":"Feature","id":"OZO-825E009A6D9E","geometry":{"type":"Point","coordinates":[19.9304902600357,50.0201313409495]},"properties":{"nazwa":"Miejsce ochronne","rodzajZrodla":"Obiekt ochrony ludności","adres":"ul. Zakopiańska 73H, Kraków","dostepnosc":"Na żądanie"}},{"type":"Feature","id":"OZO-5461C1B77802","geometry":{"type":"Point","coordinates":[19.9009961659289,50.021696741238]},"properties":{"nazwa":"Miejsce ochronne","rodzajZrodla":"Obiekt ochrony ludności","adres":"ul. Profesora Michała Bobrzyńskiego 21, Kraków","dostepnosc":"Na żądanie"}},{"type":"Feature","id":"OZO-0C14C6CAAE84","geometry":{"type":"Point","coordinates":[19.9012412276485,50.0208422725111]},"properties":{"nazwa":"Miejsce ochronne","rodzajZrodla":"Obiekt ochrony ludności","adres":"ul. Profesora Michała Bobrzyńskiego 29, Kraków","dostepnosc":"Na żądanie"}},{"type":"Feature","id":"OZO-804F173B3BEC","geometry":{"type":"Point","coordinates":[19.8998950520949,50.0204452879179]},"properties":{"nazwa":"Miejsce ochronne","rodzajZrodla":"Obiekt ochrony ludności","adres":"ul. Profesora Michała Bobrzyńskiego 31a, Kraków","dostepnosc":"Na żądanie"}},{"type":"Feature","id":"OZO-F21BE395E367","geometry":{"type":"Point","coordinates":[19.8992935474916,50.020256439281]},"properties":{"nazwa":"Miejsce ochronne","rodzajZrodla":"Obiekt ochrony ludności","adres":"ul. Profesora Michała Bobrzyńskiego 31b, Kraków","dostepnosc":"Na żądanie"}},{"type":"Feature","id":"OZO-FCB440BB62CD","geometry":{"type":"Point","coordinates":[19.9117471354726,50.0214604979254]},"properties":{"nazwa":"Miejsce ochronne","rodzajZrodla":"Obiekt ochrony ludności","adres":"ul. Jana Kantego Przyzby 10A, Kraków","dostepnosc":"Na żądanie"}},{"type":"Feature","id":"OZO-C3FAAB1684C1","geometry":{"type":"Point","coordinates":[19.90409761,50.00063089]},"properties":{"nazwa":"Miejsce ochronne","rodzajZrodla":"Obiekt ochrony ludności","adres":"ul. Forteczna 146, Kraków","dostepnosc":"Na żądanie"}},{"type":"Feature","id":"OZO-C446182017B6","geometry":{"type":"Point","coordinates":[19.94691817,50.04250231]},"properties":{"nazwa":"Miejsce ochronne","rodzajZrodla":"Obiekt ochrony ludności","adres":"ul. Jana Zamoyskiego 20, Kraków","dostepnosc":"Na żądanie"}},{"type":"Feature","id":"OZO-11C849351BF6","geometry":{"type":"Point","coordinates":[19.91741809,50.02695139]},"properties":{"nazwa":"Miejsce ochronne","rodzajZrodla":"Obiekt ochrony ludności","adres":"ul. Bułgarska 15, Kraków","dostepnosc":"Na żądanie"}},{"type":"Feature","id":"OZO-7320F7A22EE7","geometry":{"type":"Point","coordinates":[19.9558276962283,50.0472268881496]},"properties":{"nazwa":"Miejsce ochronne","rodzajZrodla":"Obiekt ochrony ludności","adres":"ul. Kącik 5, Kraków","dostepnosc":"Na żądanie"}},{"type":"Feature","id":"OZO-AA056B73B7D7","geometry":{"type":"Point","coordinates":[19.9168656736916,49.9980060299359]},"properties":{"nazwa":"Miejsce ochronne","rodzajZrodla":"Obiekt ochrony ludności","adres":"ul. Forteczna 28, Kraków","dostepnosc":"Na żądanie"}},{"type":"Feature","id":"OZO-E0A5B5E58CC2","geometry":{"type":"Point","coordinates":[19.9172412999997,50.0271235999992]},"properties":{"nazwa":"Miejsce ochronne","rodzajZrodla":"Obiekt ochrony ludności","adres":"ul. Bułgarska 15, Kraków","dostepnosc":"Na żądanie"}},{"type":"Feature","id":"OZO-7D80FBD3392A","geometry":{"type":"Point","coordinates":[19.92888966,50.01202074]},"properties":{"nazwa":"Miejsce ochronne","rodzajZrodla":"Obiekt ochrony ludności","adres":"ul. Zakopiańska 68a, Kraków","dostepnosc":"Na żądanie"}},{"type":"Feature","id":"OZO-DB31B1F278C5","geometry":{"type":"Point","coordinates":[19.9404645709905,50.0354944807046]},"properties":{"nazwa":"Miejsce ochronne","rodzajZrodla":"Obiekt ochrony ludności","adres":"ul. Wadowicka 2, Kraków","dostepnosc":"Na żądanie"}},{"type":"Feature","id":"OZO-D078FA57C82F","geometry":{"type":"Point","coordinates":[19.9560453742531,50.047246962806]},"properties":{"nazwa":"Miejsce ochronne","rodzajZrodla":"Obiekt ochrony ludności","adres":"ul. Kącik 7, Kraków","dostepnosc":"Na żądanie"}},{"type":"Feature","id":"OZO-A0C6599D93F9","geometry":{"type":"Point","coordinates":[19.9549656733209,50.0230012868504]},"properties":{"nazwa":"Miejsce ochronne","rodzajZrodla":"Obiekt ochrony ludności","adres":"ul. Pszenna 28A, Kraków","dostepnosc":"Na żądanie"}},{"type":"Feature","id":"OZO-7648F7033261","geometry":{"type":"Point","coordinates":[19.9934012442827,50.0433864444494]},"properties":{"nazwa":"Miejsce ochronne","rodzajZrodla":"Obiekt ochrony ludności","adres":"ul. Przewóz 32D, Kraków","dostepnosc":"Na żądanie"}},{"type":"Feature","id":"OZO-BD3E32061A37","geometry":{"type":"Point","coordinates":[19.9994725044489,50.0388777194277]},"properties":{"nazwa":"Miejsce ochronne","rodzajZrodla":"Obiekt ochrony ludności","adres":"ul. Bagrowa 28, Kraków","dostepnosc":"Na żądanie"}},{"type":"Feature","id":"OZO-7E73053DAB56","geometry":{"type":"Point","coordinates":[19.904622137546543,50.0160332878629]},"properties":{"nazwa":"Miejsce ochronne","rodzajZrodla":"Obiekt ochrony ludności","adres":"ul. Kobierzyńska 164B, Kraków","dostepnosc":"Całodobowa"}},{"type":"Feature","id":"OZO-F7323D6E6934","geometry":{"type":"Point","coordinates":[19.90654047,50.01282717]},"properties":{"nazwa":"Miejsce ochronne","rodzajZrodla":"Obiekt ochrony ludności","adres":"ul. Obozowa 30A, Kraków","dostepnosc":"Na żądanie"}},{"type":"Feature","id":"OZO-ACD6500C4A1F","geometry":{"type":"Point","coordinates":[20.0532793911639,50.0191673563951]},"properties":{"nazwa":"Miejsce ochronne","rodzajZrodla":"Obiekt ochrony ludności","adres":"ul. Złocieniowa 38B, Kraków","dostepnosc":"Na żądanie"}},{"type":"Feature","id":"OZO-E94A9F9F627A","geometry":{"type":"Point","coordinates":[19.9842264130711,50.0532884253821]},"properties":{"nazwa":"Miejsce ochronne","rodzajZrodla":"Obiekt ochrony ludności","adres":"ul. Na Zakolu Wisły 12A, Kraków","dostepnosc":"Na żądanie"}},{"type":"Feature","id":"OZO-E28792ADD0CB","geometry":{"type":"Point","coordinates":[19.9668671,50.0458953]},"properties":{"nazwa":"Miejsce ochronne","rodzajZrodla":"Obiekt ochrony ludności","adres":"ul. Wałowa 6, Kraków","dostepnosc":"Na żądanie"}},{"type":"Feature","id":"OZO-C2B0D98D68D6","geometry":{"type":"Point","coordinates":[19.9669272,50.0458437]},"properties":{"nazwa":"Miejsce ochronne","rodzajZrodla":"Obiekt ochrony ludności","adres":"ul. Wałowa 6, Kraków","dostepnosc":"Na żądanie"}},{"type":"Feature","id":"OZO-64EB73E7547A","geometry":{"type":"Point","coordinates":[19.9993491684486,50.0383688456903]},"properties":{"nazwa":"Miejsce ochronne","rodzajZrodla":"Obiekt ochrony ludności","adres":"ul. Bagrowa 32, Kraków","dostepnosc":"Na żądanie"}},{"type":"Feature","id":"OZO-F4B2E41448B7","geometry":{"type":"Point","coordinates":[19.99019122,50.04503029]},"properties":{"nazwa":"Miejsce ochronne","rodzajZrodla":"Obiekt ochrony ludności","adres":"ul. Myśliwska 35, Kraków","dostepnosc":"Całodobowa"}},{"type":"Feature","id":"OZO-EB2242A1D959","geometry":{"type":"Point","coordinates":[19.9755571748053,50.0563387210956]},"properties":{"nazwa":"Miejsce ochronne","rodzajZrodla":"Obiekt ochrony ludności","adres":"ul. Bajeczna 4A, Kraków","dostepnosc":"Na żądanie"}},{"type":"Feature","id":"OZO-140A6BFE56AD","geometry":{"type":"Point","coordinates":[20.0083615041321,50.0669824024025]},"properties":{"nazwa":"Miejsce ochronne","rodzajZrodla":"Obiekt ochrony ludności","adres":"Aleja Pokoju 81A, Kraków","dostepnosc":"Na żądanie"}},{"type":"Feature","id":"OZO-62ED26AD12CF","geometry":{"type":"Point","coordinates":[20.059895900731,50.0200663777499]},"properties":{"nazwa":"Miejsce ochronne","rodzajZrodla":"Obiekt ochrony ludności","adres":"ul. Henryka i Karola Czeczów 42, Kraków","dostepnosc":"Na żądanie"}},{"type":"Feature","id":"OZO-B44DF3C3CE4A","geometry":{"type":"Point","coordinates":[20.0599712065254,50.0206751580539]},"properties":{"nazwa":"Miejsce ochronne","rodzajZrodla":"Obiekt ochrony ludności","adres":"ul. Henryka i Karola Czeczów 40, Kraków","dostepnosc":"Na żądanie"}},{"type":"Feature","id":"OZO-D5A9F317A493","geometry":{"type":"Point","coordinates":[20.0596545019615,50.0195355765387]},"properties":{"nazwa":"Miejsce ochronne","rodzajZrodla":"Obiekt ochrony ludności","adres":"ul. Henryka i Karola Czeczów 34, Kraków","dostepnosc":"Na żądanie"}},{"type":"Feature","id":"OZO-D1748DFA62B7","geometry":{"type":"Point","coordinates":[20.0504788302116,50.0267857028329]},"properties":{"nazwa":"Miejsce ochronne","rodzajZrodla":"Obiekt ochrony ludności","adres":"ul. Mariana Domagały 27A, Kraków","dostepnosc":"Na żądanie"}},{"type":"Feature","id":"OZO-2847BD041A5C","geometry":{"type":"Point","coordinates":[19.9864193649651,50.0403144578622]},"properties":{"nazwa":"Miejsce ochronne","rodzajZrodla":"Obiekt ochrony ludności","adres":"ul. Lipska 6, Kraków","dostepnosc":"Na żądanie"}},{"type":"Feature","id":"OZO-5D36B7D05069","geometry":{"type":"Point","coordinates":[20.0509794864303,50.0266834816292]},"properties":{"nazwa":"Miejsce ochronne","rodzajZrodla":"Obiekt ochrony ludności","adres":"ul. Mariana Domagały 27, Kraków","dostepnosc":"Na żądanie"}},{"type":"Feature","id":"OZO-2DA630470495","geometry":{"type":"Point","coordinates":[20.0500200969612,50.0263775004777]},"properties":{"nazwa":"Miejsce ochronne","rodzajZrodla":"Obiekt ochrony ludności","adres":"ul. Mariana Domagały 29B, Kraków","dostepnosc":"Na żądanie"}},{"type":"Feature","id":"OZO-6B59FB833C17","geometry":{"type":"Point","coordinates":[20.0492693785558,50.02550294182]},"properties":{"nazwa":"Miejsce ochronne","rodzajZrodla":"Obiekt ochrony ludności","adres":"ul. Mariana Domagały 33C, Kraków","dostepnosc":"Na żądanie"}},{"type":"Feature","id":"OZO-9256EBA9232E","geometry":{"type":"Point","coordinates":[20.0509502767255,50.0257628837008]},"properties":{"nazwa":"Miejsce ochronne","rodzajZrodla":"Obiekt ochrony ludności","adres":"ul. Mariana Domagały 31, Kraków","dostepnosc":"Na żądanie"}},{"type":"Feature","id":"OZO-AC61CDDAC84B","geometry":{"type":"Point","coordinates":[20.0495575809576,50.0259121441176]},"properties":{"nazwa":"Miejsce ochronne","rodzajZrodla":"Obiekt ochrony ludności","adres":"ul. Mariana Domagały 31C, Kraków","dostepnosc":"Na żądanie"}},{"type":"Feature","id":"OZO-ECD7A4FFD286","geometry":{"type":"Point","coordinates":[20.0504478777543,50.0263505623168]},"properties":{"nazwa":"Miejsce ochronne","rodzajZrodla":"Obiekt ochrony ludności","adres":"ul. Mariana Domagały 29A, Kraków","dostepnosc":"Na żądanie"}},{"type":"Feature","id":"OZO-866D9E0B93F8","geometry":{"type":"Point","coordinates":[20.0496122479296,50.0267274762322]},"properties":{"nazwa":"Miejsce ochronne","rodzajZrodla":"Obiekt ochrony ludności","adres":"ul. Mariana Domagały 27C, Kraków","dostepnosc":"Na żądanie"}},{"type":"Feature","id":"OZO-43D7ACA2E063","geometry":{"type":"Point","coordinates":[20.0483924053143,50.0255427485335]},"properties":{"nazwa":"Miejsce ochronne","rodzajZrodla":"Obiekt ochrony ludności","adres":"ul. Mariana Domagały 33E, Kraków","dostepnosc":"Na żądanie"}},{"type":"Feature","id":"OZO-7B0CEA3E4349","geometry":{"type":"Point","coordinates":[20.0495883828034,50.0263199130487]},"properties":{"nazwa":"Miejsce ochronne","rodzajZrodla":"Obiekt ochrony ludności","adres":"ul. Mariana Domagały 29C, Kraków","dostepnosc":"Na żądanie"}},{"type":"Feature","id":"OZO-CA1A50C78023","geometry":{"type":"Point","coordinates":[20.0472368505002,50.0259855311239]},"properties":{"nazwa":"Miejsce ochronne","rodzajZrodla":"Obiekt ochrony ludności","adres":"ul. Mariana Domagały 31G, Kraków","dostepnosc":"Na żądanie"}},{"type":"Feature","id":"OZO-262557DF8FAE","geometry":{"type":"Point","coordinates":[20.0474299690985,50.0255686807859]},"properties":{"nazwa":"Miejsce ochronne","rodzajZrodla":"Obiekt ochrony ludności","adres":"ul. Mariana Domagały 33G, Kraków","dostepnosc":"Na żądanie"}},{"type":"Feature","id":"OZO-ED5CE8608A76","geometry":{"type":"Point","coordinates":[20.0498606466964,50.0241239041983]},"properties":{"nazwa":"Miejsce ochronne","rodzajZrodla":"Obiekt ochrony ludności","adres":"ul. Mariana Domagały 41A, Kraków","dostepnosc":"Na żądanie"}},{"type":"Feature","id":"OZO-15D9EB9CDA23","geometry":{"type":"Point","coordinates":[20.0488342379342,50.0259412862112]},"properties":{"nazwa":"Miejsce ochronne","rodzajZrodla":"Obiekt ochrony ludności","adres":"ul. Mariana Domagały 31D, Kraków","dostepnosc":"Na żądanie"}},{"type":"Feature","id":"OZO-AC2F662E0123","geometry":{"type":"Point","coordinates":[20.0489857693439,50.024133610382]},"properties":{"nazwa":"Miejsce ochronne","rodzajZrodla":"Obiekt ochrony ludności","adres":"ul. Mariana Domagały 41B, Kraków","dostepnosc":"Całodobowa"}},{"type":"Feature","id":"OZO-328F4DD235F1","geometry":{"type":"Point","coordinates":[20.0469646104457,50.0255887945323]},"properties":{"nazwa":"Miejsce ochronne","rodzajZrodla":"Obiekt ochrony ludności","adres":"ul. Mariana Domagały 33H, Kraków","dostepnosc":"Na żądanie"}},{"type":"Feature","id":"OZO-B41F8302F358","geometry":{"type":"Point","coordinates":[20.0504659244807,50.0241213512961]},"properties":{"nazwa":"Miejsce ochronne","rodzajZrodla":"Obiekt ochrony ludności","adres":"ul. Mariana Domagały 41, Kraków","dostepnosc":"Na żądanie"}},{"type":"Feature","id":"OZO-CA810ABA71AF","geometry":{"type":"Point","coordinates":[19.9951967317611,50.0350810680538]},"properties":{"nazwa":"Miejsce ochronne","rodzajZrodla":"Obiekt ochrony ludności","adres":"ul. Gliniana 11, Kraków","dostepnosc":"Na żądanie"}},{"type":"Feature","id":"OZO-EFC22ACA2FE0","geometry":{"type":"Point","coordinates":[20.046625879049,50.0209165629342]},"properties":{"nazwa":"Miejsce ochronne","rodzajZrodla":"Obiekt ochrony ludności","adres":"ul. Agatowa 23, Kraków","dostepnosc":"Na żądanie"}},{"type":"Feature","id":"OZO-8DF2812AFE44","geometry":{"type":"Point","coordinates":[19.9664335506739,50.0509670117945]},"properties":{"nazwa":"Miejsce ochronne","rodzajZrodla":"Obiekt ochrony ludności","adres":"ul. Zabłocie 28, Kraków","dostepnosc":"Na żądanie"}},{"type":"Feature","id":"OZO-8C5966BFFA93","geometry":{"type":"Point","coordinates":[19.9943461362273,50.0354673480615]},"properties":{"nazwa":"Miejsce ochronne","rodzajZrodla":"Obiekt ochrony ludności","adres":"ul. Gliniana 13, Kraków","dostepnosc":"Na żądanie"}},{"type":"Feature","id":"OZO-C82647A16D63","geometry":{"type":"Point","coordinates":[19.9666328076526,50.049877269263]},"properties":{"nazwa":"Miejsce ochronne","rodzajZrodla":"Obiekt ochrony ludności","adres":"ul. Zabłocie 20, Kraków","dostepnosc":"Na żądanie"}},{"type":"Feature","id":"OZO-BFADC7AD954C","geometry":{"type":"Point","coordinates":[19.9944319669157,50.0359110021964]},"properties":{"nazwa":"Miejsce ochronne","rodzajZrodla":"Obiekt ochrony ludności","adres":"ul. Gliniana 14, Kraków","dostepnosc":"Na żądanie"}},{"type":"Feature","id":"OZO-004543C59042","geometry":{"type":"Point","coordinates":[20.0483572039178,50.024140850652]},"properties":{"nazwa":"Miejsce ochronne","rodzajZrodla":"Obiekt ochrony ludności","adres":"ul. Mariana Domagały 41C, Kraków","dostepnosc":"Na żądanie"}},{"type":"Feature","id":"OZO-64C8DA0F9A52","geometry":{"type":"Point","coordinates":[19.9669753505331,50.0502031880629]},"properties":{"nazwa":"Miejsce ochronne","rodzajZrodla":"Obiekt ochrony ludności","adres":"ul. Zabłocie 22, Kraków","dostepnosc":"Określone godziny"}},{"type":"Feature","id":"OZO-0048213A2E18","geometry":{"type":"Point","coordinates":[20.0468455306812,50.0216675653124]},"properties":{"nazwa":"Miejsce ochronne","rodzajZrodla":"Obiekt ochrony ludności","adres":"ul. Agatowa 27, Kraków","dostepnosc":"Na żądanie"}},{"type":"Feature","id":"OZO-5F91D3AD5C6C","geometry":{"type":"Point","coordinates":[19.9939025659114,50.0350556289777]},"properties":{"nazwa":"Miejsce ochronne","rodzajZrodla":"Obiekt ochrony ludności","adres":"ul. Gliniana 17, Kraków","dostepnosc":"Na żądanie"}},{"type":"Feature","id":"OZO-EA9507CCFC13","geometry":{"type":"Point","coordinates":[19.9757463999997,50.0399148999992]},"properties":{"nazwa":"Miejsce ochronne","rodzajZrodla":"Obiekt ochrony ludności","adres":"ul. Krzywda 19b, Kraków","dostepnosc":"Na żądanie"}},{"type":"Feature","id":"OZO-05030271608E","geometry":{"type":"Point","coordinates":[19.9819420144089,50.0461519576573]},"properties":{"nazwa":"Miejsce ochronne","rodzajZrodla":"Obiekt ochrony ludności","adres":"ul. Płaszowska 63, Kraków","dostepnosc":"Na żądanie"}},{"type":"Feature","id":"OZO-22F4FA1E8AC4","geometry":{"type":"Point","coordinates":[20.0488656855572,50.0263334353405]},"properties":{"nazwa":"Miejsce ochronne","rodzajZrodla":"Obiekt ochrony ludności","adres":"ul. Mariana Domagały 29D, Kraków","dostepnosc":"Na żądanie"}},{"type":"Feature","id":"OZO-C47BE3E6AFC2","geometry":{"type":"Point","coordinates":[19.9860669089588,50.0498094055791]},"properties":{"nazwa":"Miejsce ochronne","rodzajZrodla":"Obiekt ochrony ludności","adres":"ul. Koszykarska 24E, Kraków","dostepnosc":"Na żądanie"}},{"type":"Feature","id":"OZO-291BF138E3AC","geometry":{"type":"Point","coordinates":[20.0139578483713,50.0634991421035]},"properties":{"nazwa":"Miejsce ochronne","rodzajZrodla":"Obiekt ochrony ludności","adres":"ul. Sołtysowska 10E, Kraków","dostepnosc":"Na żądanie"}},{"type":"Feature","id":"OZO-1CE878E5CCF5","geometry":{"type":"Point","coordinates":[19.9756221973508,50.0378254495005]},"properties":{"nazwa":"Miejsce ochronne","rodzajZrodla":"Obiekt ochrony ludności","adres":"ul. Wodna 34, Kraków","dostepnosc":"Na żądanie"}},{"type":"Feature","id":"OZO-572A9F5B889E","geometry":{"type":"Point","coordinates":[19.9815418287878,50.0458901468037]},"properties":{"nazwa":"Miejsce ochronne","rodzajZrodla":"Obiekt ochrony ludności","adres":"ul. Płaszowska 59, Kraków","dostepnosc":"Na żądanie"}},{"type":"Feature","id":"OZO-8857A1179A37","geometry":{"type":"Point","coordinates":[20.01591118,50.06362371]},"properties":{"nazwa":"Miejsce ochronne","rodzajZrodla":"Obiekt ochrony ludności","adres":"ul. Sołtysowska 10L, Kraków","dostepnosc":"Na żądanie"}},{"type":"Feature","id":"OZO-3FCD903C289F","geometry":{"type":"Point","coordinates":[20.01452618,50.06279113]},"properties":{"nazwa":"Miejsce ochronne","rodzajZrodla":"Obiekt ochrony ludności","adres":"ul. Sołtysowska 10G, Kraków","dostepnosc":"Na żądanie"}},{"type":"Feature","id":"OZO-638E0B00BF75","geometry":{"type":"Point","coordinates":[20.0091939474869,50.0152333207534]},"properties":{"nazwa":"Miejsce ochronne","rodzajZrodla":"Obiekt ochrony ludności","adres":"ul. Leonida Teligi 26B, Kraków","dostepnosc":"Na żądanie"}},{"type":"Feature","id":"OZO-974CBAF069CF","geometry":{"type":"Point","coordinates":[20.01567516,50.06317452]},"properties":{"nazwa":"Miejsce ochronne","rodzajZrodla":"Obiekt ochrony ludności","adres":"ul. Sołtysowska 10J, Kraków","dostepnosc":"Na żądanie"}},{"type":"Feature","id":"OZO-437CAB27420E","geometry":{"type":"Point","coordinates":[20.0092193410694,50.0078343861637]},"properties":{"nazwa":"Miejsce ochronne","rodzajZrodla":"Obiekt ochrony ludności","adres":"ul. Ludwika Rydygiera 6, Kraków","dostepnosc":"Całodobowa"}},{"type":"Feature","id":"OZO-0A244A22DB93","geometry":{"type":"Point","coordinates":[19.9480772018191,50.0086676608811]},"properties":{"nazwa":"Miejsce ochronne","rodzajZrodla":"Obiekt ochrony ludności","adres":"ul. por.Halszki 24, Kraków","dostepnosc":"Całodobowa"}},{"type":"Feature","id":"OZO-E97B2CADF7E7","geometry":{"type":"Point","coordinates":[19.9466354969994,50.009459953336]},"properties":{"nazwa":"Miejsce ochronne","rodzajZrodla":"Obiekt ochrony ludności","adres":"ul. Pagórkowa 17, Kraków","dostepnosc":"Całodobowa"}},{"type":"Feature","id":"OZO-9ECC2E4D136D","geometry":{"type":"Point","coordinates":[19.954098006689,50.008287122477]},"properties":{"nazwa":"Miejsce ochronne","rodzajZrodla":"Obiekt ochrony ludności","adres":"ul. Marii i Bolesława Wysłouchów 27, Kraków","dostepnosc":"Na żądanie"}},{"type":"Feature","id":"OZO-D460F5F3E2B7","geometry":{"type":"Point","coordinates":[19.9595262389987,50.0132539820928]},"properties":{"nazwa":"Miejsce ochronne","rodzajZrodla":"Obiekt ochrony ludności","adres":"ul. Gołaśka 43A, Kraków","dostepnosc":"Całodobowa"}},{"type":"Feature","id":"OZO-BDE9FD91BB26","geometry":{"type":"Point","coordinates":[19.946424709608,50.0072810007293]},"properties":{"nazwa":"Miejsce ochronne","rodzajZrodla":"Obiekt ochrony ludności","adres":"ul. por.Halszki 28A, Kraków","dostepnosc":"Całodobowa"}},{"type":"Feature","id":"OZO-D5E9DEB013CA","geometry":{"type":"Point","coordinates":[19.9471718724571,50.0122571784347]},"properties":{"nazwa":"Miejsce ochronne","rodzajZrodla":"Obiekt ochrony ludności","adres":"ul. Storczykowa 9, Kraków","dostepnosc":"Całodobowa"}},{"type":"Feature","id":"OZO-307D997A2608","geometry":{"type":"Point","coordinates":[20.0273091532417,50.0171472132286]},"properties":{"nazwa":"Miejsce ochronne","rodzajZrodla":"Obiekt ochrony ludności","adres":"ul. Mała Góra 4, Kraków","dostepnosc":"Na żądanie"}},{"type":"Feature","id":"OZO-E16BF2DD6C54","geometry":{"type":"Point","coordinates":[19.9473313701283,50.0125749572712]},"properties":{"nazwa":"Miejsce ochronne","rodzajZrodla":"Obiekt ochrony ludności","adres":"ul. Storczykowa 11, Kraków","dostepnosc":"Na żądanie"}},{"type":"Feature","id":"OZO-A9B63328A606","geometry":{"type":"Point","coordinates":[19.947522571286,50.0122816860733]},"properties":{"nazwa":"Miejsce ochronne","rodzajZrodla":"Obiekt ochrony ludności","adres":"ul. Storczykowa 4, Kraków","dostepnosc":"Na żądanie"}},{"type":"Feature","id":"OZO-F7F65B2057FF","geometry":{"type":"Point","coordinates":[19.9596694577297,50.0109925912744]},"properties":{"nazwa":"Miejsce ochronne","rodzajZrodla":"Obiekt ochrony ludności","adres":"ul. Turniejowa 59A, Kraków","dostepnosc":"Całodobowa"}},{"type":"Feature","id":"OZO-3C2FF26A4DB7","geometry":{"type":"Point","coordinates":[19.9456757865592,50.0119086043919]},"properties":{"nazwa":"Miejsce ochronne","rodzajZrodla":"Obiekt ochrony ludności","adres":"ul. Chmielna 20, Kraków","dostepnosc":"Całodobowa"}},{"type":"Feature","id":"OZO-E9A815C1ED10","geometry":{"type":"Point","coordinates":[19.9741968884944,50.0211432855675]},"properties":{"nazwa":"Miejsce ochronne","rodzajZrodla":"Obiekt ochrony ludności","adres":"ul. Macedońska 25, Kraków","dostepnosc":"Całodobowa"}},{"type":"Feature","id":"OZO-9188C1E4BA22","geometry":{"type":"Point","coordinates":[19.9745806067153,50.0225066801476]},"properties":{"nazwa":"Miejsce ochronne","rodzajZrodla":"Obiekt ochrony ludności","adres":"ul. Alfreda Dauna 70, Kraków","dostepnosc":"Całodobowa"}},{"type":"Feature","id":"OZO-009C778645A9","geometry":{"type":"Point","coordinates":[20.0154917594118,50.0151097402047]},"properties":{"nazwa":"Miejsce ochronne","rodzajZrodla":"Obiekt ochrony ludności","adres":"ul. Aleksandry 4A, Kraków","dostepnosc":"Całodobowa"}},{"type":"Feature","id":"OZO-21AC8C21651C","geometry":{"type":"Point","coordinates":[20.026376349313,50.013172738032]},"properties":{"nazwa":"Miejsce ochronne","rodzajZrodla":"Obiekt ochrony ludności","adres":"ul. Mała Góra 14b, Kraków","dostepnosc":"Na żądanie"}},{"type":"Feature","id":"OZO-888A97A9B0ED","geometry":{"type":"Point","coordinates":[19.9617465771557,50.0211375543716]},"properties":{"nazwa":"Miejsce ochronne","rodzajZrodla":"Obiekt ochrony ludności","adres":"ul. Malborska 130, Kraków","dostepnosc":"Określone godziny"}},{"type":"Feature","id":"OZO-917D1F6C8949","geometry":{"type":"Point","coordinates":[20.0160543527529,50.015179058544]},"properties":{"nazwa":"Miejsce ochronne","rodzajZrodla":"Obiekt ochrony ludności","adres":"ul. Aleksandry 4, Kraków","dostepnosc":"Całodobowa"}},{"type":"Feature","id":"OZO-6D7AD3A1D726","geometry":{"type":"Point","coordinates":[20.0273380708077,50.0142677361212]},"properties":{"nazwa":"Miejsce ochronne","rodzajZrodla":"Obiekt ochrony ludności","adres":"ul. Mała Góra 10, Kraków","dostepnosc":"Całodobowa"}},{"type":"Feature","id":"OZO-2F3573AE68BA","geometry":{"type":"Point","coordinates":[19.89202086,49.99858461]},"properties":{"nazwa":"Miejsce ochronne","rodzajZrodla":"Obiekt ochrony ludności","adres":"ul. bpa Albina Małysiaka 24B, Kraków","dostepnosc":"Na żądanie"}},{"type":"Feature","id":"OZO-995C7ABF85E0","geometry":{"type":"Point","coordinates":[19.892163319838,50.0006759335726]},"properties":{"nazwa":"Miejsce ochronne","rodzajZrodla":"Obiekt ochrony ludności","adres":"ul. Komuny Paryskiej 56, Kraków","dostepnosc":"Na żądanie"}},{"type":"Feature","id":"OZO-01B43DDB9604","geometry":{"type":"Point","coordinates":[19.89202585,50.00241591]},"properties":{"nazwa":"Miejsce ochronne","rodzajZrodla":"Obiekt ochrony ludności","adres":"ul. prof. Bronisława Geremka 32, Kraków","dostepnosc":"Na żądanie"}},{"type":"Feature","id":"OZO-8375E6E5ADB6","geometry":{"type":"Point","coordinates":[19.8935836832475,49.9989666556935]},"properties":{"nazwa":"Miejsce ochronne","rodzajZrodla":"Obiekt ochrony ludności","adres":"ul. bpa Albina Małysiaka 6, Kraków","dostepnosc":"Na żądanie"}},{"type":"Feature","id":"OZO-DBA0660D24F8","geometry":{"type":"Point","coordinates":[19.8927433457213,50.0003676153551]},"properties":{"nazwa":"Miejsce ochronne","rodzajZrodla":"Obiekt ochrony ludności","adres":"ul. Komuny Paryskiej 54, Kraków","dostepnosc":"Na żądanie"}},{"type":"Feature","id":"OZO-D17459020307","geometry":{"type":"Point","coordinates":[19.8943142591785,50.0012258053133]},"properties":{"nazwa":"Miejsce ochronne","rodzajZrodla":"Obiekt ochrony ludności","adres":"ul. Komuny Paryskiej 50, Kraków","dostepnosc":"Na żądanie"}},{"type":"Feature","id":"OZO-1FB2302081E0","geometry":{"type":"Point","coordinates":[19.9252899999997,50.0613057999991]},"properties":{"nazwa":"Miejsce ochronne","rodzajZrodla":"Obiekt ochrony ludności","adres":"ul. Szczepana Humberta 1, Kraków","dostepnosc":"Na żądanie"}},{"type":"Feature","id":"OZO-7268629B34A8","geometry":{"type":"Point","coordinates":[19.9441972620583,50.0530378590659]},"properties":{"nazwa":"Miejsce ochronne","rodzajZrodla":"Obiekt ochrony ludności","adres":"ul. Podbrzezie 2, Kraków","dostepnosc":"Całodobowa"}},{"type":"Feature","id":"OZO-361CCBF67BB8","geometry":{"type":"Point","coordinates":[19.93658,50.06143]},"properties":{"nazwa":"Miejsce ochronne","rodzajZrodla":"Obiekt ochrony ludności","adres":"Rynek Główny 1, Kraków","dostepnosc":"Na żądanie"}},{"type":"Feature","id":"OZO-12B4BC9A69AB","geometry":{"type":"Point","coordinates":[19.9374150999997,50.0663634999991]},"properties":{"nazwa":"Miejsce ochronne","rodzajZrodla":"Obiekt ochrony ludności","adres":"ul. Basztowa 7, Kraków","dostepnosc":"Na żądanie"}},{"type":"Feature","id":"OZO-5761BDD14471","geometry":{"type":"Point","coordinates":[19.9266127999997,50.0627059999992]},"properties":{"nazwa":"Miejsce ochronne","rodzajZrodla":"Obiekt ochrony ludności","adres":"ul. Krupnicza 38, Kraków","dostepnosc":"Na żądanie"}},{"type":"Feature","id":"OZO-4E58791FF81A","geometry":{"type":"Point","coordinates":[19.9410986806923,50.0462593650661]},"properties":{"nazwa":"Miejsce ochronne","rodzajZrodla":"Obiekt ochrony ludności","adres":"ul. Hieronima Wietora 13, Kraków","dostepnosc":"Na żądanie"}},{"type":"Feature","id":"OZO-72AC4575E777","geometry":{"type":"Point","coordinates":[19.9522746074722,50.0647855503786]},"properties":{"nazwa":"Miejsce ochronne","rodzajZrodla":"Obiekt ochrony ludności","adres":"ul. Lubicz 23A, Kraków","dostepnosc":"Na żądanie"}},{"type":"Feature","id":"OZO-B67452288C5A","geometry":{"type":"Point","coordinates":[19.9461567999997,50.0603354999992]},"properties":{"nazwa":"Miejsce ochronne","rodzajZrodla":"Obiekt ochrony ludności","adres":"ul. Mikołaja Kopernika 7C, Kraków","dostepnosc":"Na żądanie"}},{"type":"Feature","id":"OZO-67237DB9F474","geometry":{"type":"Point","coordinates":[19.9439550247292,50.0542050413712]},"properties":{"nazwa":"Miejsce ochronne","rodzajZrodla":"Obiekt ochrony ludności","adres":"ul. Józefa Dietla 69, Kraków","dostepnosc":"Całodobowa"}},{"type":"Feature","id":"OZO-A2E6491BECDD","geometry":{"type":"Point","coordinates":[19.9637956172059,50.0626367797686]},"properties":{"nazwa":"Miejsce ochronne","rodzajZrodla":"Obiekt ochrony ludności","adres":"ul. Sądowa 3, Kraków","dostepnosc":"Na żądanie"}},{"type":"Feature","id":"OZO-E743279AC2CD","geometry":{"type":"Point","coordinates":[19.9265238083557,50.0635985471604]},"properties":{"nazwa":"Miejsce ochronne","rodzajZrodla":"Obiekt ochrony ludności","adres":"ul. Skarbowa 4, Kraków","dostepnosc":"Na żądanie"}},{"type":"Feature","id":"OZO-CED73F2E5F17","geometry":{"type":"Point","coordinates":[19.9215020999997,50.0574537999992]},"properties":{"nazwa":"Miejsce ochronne","rodzajZrodla":"Obiekt ochrony ludności","adres":"ul. Łowiecka 5, Kraków","dostepnosc":"Określone godziny"}},{"type":"Feature","id":"OZO-41E82B595771","geometry":{"type":"Point","coordinates":[19.9399008229095,50.0619186880355]},"properties":{"nazwa":"Miejsce ochronne","rodzajZrodla":"Obiekt ochrony ludności","adres":"Plac Mariacki 2, Kraków","dostepnosc":"Całodobowa"}},{"type":"Feature","id":"OZO-2FC6086F99B4","geometry":{"type":"Point","coordinates":[19.9626599531447,50.0618911953931]},"properties":{"nazwa":"Miejsce ochronne","rodzajZrodla":"Obiekt ochrony ludności","adres":"ul. Sądowa 7, Kraków","dostepnosc":"Na żądanie"}},{"type":"Feature","id":"OZO-B789552D891F","geometry":{"type":"Point","coordinates":[19.9326964793584,50.0587883558763]},"properties":{"nazwa":"Miejsce ochronne","rodzajZrodla":"Obiekt ochrony ludności","adres":"ul. Zwierzyniecka 1, Kraków","dostepnosc":"Na żądanie"}},{"type":"Feature","id":"OZO-A525AD7FDEFC","geometry":{"type":"Point","coordinates":[19.9218906004425,50.0547190353042]},"properties":{"nazwa":"Miejsce ochronne","rodzajZrodla":"Obiekt ochrony ludności","adres":"Plac Na Stawach 1, Kraków","dostepnosc":"Na żądanie"}},{"type":"Feature","id":"OZO-2436C5005F76","geometry":{"type":"Point","coordinates":[19.963056752441,50.0602823728976]},"properties":{"nazwa":"Miejsce ochronne","rodzajZrodla":"Obiekt ochrony ludności","adres":"ul. prof. Władysława Szafera 1, Kraków","dostepnosc":"Całodobowa"}},{"type":"Feature","id":"OZO-053C965ED7B0","geometry":{"type":"Point","coordinates":[19.951957540231,50.06770757654]},"properties":{"nazwa":"Miejsce ochronne","rodzajZrodla":"Obiekt ochrony ludności","adres":"ul. Rakowicka 16, Kraków","dostepnosc":"Na żądanie"}},{"type":"Feature","id":"OZO-CF97144992C9","geometry":{"type":"Point","coordinates":[19.9555620500202,50.0690259659314]},"properties":{"nazwa":"Miejsce ochronne","rodzajZrodla":"Obiekt ochrony ludności","adres":"ul. Rakowicka 27, Kraków","dostepnosc":"Na żądanie"}},{"type":"Feature","id":"OZO-FD51C40FD5D0","geometry":{"type":"Point","coordinates":[19.9668896291251,50.0636895746289]},"properties":{"nazwa":"Miejsce ochronne","rodzajZrodla":"Obiekt ochrony ludności","adres":"ul. płk. Francesco Nullo 20, Kraków","dostepnosc":"Całodobowa"}},{"type":"Feature","id":"OZO-07684DFED70E","geometry":{"type":"Point","coordinates":[19.9643913190646,50.062014996103]},"properties":{"nazwa":"Miejsce ochronne","rodzajZrodla":"Obiekt ochrony ludności","adres":"ul. prof. Władysława Szafera 9, Kraków","dostepnosc":"Na żądanie"}},{"type":"Feature","id":"OZO-D697C78757B8","geometry":{"type":"Point","coordinates":[19.9557836074176,50.057304659885]},"properties":{"nazwa":"Miejsce ochronne","rodzajZrodla":"Obiekt ochrony ludności","adres":"ul. Grzegórzecka 45b, Kraków","dostepnosc":"Na żądanie"}},{"type":"Feature","id":"OZO-16D303CCB6D0","geometry":{"type":"Point","coordinates":[19.9645255133345,50.061603277019]},"properties":{"nazwa":"Miejsce ochronne","rodzajZrodla":"Obiekt ochrony ludności","adres":"ul. prof. Władysława Szafera 7, Kraków","dostepnosc":"Całodobowa"}},{"type":"Feature","id":"OZO-CD222A557FFD","geometry":{"type":"Point","coordinates":[19.9661375209531,50.0588548090583]},"properties":{"nazwa":"Miejsce ochronne","rodzajZrodla":"Obiekt ochrony ludności","adres":"ul. Stefana Bobrowskiego 5, Kraków","dostepnosc":"Na żądanie"}},{"type":"Feature","id":"OZO-118BDA1366A7","geometry":{"type":"Point","coordinates":[19.9666767287844,50.0631896779235]},"properties":{"nazwa":"Miejsce ochronne","rodzajZrodla":"Obiekt ochrony ludności","adres":"ul. płk. Francesco Nullo 18, Kraków","dostepnosc":"Na żądanie"}},{"type":"Feature","id":"OZO-771AF1590353","geometry":{"type":"Point","coordinates":[19.9390212259903,50.059558721287]},"properties":{"nazwa":"Miejsce ochronne","rodzajZrodla":"Obiekt ochrony ludności","adres":"ul. Stolarska 12, Kraków","dostepnosc":"Na żądanie"}},{"type":"Feature","id":"OZO-FB7269CBEDD7","geometry":{"type":"Point","coordinates":[19.9586033999997,50.0535625999992]},"properties":{"nazwa":"Miejsce ochronne","rodzajZrodla":"Obiekt ochrony ludności","adres":"ul. Gęsia 26, Kraków","dostepnosc":"Całodobowa"}},{"type":"Feature","id":"OZO-3D184CA8147D","geometry":{"type":"Point","coordinates":[19.9608907848414,50.0650929985871]},"properties":{"nazwa":"Miejsce ochronne","rodzajZrodla":"Obiekt ochrony ludności","adres":"ul. Przy Rondzie 2, Kraków","dostepnosc":"Na żądanie"}},{"type":"Feature","id":"OZO-4529C2B18D3A","geometry":{"type":"Point","coordinates":[19.9520950999997,50.0632594999991]},"properties":{"nazwa":"Miejsce ochronne","rodzajZrodla":"Obiekt ochrony ludności","adres":"ul. Mikołaja Kopernika 40, Kraków","dostepnosc":"Na żądanie"}},{"type":"Feature","id":"OZO-E991A05321CA","geometry":{"type":"Point","coordinates":[19.9512460999997,50.0630699999992]},"properties":{"nazwa":"Miejsce ochronne","rodzajZrodla":"Obiekt ochrony ludności","adres":"ul. Mikołaja Kopernika 36, Kraków","dostepnosc":"Na żądanie"}},{"type":"Feature","id":"OZO-79C980FAD24B","geometry":{"type":"Point","coordinates":[19.9461456999997,50.0617987999992]},"properties":{"nazwa":"Miejsce ochronne","rodzajZrodla":"Obiekt ochrony ludności","adres":"ul. Mikołaja Kopernika 12, Kraków","dostepnosc":"Na żądanie"}},{"type":"Feature","id":"OZO-D128AEB135AD","geometry":{"type":"Point","coordinates":[19.9615542124778,50.0646249950233]},"properties":{"nazwa":"Miejsce ochronne","rodzajZrodla":"Obiekt ochrony ludności","adres":"ul. Przy Rondzie 5, Kraków","dostepnosc":"Na żądanie"}},{"type":"Feature","id":"OZO-EBEC5B0515B0","geometry":{"type":"Point","coordinates":[19.9626614855785,50.065955155039]},"properties":{"nazwa":"Miejsce ochronne","rodzajZrodla":"Obiekt ochrony ludności","adres":"ul. Mogilska 17, Kraków","dostepnosc":"Na żądanie"}},{"type":"Feature","id":"OZO-DB69D4F2408D","geometry":{"type":"Point","coordinates":[19.9444440075224,50.0763605329963]},"properties":{"nazwa":"Miejsce ochronne","rodzajZrodla":"Obiekt ochrony ludności","adres":"ul. Murowana 8, Kraków","dostepnosc":"Na żądanie"}},{"type":"Feature","id":"OZO-58A3AC362FDE","geometry":{"type":"Point","coordinates":[19.9444260999997,50.0764326999992]},"properties":{"nazwa":"Miejsce ochronne","rodzajZrodla":"Obiekt ochrony ludności","adres":"ul. Towarowa 10, Kraków","dostepnosc":"Na żądanie"}},{"type":"Feature","id":"OZO-C65D171608FE","geometry":{"type":"Point","coordinates":[19.936650237039,50.0626888592088]},"properties":{"nazwa":"Miejsce ochronne","rodzajZrodla":"Obiekt ochrony ludności","adres":"Rynek Główny 35, Kraków","dostepnosc":"Na żądanie"}},{"type":"Feature","id":"OZO-2D6F204D8895","geometry":{"type":"Point","coordinates":[19.94454547762871,50.076630039399994]},"properties":{"nazwa":"Miejsce ochronne","rodzajZrodla":"Obiekt ochrony ludności","adres":"ul. Murowana 12, Kraków","dostepnosc":"Na żądanie"}},{"type":"Feature","id":"OZO-89D16F32E5F4","geometry":{"type":"Point","coordinates":[19.9656759295453,50.0674761832075]},"properties":{"nazwa":"Miejsce ochronne","rodzajZrodla":"Obiekt ochrony ludności","adres":"ul. Bohdana Zaleskiego 27, Kraków","dostepnosc":"Na żądanie"}},{"type":"Feature","id":"OZO-871499367D01","geometry":{"type":"Point","coordinates":[19.9517009589952,50.0589955421147]},"properties":{"nazwa":"Miejsce ochronne","rodzajZrodla":"Obiekt ochrony ludności","adres":"ul. Grzegórzecka 16, Kraków","dostepnosc":"Całodobowa"}},{"type":"Feature","id":"OZO-40503A0B95A0","geometry":{"type":"Point","coordinates":[19.9545931257096,50.055132154401]},"properties":{"nazwa":"Miejsce ochronne","rodzajZrodla":"Obiekt ochrony ludności","adres":"ul. Masarska 3, Kraków","dostepnosc":"Na żądanie"}},{"type":"Feature","id":"OZO-BB228EA4F9A9","geometry":{"type":"Point","coordinates":[19.9500113259768,50.0529194996007]},"properties":{"nazwa":"Miejsce ochronne","rodzajZrodla":"Obiekt ochrony ludności","adres":"ul. Rzeszowska 6, Kraków","dostepnosc":"Na żądanie"}},{"type":"Feature","id":"OZO-4FF791CF1037","geometry":{"type":"Point","coordinates":[19.9552859738261,50.0550771691161]},"properties":{"nazwa":"Miejsce ochronne","rodzajZrodla":"Obiekt ochrony ludności","adres":"ul. Masarska 7, Kraków","dostepnosc":"Całodobowa"}},{"type":"Feature","id":"OZO-59064E6E8D76","geometry":{"type":"Point","coordinates":[19.9809687118889,50.0610729120956]},"properties":{"nazwa":"Miejsce ochronne","rodzajZrodla":"Obiekt ochrony ludności","adres":"ul. Półkole 3, Kraków","dostepnosc":"Na żądanie"}},{"type":"Feature","id":"OZO-52B3B9E8B609","geometry":{"type":"Point","coordinates":[19.967092555001,50.0674670888425]},"properties":{"nazwa":"Miejsce ochronne","rodzajZrodla":"Obiekt ochrony ludności","adres":"ul. Bohdana Zaleskiego 39, Kraków","dostepnosc":"Na żądanie"}},{"type":"Feature","id":"OZO-F1AEF7E851CD","geometry":{"type":"Point","coordinates":[19.9674109317282,50.060850659438]},"properties":{"nazwa":"Miejsce ochronne","rodzajZrodla":"Obiekt ochrony ludności","adres":"ul. płk. Francesco Nullo 10, Kraków","dostepnosc":"Na żądanie"}},{"type":"Feature","id":"OZO-E3D566C415FF","geometry":{"type":"Point","coordinates":[19.9600421999997,50.0695488999992]},"properties":{"nazwa":"Miejsce ochronne","rodzajZrodla":"Obiekt ochrony ludności","adres":"ul. Moniuszki 3, Kraków","dostepnosc":"Na żądanie"}},{"type":"Feature","id":"OZO-4051DBE81F94","geometry":{"type":"Point","coordinates":[19.9815090931866,50.0601945305523]},"properties":{"nazwa":"Miejsce ochronne","rodzajZrodla":"Obiekt ochrony ludności","adres":"ul. Półkole 10, Kraków","dostepnosc":"Na żądanie"}},{"type":"Feature","id":"OZO-FFC741E89CA5","geometry":{"type":"Point","coordinates":[19.9455525725826,50.053081270332]},"properties":{"nazwa":"Miejsce ochronne","rodzajZrodla":"Obiekt ochrony ludności","adres":"ul. Miodowa 28, Kraków","dostepnosc":"Na żądanie"}},{"type":"Feature","id":"OZO-CF75691F0D9B","geometry":{"type":"Point","coordinates":[19.9665983563667,50.0626981248612]},"properties":{"nazwa":"Miejsce ochronne","rodzajZrodla":"Obiekt ochrony ludności","adres":"ul. płk. Francesco Nullo 14, Kraków","dostepnosc":"Całodobowa"}},{"type":"Feature","id":"OZO-E9141F77463F","geometry":{"type":"Point","coordinates":[19.9668503457455,50.0623604060083]},"properties":{"nazwa":"Miejsce ochronne","rodzajZrodla":"Obiekt ochrony ludności","adres":"ul. płk. Francesco Nullo 14, Kraków","dostepnosc":"Całodobowa"}},{"type":"Feature","id":"OZO-46CEE4AA2D1F","geometry":{"type":"Point","coordinates":[19.9176781344775,50.0524560641742]},"properties":{"nazwa":"Miejsce ochronne","rodzajZrodla":"Obiekt ochrony ludności","adres":"ul. Tadeusza Kościuszki 74, Kraków","dostepnosc":"Na żądanie"}},{"type":"Feature","id":"OZO-7C73752F2381","geometry":{"type":"Point","coordinates":[19.9289243854244,50.0668451516252]},"properties":{"nazwa":"Miejsce ochronne","rodzajZrodla":"Obiekt ochrony ludności","adres":"ul. Karmelicka 44, Kraków","dostepnosc":"Na żądanie"}},{"type":"Feature","id":"OZO-C23B7A8B7778","geometry":{"type":"Point","coordinates":[19.9507093708733,50.0575055741041]},"properties":{"nazwa":"Miejsce ochronne","rodzajZrodla":"Obiekt ochrony ludności","adres":"ul. AlejaIgnacego Daszyńskiego 15, Kraków","dostepnosc":"Na żądanie"}},{"type":"Feature","id":"OZO-00EBC5FA6939","geometry":{"type":"Point","coordinates":[19.9498682849883,50.0566612162593]},"properties":{"nazwa":"Miejsce ochronne","rodzajZrodla":"Obiekt ochrony ludności","adres":"ul. Michała Siedleckiego 3, Kraków","dostepnosc":"Na żądanie"}},{"type":"Feature","id":"OZO-D0BC94BE32CD","geometry":{"type":"Point","coordinates":[19.9294604919522,50.066380961829]},"properties":{"nazwa":"Miejsce ochronne","rodzajZrodla":"Obiekt ochrony ludności","adres":"ul. Karmelicka 38, Kraków","dostepnosc":"Na żądanie"}},{"type":"Feature","id":"OZO-C407F4490AB2","geometry":{"type":"Point","coordinates":[19.9509214364493,50.0523730628286]},"properties":{"nazwa":"Miejsce ochronne","rodzajZrodla":"Obiekt ochrony ludności","adres":"ul. Halicka 10, Kraków","dostepnosc":"Na żądanie"}},{"type":"Feature","id":"OZO-5B1B2256A4B5","geometry":{"type":"Point","coordinates":[19.92969,50.0664]},"properties":{"nazwa":"Miejsce ochronne","rodzajZrodla":"Obiekt ochrony ludności","adres":"ul. Karmelicka 29, Kraków","dostepnosc":"Na żądanie"}},{"type":"Feature","id":"OZO-6A374AB88607","geometry":{"type":"Point","coordinates":[19.933113073899,50.0701981643542]},"properties":{"nazwa":"Miejsce ochronne","rodzajZrodla":"Obiekt ochrony ludności","adres":"ul. Szlak 3, Kraków","dostepnosc":"Całodobowa"}},{"type":"Feature","id":"OZO-631A77625C3B","geometry":{"type":"Point","coordinates":[19.9461003299552,50.0530006364235]},"properties":{"nazwa":"Miejsce ochronne","rodzajZrodla":"Obiekt ochrony ludności","adres":"ul. Miodowa 31, Kraków","dostepnosc":"Całodobowa"}},{"type":"Feature","id":"OZO-D120350CF756","geometry":{"type":"Point","coordinates":[19.9304631352101,50.0658640498602]},"properties":{"nazwa":"Miejsce ochronne","rodzajZrodla":"Obiekt ochrony ludności","adres":"ul. Karmelicka 23, Kraków","dostepnosc":"Całodobowa"}},{"type":"Feature","id":"OZO-331340A1F27D","geometry":{"type":"Point","coordinates":[19.95265137402,50.051076444821]},"properties":{"nazwa":"Miejsce ochronne","rodzajZrodla":"Obiekt ochrony ludności","adres":"ul. Halicka 16, Kraków","dostepnosc":"Na żądanie"}},{"type":"Feature","id":"OZO-49E239275E21","geometry":{"type":"Point","coordinates":[19.952793866374,50.0509568350627]},"properties":{"nazwa":"Miejsce ochronne","rodzajZrodla":"Obiekt ochrony ludności","adres":"ul. Halicka 17, Kraków","dostepnosc":"Całodobowa"}},{"type":"Feature","id":"OZO-F63EAB9EB40C","geometry":{"type":"Point","coordinates":[19.9565393999997,50.0563354999992]},"properties":{"nazwa":"Miejsce ochronne","rodzajZrodla":"Obiekt ochrony ludności","adres":"ul. Rzeźnicza 6, Kraków","dostepnosc":"Na żądanie"}},{"type":"Feature","id":"OZO-ECC2475B739A","geometry":{"type":"Point","coordinates":[19.954316942,50.0565184792767]},"properties":{"nazwa":"Miejsce ochronne","rodzajZrodla":"Obiekt ochrony ludności","adres":"ul. Prochowa 1, Kraków","dostepnosc":"Całodobowa"}},{"type":"Feature","id":"OZO-066577B8F6F1","geometry":{"type":"Point","coordinates":[19.9527221172828,50.0506450701741]},"properties":{"nazwa":"Miejsce ochronne","rodzajZrodla":"Obiekt ochrony ludności","adres":"ul. św.Wawrzyńca 40, Kraków","dostepnosc":"Całodobowa"}},{"type":"Feature","id":"OZO-963BF0CA5669","geometry":{"type":"Point","coordinates":[19.9525155033695,50.0511848228291]},"properties":{"nazwa":"Miejsce ochronne","rodzajZrodla":"Obiekt ochrony ludności","adres":"ul. Halicka 15, Kraków","dostepnosc":"Całodobowa"}},{"type":"Feature","id":"OZO-469DFA769FB4","geometry":{"type":"Point","coordinates":[19.9496541330039,50.0574240565399]},"properties":{"nazwa":"Miejsce ochronne","rodzajZrodla":"Obiekt ochrony ludności","adres":"ul. Metalowców 1, Kraków","dostepnosc":"Całodobowa"}},{"type":"Feature","id":"OZO-AFA656E81B94","geometry":{"type":"Point","coordinates":[19.952920516931,50.0508445594697]},"properties":{"nazwa":"Miejsce ochronne","rodzajZrodla":"Obiekt ochrony ludności","adres":"ul. Halicka 18, Kraków","dostepnosc":"Na żądanie"}},{"type":"Feature","id":"OZO-311E6CF5D382","geometry":{"type":"Point","coordinates":[19.9518027063235,50.0507930945842]},"properties":{"nazwa":"Miejsce ochronne","rodzajZrodla":"Obiekt ochrony ludności","adres":"ul. św.Wawrzyńca 36a, Kraków","dostepnosc":"Całodobowa"}},{"type":"Feature","id":"OZO-3FA0519A284B","geometry":{"type":"Point","coordinates":[19.9243918829552,50.0568805814455]},"properties":{"nazwa":"Miejsce ochronne","rodzajZrodla":"Obiekt ochrony ludności","adres":"ul. Kornela Ujejskiego 5, Kraków","dostepnosc":"Na żądanie"}},{"type":"Feature","id":"OZO-17F3E57EB479","geometry":{"type":"Point","coordinates":[19.9430068209502,50.0502131087939]},"properties":{"nazwa":"Miejsce ochronne","rodzajZrodla":"Obiekt ochrony ludności","adres":"ul. Józefa 1, Kraków","dostepnosc":"Całodobowa"}},{"type":"Feature","id":"OZO-958EA9455892","geometry":{"type":"Point","coordinates":[19.9230212884867,50.056245874907]},"properties":{"nazwa":"Miejsce ochronne","rodzajZrodla":"Obiekt ochrony ludności","adres":"ul. Włóczków 22, Kraków","dostepnosc":"Na żądanie"}},{"type":"Feature","id":"OZO-E7982E612B1D","geometry":{"type":"Point","coordinates":[19.924668041714,50.0566538733302]},"properties":{"nazwa":"Miejsce ochronne","rodzajZrodla":"Obiekt ochrony ludności","adres":"ul. Kornela Ujejskiego 4, Kraków","dostepnosc":"Na żądanie"}},{"type":"Feature","id":"OZO-22EA6BE8D833","geometry":{"type":"Point","coordinates":[19.9248176455477,50.0567057737423]},"properties":{"nazwa":"Miejsce ochronne","rodzajZrodla":"Obiekt ochrony ludności","adres":"ul. Kornela Ujejskiego 2a, Kraków","dostepnosc":"Na żądanie"}},{"type":"Feature","id":"OZO-1A86B5D95E50","geometry":{"type":"Point","coordinates":[19.9427215847851,50.0623858114995]},"properties":{"nazwa":"Miejsce ochronne","rodzajZrodla":"Obiekt ochrony ludności","adres":"ul. Świętego Krzyża 17, Kraków","dostepnosc":"Całodobowa"}},{"type":"Feature","id":"OZO-1C35D442FB19","geometry":{"type":"Point","coordinates":[19.9236857667053,50.0565439979831]},"properties":{"nazwa":"Miejsce ochronne","rodzajZrodla":"Obiekt ochrony ludności","adres":"ul. Kornela Ujejskiego 13, Kraków","dostepnosc":"Całodobowa"}},{"type":"Feature","id":"OZO-B1A1F9AD83E2","geometry":{"type":"Point","coordinates":[19.925177606097,50.0564202181333]},"properties":{"nazwa":"Miejsce ochronne","rodzajZrodla":"Obiekt ochrony ludności","adres":"ul. Władysława Syrokomli 16, Kraków","dostepnosc":"Na żądanie"}},{"type":"Feature","id":"OZO-63852F163652","geometry":{"type":"Point","coordinates":[19.9238503594549,50.056615076754]},"properties":{"nazwa":"Miejsce ochronne","rodzajZrodla":"Obiekt ochrony ludności","adres":"ul. Kornela Ujejskiego 11, Kraków","dostepnosc":"Na żądanie"}},{"type":"Feature","id":"OZO-56B642CECA36","geometry":{"type":"Point","coordinates":[19.9827280999997,50.0700212999991]},"properties":{"nazwa":"Miejsce ochronne","rodzajZrodla":"Obiekt ochrony ludności","adres":"ul. Majora Pilota Stefana Janusa 12, Kraków","dostepnosc":"Na żądanie"}},{"type":"Feature","id":"OZO-ECD0B317997A","geometry":{"type":"Point","coordinates":[19.9501458555228,50.052786855983]},"properties":{"nazwa":"Miejsce ochronne","rodzajZrodla":"Obiekt ochrony ludności","adres":"ul. Rzeszowska 5, Kraków","dostepnosc":"Na żądanie"}},{"type":"Feature","id":"OZO-672EE26E41D3","geometry":{"type":"Point","coordinates":[19.9401482568646,50.0618427573707]},"properties":{"nazwa":"Miejsce ochronne","rodzajZrodla":"Obiekt ochrony ludności","adres":"Plac Mariacki 3, Kraków","dostepnosc":"Całodobowa"}},{"type":"Feature","id":"OZO-CDFAE1F6B7E5","geometry":{"type":"Point","coordinates":[19.9362966045441,50.0623182952694]},"properties":{"nazwa":"Miejsce ochronne","rodzajZrodla":"Obiekt ochrony ludności","adres":"Rynek Główny 33, Kraków","dostepnosc":"Całodobowa"}},{"type":"Feature","id":"OZO-06700B72F55A","geometry":{"type":"Point","coordinates":[19.9396202806102,50.0627258234018]},"properties":{"nazwa":"Miejsce ochronne","rodzajZrodla":"Obiekt ochrony ludności","adres":"ul. Floriańska 10, Kraków","dostepnosc":"Całodobowa"}},{"type":"Feature","id":"OZO-B3FE5F87ED68","geometry":{"type":"Point","coordinates":[19.9279283638708,50.0586199900408]},"properties":{"nazwa":"Miejsce ochronne","rodzajZrodla":"Obiekt ochrony ludności","adres":"ul. Smoleńsk 27, Kraków","dostepnosc":"Na żądanie"}},{"type":"Feature","id":"OZO-FCAC540B689F","geometry":{"type":"Point","coordinates":[19.937455151201,50.0570122571928]},"properties":{"nazwa":"Miejsce ochronne","rodzajZrodla":"Obiekt ochrony ludności","adres":"ul. Kanonicza 7, Kraków","dostepnosc":"Na żądanie"}},{"type":"Feature","id":"OZO-506DAD473960","geometry":{"type":"Point","coordinates":[19.9825774999997,50.0698264999992]},"properties":{"nazwa":"Miejsce ochronne","rodzajZrodla":"Obiekt ochrony ludności","adres":"ul. Majora Pilota Stefana Janusa 16, Kraków","dostepnosc":"Na żądanie"}},{"type":"Feature","id":"OZO-D8A3CD1BC0ED","geometry":{"type":"Point","coordinates":[19.9657050746402,50.0902118122675]},"properties":{"nazwa":"Miejsce ochronne","rodzajZrodla":"Obiekt ochrony ludności","adres":"ul. Jakuba Majora 12a, Kraków","dostepnosc":"Na żądanie"}},{"type":"Feature","id":"OZO-6DC13DEFA7ED","geometry":{"type":"Point","coordinates":[19.970646388345063,50.0959203945965]},"properties":{"nazwa":"Miejsce ochronne","rodzajZrodla":"Obiekt ochrony ludności","adres":"ul. Powstańców 42, Kraków","dostepnosc":"Na żądanie"}},{"type":"Feature","id":"OZO-15996784B21D","geometry":{"type":"Point","coordinates":[19.9756757304004,50.0737268117395]},"properties":{"nazwa":"Miejsce ochronne","rodzajZrodla":"Obiekt ochrony ludności","adres":"ul. Śliczna 30, Kraków","dostepnosc":"Na żądanie"}},{"type":"Feature","id":"OZO-0F26D74CFC37","geometry":{"type":"Point","coordinates":[19.9949890580679,50.0788684188568]},"properties":{"nazwa":"Miejsce ochronne","rodzajZrodla":"Obiekt ochrony ludności","adres":"ul. prof. Michała Życzkowskiego 16, Kraków","dostepnosc":"Na żądanie"}},{"type":"Feature","id":"OZO-E9D0ADEC5AAC","geometry":{"type":"Point","coordinates":[19.965392076814037,50.085682302768134]},"properties":{"nazwa":"Miejsce ochronne","rodzajZrodla":"Obiekt ochrony ludności","adres":"ul. Jana Kaczary 5, Kraków","dostepnosc":"Na żądanie"}},{"type":"Feature","id":"OZO-6EAF20B857B1","geometry":{"type":"Point","coordinates":[19.9609025195059,50.079864091277]},"properties":{"nazwa":"Miejsce ochronne","rodzajZrodla":"Obiekt ochrony ludności","adres":"ul. Brogi 9, Kraków","dostepnosc":"Na żądanie"}},{"type":"Feature","id":"OZO-0CA94DCF55C0","geometry":{"type":"Point","coordinates":[19.960931772348,50.079900887832]},"properties":{"nazwa":"Miejsce ochronne","rodzajZrodla":"Obiekt ochrony ludności","adres":"ul. Brogi 11, Kraków","dostepnosc":"Na żądanie"}},{"type":"Feature","id":"OZO-5BA735D7BD33","geometry":{"type":"Point","coordinates":[19.9690870288616,50.0793483527747]},"properties":{"nazwa":"Miejsce ochronne","rodzajZrodla":"Obiekt ochrony ludności","adres":"ul. Henryka Wieniawskiego 62, Kraków","dostepnosc":"Na żądanie"}},{"type":"Feature","id":"OZO-CEA242CC1C82","geometry":{"type":"Point","coordinates":[19.96270700385874,50.084239639286054]},"properties":{"nazwa":"Miejsce ochronne","rodzajZrodla":"Obiekt ochrony ludności","adres":"ul. Bosaków 5a, Kraków","dostepnosc":"Na żądanie"}},{"type":"Feature","id":"OZO-FC5A343E5BD8","geometry":{"type":"Point","coordinates":[19.9944300444037,50.0768973730813]},"properties":{"nazwa":"Miejsce ochronne","rodzajZrodla":"Obiekt ochrony ludności","adres":"Aleja Jana Pawła II 39a, Kraków","dostepnosc":"Na żądanie"}},{"type":"Feature","id":"OZO-B524AE15628F","geometry":{"type":"Point","coordinates":[19.9706845330745,50.0861190897407]},"properties":{"nazwa":"Miejsce ochronne","rodzajZrodla":"Obiekt ochrony ludności","adres":"ul. Promienistych 2, Kraków","dostepnosc":"Na żądanie"}},{"type":"Feature","id":"OZO-65053CA6168C","geometry":{"type":"Point","coordinates":[19.9643485748755,50.08700875759603]},"properties":{"nazwa":"Miejsce ochronne","rodzajZrodla":"Obiekt ochrony ludności","adres":"ul. Dominikanów 31, Kraków","dostepnosc":"Na żądanie"}},{"type":"Feature","id":"OZO-3EA9945EDCFB","geometry":{"type":"Point","coordinates":[19.9782891,50.0855879]},"properties":{"nazwa":"Miejsce ochronne","rodzajZrodla":"Obiekt ochrony ludności","adres":"ul. XX Pijarów 2, Kraków","dostepnosc":"Na żądanie"}},{"type":"Feature","id":"OZO-A6CE40E12D47","geometry":{"type":"Point","coordinates":[19.95875193,50.08831678]},"properties":{"nazwa":"Miejsce ochronne","rodzajZrodla":"Obiekt ochrony ludności","adres":"ul. Dobrego Pasterza 6, Kraków","dostepnosc":"Na żądanie"}},{"type":"Feature","id":"OZO-2D21911BEA54","geometry":{"type":"Point","coordinates":[19.9605591984157,50.0738184073232]},"properties":{"nazwa":"Miejsce ochronne","rodzajZrodla":"Obiekt ochrony ludności","adres":"ul. Grochowska 10, Kraków","dostepnosc":"Na żądanie"}},{"type":"Feature","id":"OZO-D7B473A6CF4C","geometry":{"type":"Point","coordinates":[19.9611604306666,50.0733636739074]},"properties":{"nazwa":"Miejsce ochronne","rodzajZrodla":"Obiekt ochrony ludności","adres":"ul. Grochowska 15, Kraków","dostepnosc":"Na żądanie"}},{"type":"Feature","id":"OZO-E276AF26F840","geometry":{"type":"Point","coordinates":[19.959429819118,50.0739793666052]},"properties":{"nazwa":"Miejsce ochronne","rodzajZrodla":"Obiekt ochrony ludności","adres":"ul. Grochowska 4b, Kraków","dostepnosc":"Na żądanie"}},{"type":"Feature","id":"OZO-8B33CD39B0B4","geometry":{"type":"Point","coordinates":[19.9264744306719,50.0216970380966]},"properties":{"nazwa":"Miejsce ochronne","rodzajZrodla":"Obiekt ochrony ludności","adres":"ul. Waleriana Łukasińskiego 19, Kraków","dostepnosc":"Na żądanie"}},{"type":"Feature","id":"OZO-155CEF4B810F","geometry":{"type":"Point","coordinates":[19.925705232717,50.0213431334504]},"properties":{"nazwa":"Miejsce ochronne","rodzajZrodla":"Obiekt ochrony ludności","adres":"ul. Waleriana Łukasińskiego 16, Kraków","dostepnosc":"Na żądanie"}},{"type":"Feature","id":"OZO-9DCBA4E36D1E","geometry":{"type":"Point","coordinates":[19.8505187233608,50.085539323384]},"properties":{"nazwa":"Miejsce ochronne","rodzajZrodla":"Obiekt ochrony ludności","adres":"ul. Kazimierza Wierzyńskiego 55, Kraków","dostepnosc":"Całodobowa"}},{"type":"Feature","id":"OZO-865FCF3BE4AC","geometry":{"type":"Point","coordinates":[19.9212393058905,50.025357388449]},"properties":{"nazwa":"Miejsce ochronne","rodzajZrodla":"Obiekt ochrony ludności","adres":"ul. Ruczaj 28, Kraków","dostepnosc":"Na żądanie"}},{"type":"Feature","id":"OZO-ABFE06A4DEB9","geometry":{"type":"Point","coordinates":[19.9457262999997,49.9986008999992]},"properties":{"nazwa":"Miejsce ochronne","rodzajZrodla":"Obiekt ochrony ludności","adres":"ul. Myślenicka 103, Kraków","dostepnosc":"Całodobowa"}},{"type":"Feature","id":"OZO-3BA164123093","geometry":{"type":"Point","coordinates":[19.9045732836093,50.0022166805771]},"properties":{"nazwa":"Miejsce ochronne","rodzajZrodla":"Obiekt ochrony ludności","adres":"ul. Borkowska 29, Kraków","dostepnosc":"Na żądanie"}},{"type":"Feature","id":"OZO-B7BB2D093D78","geometry":{"type":"Point","coordinates":[19.9681818851505,50.025086255156]},"properties":{"nazwa":"Miejsce ochronne","rodzajZrodla":"Obiekt ochrony ludności","adres":"ul. Skowronia 3N, Kraków","dostepnosc":"Na żądanie"}},{"type":"Feature","id":"OZO-AA500631CFC8","geometry":{"type":"Point","coordinates":[19.9311866869169,50.0107413613711]},"properties":{"nazwa":"Miejsce ochronne","rodzajZrodla":"Obiekt ochrony ludności","adres":"ul. Józefa Marcika 14C, Kraków","dostepnosc":"Na żądanie"}},{"type":"Feature","id":"OZO-67C917598608","geometry":{"type":"Point","coordinates":[19.9036086924035,50.0027613321793]},"properties":{"nazwa":"Miejsce ochronne","rodzajZrodla":"Obiekt ochrony ludności","adres":"ul. Borkowska 27B, Kraków","dostepnosc":"Na żądanie"}},{"type":"Feature","id":"OZO-6419BA578AD6","geometry":{"type":"Point","coordinates":[19.8726276927069,50.0683237310739]},"properties":{"nazwa":"Miejsce ochronne","rodzajZrodla":"Obiekt ochrony ludności","adres":"ul. Kogucia 16, Kraków","dostepnosc":"Na żądanie"}},{"type":"Feature","id":"OZO-A029883A6523","geometry":{"type":"Point","coordinates":[19.9137239,50.0541393]},"properties":{"nazwa":"Miejsce ochronne","rodzajZrodla":"Obiekt ochrony ludności","adres":"ul. Emaus 12, Kraków","dostepnosc":"Na żądanie"}},{"type":"Feature","id":"OZO-3743B1DDCBC2","geometry":{"type":"Point","coordinates":[19.9044394166667,50.0572676833333]},"properties":{"nazwa":"Miejsce ochronne","rodzajZrodla":"Obiekt ochrony ludności","adres":"ul. Przegon 16, Kraków","dostepnosc":"Całodobowa"}},{"type":"Feature","id":"OZO-614415CFD4B8","geometry":{"type":"Point","coordinates":[19.904335,50.0574742]},"properties":{"nazwa":"Miejsce ochronne","rodzajZrodla":"Obiekt ochrony ludności","adres":"ul. Przegon 20, Kraków","dostepnosc":"Całodobowa"}},{"type":"Feature","id":"OZO-20C4D563230F","geometry":{"type":"Point","coordinates":[19.8761336004547,50.0696286321597]},"properties":{"nazwa":"Miejsce ochronne","rodzajZrodla":"Obiekt ochrony ludności","adres":"ul. Jesionowa 19, Kraków","dostepnosc":"Całodobowa"}},{"type":"Feature","id":"OZO-2A4B679CE036","geometry":{"type":"Point","coordinates":[19.8987278207684,50.0578789486124]},"properties":{"nazwa":"Miejsce ochronne","rodzajZrodla":"Obiekt ochrony ludności","adres":"ul. KrólowejJadwigi 120B, Kraków","dostepnosc":"Całodobowa"}},{"type":"Feature","id":"OZO-037580D1A8C0","geometry":{"type":"Point","coordinates":[19.8999313760453,50.0779467114272]},"properties":{"nazwa":"Miejsce ochronne","rodzajZrodla":"Obiekt ochrony ludności","adres":"ul. Bronowicka 42, Kraków","dostepnosc":"Całodobowa"}},{"type":"Feature","id":"OZO-B7FFA0DEB397","geometry":{"type":"Point","coordinates":[19.8988928824983,50.0726694462603]},"properties":{"nazwa":"Miejsce ochronne","rodzajZrodla":"Obiekt ochrony ludności","adres":"ul. Juliusza Lea 171, Kraków","dostepnosc":"Całodobowa"}},{"type":"Feature","id":"OZO-4D9E174E7999","geometry":{"type":"Point","coordinates":[19.8763323607135,50.0698353385266]},"properties":{"nazwa":"Miejsce ochronne","rodzajZrodla":"Obiekt ochrony ludności","adres":"ul. Jesionowa 19A, Kraków","dostepnosc":"Całodobowa"}},{"type":"Feature","id":"OZO-89073BC85D77","geometry":{"type":"Point","coordinates":[19.8505721582208,50.0841080360581]},"properties":{"nazwa":"Miejsce ochronne","rodzajZrodla":"Obiekt ochrony ludności","adres":"ul. mjr.Łupaszki 11, Kraków","dostepnosc":"Całodobowa"}},{"type":"Feature","id":"OZO-AF9FF6B2942B","geometry":{"type":"Point","coordinates":[19.8815430700779,50.085081079491275]},"properties":{"nazwa":"Miejsce ochronne","rodzajZrodla":"Obiekt ochrony ludności","adres":"ul. Katowicka 24, Kraków","dostepnosc":"Całodobowa"}},{"type":"Feature","id":"OZO-AD3A4DFF3AF1","geometry":{"type":"Point","coordinates":[19.9319281079343,50.0859303475776]},"properties":{"nazwa":"Miejsce ochronne","rodzajZrodla":"Obiekt ochrony ludności","adres":"ul. Krowoderskich Zuchów 6, Kraków","dostepnosc":"Na żądanie"}},{"type":"Feature","id":"OZO-A1E4CA95210B","geometry":{"type":"Point","coordinates":[19.9352321866591,50.0891615078252]},"properties":{"nazwa":"Miejsce ochronne","rodzajZrodla":"Obiekt ochrony ludności","adres":"ul. gen. Augusta Fieldorfa-Nila 10, Kraków","dostepnosc":"Na żądanie"}},{"type":"Feature","id":"OZO-9A4AF235596D","geometry":{"type":"Point","coordinates":[19.8745973995711,50.0697836614733]},"properties":{"nazwa":"Miejsce ochronne","rodzajZrodla":"Obiekt ochrony ludności","adres":"ul. Morelowa 4C, Kraków","dostepnosc":"Całodobowa"}},{"type":"Feature","id":"OZO-F5458E5C40A2","geometry":{"type":"Point","coordinates":[19.8741442660063,50.0697043046279]},"properties":{"nazwa":"Miejsce ochronne","rodzajZrodla":"Obiekt ochrony ludności","adres":"ul. Morelowa 4A, Kraków","dostepnosc":"Całodobowa"}},{"type":"Feature","id":"OZO-4D7F64ABB199","geometry":{"type":"Point","coordinates":[19.8743755846358,50.070092897626]},"properties":{"nazwa":"Miejsce ochronne","rodzajZrodla":"Obiekt ochrony ludności","adres":"ul. Morelowa 4B, Kraków","dostepnosc":"Na żądanie"}},{"type":"Feature","id":"OZO-B35165E1D167","geometry":{"type":"Point","coordinates":[19.9319113999997,50.0868045999991]},"properties":{"nazwa":"Miejsce ochronne","rodzajZrodla":"Obiekt ochrony ludności","adres":"ul. Kluczborska 48, Kraków","dostepnosc":"Na żądanie"}},{"type":"Feature","id":"OZO-E260E37FED59","geometry":{"type":"Point","coordinates":[19.9259428,50.09366744]},"properties":{"nazwa":"Miejsce ochronne","rodzajZrodla":"Obiekt ochrony ludności","adres":"ul. Wincentego Danka 9, Kraków","dostepnosc":"Na żądanie"}},{"type":"Feature","id":"OZO-48C6165CC958","geometry":{"type":"Point","coordinates":[20.0608536135689,50.039467508923]},"properties":{"nazwa":"Miejsce ochronne","rodzajZrodla":"Obiekt ochrony ludności","adres":"ul. Feliksa Wrobela 22, Kraków","dostepnosc":"Na żądanie"}},{"type":"Feature","id":"OZO-19D9FBC31CC7","geometry":{"type":"Point","coordinates":[19.9573709999997,50.0934661999991]},"properties":{"nazwa":"Miejsce ochronne","rodzajZrodla":"Obiekt ochrony ludności","adres":"ul. Bociana 4C, Kraków","dostepnosc":"Na żądanie"}},{"type":"Feature","id":"OZO-216E655E241E","geometry":{"type":"Point","coordinates":[19.8938769660396,50.0915351789871]},"properties":{"nazwa":"Miejsce ochronne","rodzajZrodla":"Obiekt ochrony ludności","adres":"ul. Jasnogórska 4, Kraków","dostepnosc":"Na żądanie"}},{"type":"Feature","id":"OZO-F5A770527160","geometry":{"type":"Point","coordinates":[19.9361496421314,50.0957426186685]},"properties":{"nazwa":"Miejsce ochronne","rodzajZrodla":"Obiekt ochrony ludności","adres":"ul. Bularnia 10, Kraków","dostepnosc":"Na żądanie"}},{"type":"Feature","id":"OZO-19D5F5949C1A","geometry":{"type":"Point","coordinates":[19.9181947628375,50.092236002062]},"properties":{"nazwa":"Miejsce ochronne","rodzajZrodla":"Obiekt ochrony ludności","adres":"ul. Władysława Łokietka 89, Kraków","dostepnosc":"Na żądanie"}},{"type":"Feature","id":"OZO-D992CBFFA787","geometry":{"type":"Point","coordinates":[19.9530479449492,50.0943121415069]},"properties":{"nazwa":"Miejsce ochronne","rodzajZrodla":"Obiekt ochrony ludności","adres":"ul. OsiedleWolfganga Amadeusa Mozarta 10, Kraków","dostepnosc":"Na żądanie"}},{"type":"Feature","id":"OZO-517B1E22EA75","geometry":{"type":"Point","coordinates":[19.9456762056538,50.0867975177631]},"properties":{"nazwa":"Miejsce ochronne","rodzajZrodla":"Obiekt ochrony ludności","adres":"ul. Andrzeja Frycza-Modrzewskiego 3, Kraków","dostepnosc":"Na żądanie"}},{"type":"Feature","id":"OZO-E9465956236F","geometry":{"type":"Point","coordinates":[19.9395320191698,50.0841438176505]},"properties":{"nazwa":"Miejsce ochronne","rodzajZrodla":"Obiekt ochrony ludności","adres":"ul. ks. Kazimierza Siemaszki 22, Kraków","dostepnosc":"Na żądanie"}},{"type":"Feature","id":"OZO-B492CA358026","geometry":{"type":"Point","coordinates":[19.945569336389,50.0861934759124]},"properties":{"nazwa":"Miejsce ochronne","rodzajZrodla":"Obiekt ochrony ludności","adres":"ul. Ludwika Solskiego 13, Kraków","dostepnosc":"Na żądanie"}},{"type":"Feature","id":"OZO-5377999E2FDB","geometry":{"type":"Point","coordinates":[19.9355474300382,50.0784932729222]},"properties":{"nazwa":"Miejsce ochronne","rodzajZrodla":"Obiekt ochrony ludności","adres":"ul. Zbożowa 2C, Kraków","dostepnosc":"Na żądanie"}},{"type":"Feature","id":"OZO-32994340C188","geometry":{"type":"Point","coordinates":[19.8921835999997,50.0903471999992]},"properties":{"nazwa":"Miejsce ochronne","rodzajZrodla":"Obiekt ochrony ludności","adres":"ul. prof. Mariana Mięsowicza 1, Kraków","dostepnosc":"Na żądanie"}},{"type":"Feature","id":"OZO-530B9543E17C","geometry":{"type":"Point","coordinates":[19.9260729468865,50.0766151740105]},"properties":{"nazwa":"Miejsce ochronne","rodzajZrodla":"Obiekt ochrony ludności","adres":"ul. Litewska 17, Kraków","dostepnosc":"Całodobowa"}},{"type":"Feature","id":"OZO-5F9E601CF7BD","geometry":{"type":"Point","coordinates":[19.9261591117485,50.071021267246]},"properties":{"nazwa":"Miejsce ochronne","rodzajZrodla":"Obiekt ochrony ludności","adres":"ul. Henryka Sienkiewicza 12, Kraków","dostepnosc":"Na żądanie"}},{"type":"Feature","id":"OZO-428E5A666C61","geometry":{"type":"Point","coordinates":[19.9328574999997,50.0979837999991]},"properties":{"nazwa":"Miejsce ochronne","rodzajZrodla":"Obiekt ochrony ludności","adres":"ul. Ludwika Pasteura 8, Kraków","dostepnosc":"Na żądanie"}},{"type":"Feature","id":"OZO-42BA5FDD0602","geometry":{"type":"Point","coordinates":[19.880991798646477,50.09158795319497]},"properties":{"nazwa":"Miejsce ochronne","rodzajZrodla":"Obiekt ochrony ludności","adres":"ul. Ojcowska 1, Kraków","dostepnosc":"Na żądanie"}},{"type":"Feature","id":"OZO-722CE9BE6958","geometry":{"type":"Point","coordinates":[19.9631396494634,50.1066275919353]},"properties":{"nazwa":"Miejsce ochronne","rodzajZrodla":"Obiekt ochrony ludności","adres":"ul. Belwederczyków 5, Kraków","dostepnosc":"Na żądanie"}},{"type":"Feature","id":"OZO-E1AC297D239C","geometry":{"type":"Point","coordinates":[19.9550862455648,50.0923615466377]},"properties":{"nazwa":"Miejsce ochronne","rodzajZrodla":"Obiekt ochrony ludności","adres":"ul. Siewna 14, Kraków","dostepnosc":"Na żądanie"}},{"type":"Feature","id":"OZO-754A00BED812","geometry":{"type":"Point","coordinates":[19.9366925237201,50.0977417874674]},"properties":{"nazwa":"Miejsce ochronne","rodzajZrodla":"Obiekt ochrony ludności","adres":"ul. Białoprądnicka 28E, Kraków","dostepnosc":"Na żądanie"}},{"type":"Feature","id":"OZO-C0EF33584101","geometry":{"type":"Point","coordinates":[19.9855692032658,50.0742361881184]},"properties":{"nazwa":"Miejsce ochronne","rodzajZrodla":"Obiekt ochrony ludności","adres":"ul. Ułanów 16, Kraków","dostepnosc":"Na żądanie"}},{"type":"Feature","id":"OZO-BCC963E5F682","geometry":{"type":"Point","coordinates":[19.8990838042925,50.0013860354262]},"properties":{"nazwa":"Miejsce ochronne","rodzajZrodla":"Obiekt ochrony ludności","adres":"ul. Babinicza 1, Kraków","dostepnosc":"Na żądanie"}},{"type":"Feature","id":"OZO-2B2C94400CB8","geometry":{"type":"Point","coordinates":[19.9260873626573,50.0708740391167]},"properties":{"nazwa":"Miejsce ochronne","rodzajZrodla":"Obiekt ochrony ludności","adres":"ul. Henryka Sienkiewicza 10, Kraków","dostepnosc":"Całodobowa"}},{"type":"Feature","id":"OZO-01F3F243469E","geometry":{"type":"Point","coordinates":[19.8982440044237,49.9997226012505]},"properties":{"nazwa":"Miejsce ochronne","rodzajZrodla":"Obiekt ochrony ludności","adres":"ul. Soroki 10, Kraków","dostepnosc":"Na żądanie"}},{"type":"Feature","id":"OZO-FADF34D985D7","geometry":{"type":"Point","coordinates":[19.9456861999997,49.9825019999991]},"properties":{"nazwa":"Miejsce ochronne","rodzajZrodla":"Obiekt ochrony ludności","adres":"ul. Myślenicka 214, Kraków","dostepnosc":"Na żądanie"}},{"type":"Feature","id":"OZO-6487EBD92961","geometry":{"type":"Point","coordinates":[19.98911723,50.09145944]},"properties":{"nazwa":"Miejsce ochronne","rodzajZrodla":"Obiekt ochrony ludności","adres":"ul. Franciszka Kniaźnina 1, Kraków","dostepnosc":"Na żądanie"}},{"type":"Feature","id":"OZO-3DE0351DCCEE","geometry":{"type":"Point","coordinates":[19.9082640714225,50.0135483787429]},"properties":{"nazwa":"Miejsce ochronne","rodzajZrodla":"Obiekt ochrony ludności","adres":"ul. Obozowa 42A, Kraków","dostepnosc":"Całodobowa"}},{"type":"Feature","id":"OZO-E9339B337FB4","geometry":{"type":"Point","coordinates":[19.9855022318594,50.0739671290265]},"properties":{"nazwa":"Miejsce ochronne","rodzajZrodla":"Obiekt ochrony ludności","adres":"ul. Ułanów 10, Kraków","dostepnosc":"Na żądanie"}},{"type":"Feature","id":"OZO-D0DD9EF276DA","geometry":{"type":"Point","coordinates":[19.9854878988049,50.0740825897428]},"properties":{"nazwa":"Miejsce ochronne","rodzajZrodla":"Obiekt ochrony ludności","adres":"ul. Ułanów 14, Kraków","dostepnosc":"Na żądanie"}},{"type":"Feature","id":"OZO-F82CC887B0FE","geometry":{"type":"Point","coordinates":[19.8711169751786,50.0594952256423]},"properties":{"nazwa":"Miejsce ochronne","rodzajZrodla":"Obiekt ochrony ludności","adres":"ul. Starowolska 18, Kraków","dostepnosc":"Całodobowa"}},{"type":"Feature","id":"OZO-2F69370052DE","geometry":{"type":"Point","coordinates":[19.8723242152107,50.0690201182865]},"properties":{"nazwa":"Miejsce ochronne","rodzajZrodla":"Obiekt ochrony ludności","adres":"ul. Agrestowa 20, Kraków","dostepnosc":"Całodobowa"}},{"type":"Feature","id":"OZO-34339549D754","geometry":{"type":"Point","coordinates":[19.9027354054428,50.0494220591319]},"properties":{"nazwa":"Miejsce ochronne","rodzajZrodla":"Obiekt ochrony ludności","adres":"ul. Jacka Malczewskiego 47a, Kraków","dostepnosc":"Na żądanie"}},{"type":"Feature","id":"OZO-6D29881E2368","geometry":{"type":"Point","coordinates":[19.899,50.0756]},"properties":{"nazwa":"Miejsce ochronne","rodzajZrodla":"Obiekt ochrony ludności","adres":"ul. Jerzego Samuela Bandtkiego 18, Kraków","dostepnosc":"Całodobowa"}},{"type":"Feature","id":"OZO-651C7A5EF139","geometry":{"type":"Point","coordinates":[19.909348189830784,50.01416840770666]},"properties":{"nazwa":"Miejsce ochronne","rodzajZrodla":"Obiekt ochrony ludności","adres":"ul. Obozowa 48b, Kraków","dostepnosc":"Całodobowa"}},{"type":"Feature","id":"OZO-49C85FCA663E","geometry":{"type":"Point","coordinates":[19.8765724483522,50.0662078839888]},"properties":{"nazwa":"Miejsce ochronne","rodzajZrodla":"Obiekt ochrony ludności","adres":"ul. KrólowejJadwigi 217b, Kraków","dostepnosc":"Całodobowa"}},{"type":"Feature","id":"OZO-5CCDD06DA25F","geometry":{"type":"Point","coordinates":[19.8990564356067,50.0752818896556]},"properties":{"nazwa":"Miejsce ochronne","rodzajZrodla":"Obiekt ochrony ludności","adres":"ul. Cicha 3, Kraków","dostepnosc":"Całodobowa"}},{"type":"Feature","id":"OZO-F97A17BEF8F4","geometry":{"type":"Point","coordinates":[19.907379448413852,50.01410463510913]},"properties":{"nazwa":"Miejsce ochronne","rodzajZrodla":"Obiekt ochrony ludności","adres":"ul. Obozowa 40a, Kraków","dostepnosc":"Całodobowa"}},{"type":"Feature","id":"OZO-78F4C2B90BDA","geometry":{"type":"Point","coordinates":[19.8578809574246,50.0461550289765]},"properties":{"nazwa":"Miejsce ochronne","rodzajZrodla":"Obiekt ochrony ludności","adres":"ul. Gajówka 11, Kraków","dostepnosc":"Całodobowa"}},{"type":"Feature","id":"OZO-9FEA9AA00121","geometry":{"type":"Point","coordinates":[19.89540740847588,50.07833241556487]},"properties":{"nazwa":"Miejsce ochronne","rodzajZrodla":"Obiekt ochrony ludności","adres":"ul. Gabrieli Zapolskiej 24, Kraków","dostepnosc":"Całodobowa"}},{"type":"Feature","id":"OZO-BC5A79866609","geometry":{"type":"Point","coordinates":[19.89754512906075,50.0760327303037]},"properties":{"nazwa":"Miejsce ochronne","rodzajZrodla":"Obiekt ochrony ludności","adres":"ul. Jerzego Samuela Bandtkiego 19A, Kraków","dostepnosc":"Na żądanie"}},{"type":"Feature","id":"OZO-7D56053B990A","geometry":{"type":"Point","coordinates":[19.8977560881283,50.0714810026539]},"properties":{"nazwa":"Miejsce ochronne","rodzajZrodla":"Obiekt ochrony ludności","adres":"ul. Kołowa 8, Kraków","dostepnosc":"Na żądanie"}},{"type":"Feature","id":"OZO-A76EAF1AC6A8","geometry":{"type":"Point","coordinates":[20.0077876234267,50.0977877039269]},"properties":{"nazwa":"Miejsce ochronne","rodzajZrodla":"Obiekt ochrony ludności","adres":"Osiedle Bohaterów Września 13, Kraków","dostepnosc":"Określone godziny"}},{"type":"Feature","id":"OZO-CA173EB46DC5","geometry":{"type":"Point","coordinates":[20.0051938369894,50.1010001497814]},"properties":{"nazwa":"Miejsce ochronne","rodzajZrodla":"Obiekt ochrony ludności","adres":"Osiedle Bohaterów Września 79a, Kraków","dostepnosc":"Na żądanie"}},{"type":"Feature","id":"OZO-E34E45CE448A","geometry":{"type":"Point","coordinates":[20.01147697,50.09584981]},"properties":{"nazwa":"Miejsce ochronne","rodzajZrodla":"Obiekt ochrony ludności","adres":"Osiedle Bohaterów Września 1b, Kraków","dostepnosc":"Określone godziny"}},{"type":"Feature","id":"OZO-7BBA0465F0F8","geometry":{"type":"Point","coordinates":[19.9792832544308,50.0826446279199]},"properties":{"nazwa":"Miejsce ochronne","rodzajZrodla":"Obiekt ochrony ludności","adres":"ul. Akacjowa 3, Kraków","dostepnosc":"Na żądanie"}},{"type":"Feature","id":"OZO-BBCDC7E66CC7","geometry":{"type":"Point","coordinates":[19.9898319039446,50.095565700948]},"properties":{"nazwa":"Miejsce ochronne","rodzajZrodla":"Obiekt ochrony ludności","adres":"ul. ks. Józefa Kurzei 2, Kraków","dostepnosc":"Na żądanie"}},{"type":"Feature","id":"OZO-3EA4A47D5B26","geometry":{"type":"Point","coordinates":[19.876805859713,50.0664649849916]},"properties":{"nazwa":"Miejsce ochronne","rodzajZrodla":"Obiekt ochrony ludności","adres":"ul. KrólowejJadwigi 217c, Kraków","dostepnosc":"Całodobowa"}},{"type":"Feature","id":"OZO-C94730816C19","geometry":{"type":"Point","coordinates":[19.8968173316308,50.0715657111523]},"properties":{"nazwa":"Miejsce ochronne","rodzajZrodla":"Obiekt ochrony ludności","adres":"ul. Armii Krajowej 16, Kraków","dostepnosc":"Całodobowa"}},{"type":"Feature","id":"OZO-7D1FFBF0A1C3","geometry":{"type":"Point","coordinates":[19.9149903211498,50.0742215080923]},"properties":{"nazwa":"Miejsce ochronne","rodzajZrodla":"Obiekt ochrony ludności","adres":"ul. Kronikarza Galla 4, Kraków","dostepnosc":"Całodobowa"}},{"type":"Feature","id":"OZO-852A0137DE18","geometry":{"type":"Point","coordinates":[20.0340781111317,50.0772184278144]},"properties":{"nazwa":"Miejsce ochronne","rodzajZrodla":"Obiekt ochrony ludności","adres":"Osiedle Zgody 16, Kraków","dostepnosc":"Na żądanie"}},{"type":"Feature","id":"OZO-BC42228B0BAB","geometry":{"type":"Point","coordinates":[20.0145196888413,50.0724134382959]},"properties":{"nazwa":"Miejsce ochronne","rodzajZrodla":"Obiekt ochrony ludności","adres":"ul. Franciszka Wężyka 10, Kraków","dostepnosc":"Na żądanie"}},{"type":"Feature","id":"OZO-9F43A7B015EB","geometry":{"type":"Point","coordinates":[20.0366761676024,50.0850255761556]},"properties":{"nazwa":"Miejsce ochronne","rodzajZrodla":"Obiekt ochrony ludności","adres":"ul. Fatimska 4, Kraków","dostepnosc":"Na żądanie"}},{"type":"Feature","id":"OZO-55CDEDBC3009","geometry":{"type":"Point","coordinates":[20.0083879344364,50.0807087683339]},"properties":{"nazwa":"Miejsce ochronne","rodzajZrodla":"Obiekt ochrony ludności","adres":"Osiedle Dywizjonu 303 63A, Kraków","dostepnosc":"Na żądanie"}},{"type":"Feature","id":"OZO-34A29B5DD13B","geometry":{"type":"Point","coordinates":[20.0362575184737,50.0850423474526]},"properties":{"nazwa":"Miejsce ochronne","rodzajZrodla":"Obiekt ochrony ludności","adres":"ul. Fatimska 4A, Kraków","dostepnosc":"Na żądanie"}},{"type":"Feature","id":"OZO-943BA69B3277","geometry":{"type":"Point","coordinates":[20.0264354135902,50.0926066930665]},"properties":{"nazwa":"Miejsce ochronne","rodzajZrodla":"Obiekt ochrony ludności","adres":"ul. Fatimska 59, Kraków","dostepnosc":"Na żądanie"}},{"type":"Feature","id":"OZO-E64238B27557","geometry":{"type":"Point","coordinates":[20.0238203308803,50.0816155017393]},"properties":{"nazwa":"Miejsce ochronne","rodzajZrodla":"Obiekt ochrony ludności","adres":"Osiedle Niepodległości 3a, Kraków","dostepnosc":"Na żądanie"}},{"type":"Feature","id":"OZO-1812B77294FC","geometry":{"type":"Point","coordinates":[20.0281134911322,50.090745081895]},"properties":{"nazwa":"Miejsce ochronne","rodzajZrodla":"Obiekt ochrony ludności","adres":"ul. Fatimska 182, Kraków","dostepnosc":"Na żądanie"}},{"type":"Feature","id":"OZO-FB7ABEE11AD9","geometry":{"type":"Point","coordinates":[19.9163525580331,50.021240691184]},"properties":{"nazwa":"Miejsce ochronne","rodzajZrodla":"Obiekt ochrony ludności","adres":"ul. Podhalańska 22, Kraków","dostepnosc":"Na żądanie"}},{"type":"Feature","id":"OZO-F3C47C55A527","geometry":{"type":"Point","coordinates":[19.9202201980726,50.0391699513603]},"properties":{"nazwa":"Miejsce ochronne","rodzajZrodla":"Obiekt ochrony ludności","adres":"ul. św.Jacka 16, Kraków","dostepnosc":"Na żądanie"}},{"type":"Feature","id":"OZO-A8E6BD707F8E","geometry":{"type":"Point","coordinates":[19.9475534842621,50.0197871382971]},"properties":{"nazwa":"Miejsce ochronne","rodzajZrodla":"Obiekt ochrony ludności","adres":"ul. Strumienna 38, Kraków","dostepnosc":"Na żądanie"}},{"type":"Feature","id":"OZO-B2BE316ACFBA","geometry":{"type":"Point","coordinates":[19.9023308697633,50.001514041797]},"properties":{"nazwa":"Miejsce ochronne","rodzajZrodla":"Obiekt ochrony ludności","adres":"ul. Władysława Krygowskiego 5, Kraków","dostepnosc":"Na żądanie"}},{"type":"Feature","id":"OZO-B1474BE826F8","geometry":{"type":"Point","coordinates":[19.9308722691479,50.0357395414106]},"properties":{"nazwa":"Miejsce ochronne","rodzajZrodla":"Obiekt ochrony ludności","adres":"ul. Rydlówka 44, Kraków","dostepnosc":"Na żądanie"}},{"type":"Feature","id":"OZO-823F93DDD90B","geometry":{"type":"Point","coordinates":[19.8900556190262,50.0340858592661]},"properties":{"nazwa":"Miejsce ochronne","rodzajZrodla":"Obiekt ochrony ludności","adres":"ul. Ćwikłowa 20, Kraków","dostepnosc":"Na żądanie"}},{"type":"Feature","id":"OZO-89D5DA7027A2","geometry":{"type":"Point","coordinates":[19.9068134277625,50.0440012803506]},"properties":{"nazwa":"Miejsce ochronne","rodzajZrodla":"Obiekt ochrony ludności","adres":"ul. Tyniecka 43B, Kraków","dostepnosc":"Na żądanie"}},{"type":"Feature","id":"OZO-F2993057599F","geometry":{"type":"Point","coordinates":[19.8942724988828,50.0150813984962]},"properties":{"nazwa":"Miejsce ochronne","rodzajZrodla":"Obiekt ochrony ludności","adres":"ul. Lubostroń 19, Kraków","dostepnosc":"Na żądanie"}},{"type":"Feature","id":"OZO-19D2EC96404B","geometry":{"type":"Point","coordinates":[19.9021529219589,50.0011395802727]},"properties":{"nazwa":"Miejsce ochronne","rodzajZrodla":"Obiekt ochrony ludności","adres":"ul. Władysława Krygowskiego 7, Kraków","dostepnosc":"Na żądanie"}},{"type":"Feature","id":"OZO-D1BBC7A46862","geometry":{"type":"Point","coordinates":[19.910396933555607,50.01655206328265]},"properties":{"nazwa":"Miejsce ochronne","rodzajZrodla":"Obiekt ochrony ludności","adres":"ul. Obozowa 76, Kraków","dostepnosc":"Całodobowa"}},{"type":"Feature","id":"OZO-C04ED1231A02","geometry":{"type":"Point","coordinates":[19.906765222549442,50.01490954249784]},"properties":{"nazwa":"Miejsce ochronne","rodzajZrodla":"Obiekt ochrony ludności","adres":"ul. Obozowa 41, Kraków","dostepnosc":"Całodobowa"}},{"type":"Feature","id":"OZO-FECAE55D45B6","geometry":{"type":"Point","coordinates":[19.9099214095619,50.0174020571266]},"properties":{"nazwa":"Miejsce ochronne","rodzajZrodla":"Obiekt ochrony ludności","adres":"ul. Torfowa 25, Kraków","dostepnosc":"Na żądanie"}},{"type":"Feature","id":"OZO-6CE8D382EB4D","geometry":{"type":"Point","coordinates":[19.905748665332798,50.014228733058864]},"properties":{"nazwa":"Miejsce ochronne","rodzajZrodla":"Obiekt ochrony ludności","adres":"ul. Obozowa 31A, Kraków","dostepnosc":"Całodobowa"}},{"type":"Feature","id":"OZO-3C8C608EF87F","geometry":{"type":"Point","coordinates":[19.9866201733302,50.0482360251178]},"properties":{"nazwa":"Miejsce ochronne","rodzajZrodla":"Obiekt ochrony ludności","adres":"ul. Koszykarska 21C, Kraków","dostepnosc":"Na żądanie"}},{"type":"Feature","id":"OZO-75F766476FB6","geometry":{"type":"Point","coordinates":[19.9092154868191,50.0179342282913]},"properties":{"nazwa":"Miejsce ochronne","rodzajZrodla":"Obiekt ochrony ludności","adres":"ul. Torfowa 13, Kraków","dostepnosc":"Na żądanie"}},{"type":"Feature","id":"OZO-9BE97CE8F64B","geometry":{"type":"Point","coordinates":[19.9936614294688,50.0501421195571]},"properties":{"nazwa":"Miejsce ochronne","rodzajZrodla":"Obiekt ochrony ludności","adres":"ul. Lasówka 44, Kraków","dostepnosc":"Na żądanie"}},{"type":"Feature","id":"OZO-DE14986C7A66","geometry":{"type":"Point","coordinates":[19.9343912262016,50.0282228808107]},"properties":{"nazwa":"Miejsce ochronne","rodzajZrodla":"Obiekt ochrony ludności","adres":"ul. Cegielniana 6, Kraków","dostepnosc":"Całodobowa"}},{"type":"Feature","id":"OZO-DAE404DD21C0","geometry":{"type":"Point","coordinates":[19.9098969088478,50.0179948895943]},"properties":{"nazwa":"Miejsce ochronne","rodzajZrodla":"Obiekt ochrony ludności","adres":"ul. Torfowa 15, Kraków","dostepnosc":"Całodobowa"}},{"type":"Feature","id":"OZO-0CFE18EE7ED4","geometry":{"type":"Point","coordinates":[19.9850141267105,50.0397118990821]},"properties":{"nazwa":"Miejsce ochronne","rodzajZrodla":"Obiekt ochrony ludności","adres":"ul. Seweryna Goszczyńskiego 3, Kraków","dostepnosc":"Na żądanie"}},{"type":"Feature","id":"OZO-BEAC4EE0F3E5","geometry":{"type":"Point","coordinates":[19.9904827999997,50.0451727999992]},"properties":{"nazwa":"Miejsce ochronne","rodzajZrodla":"Obiekt ochrony ludności","adres":"ul. Myśliwska 43, Kraków","dostepnosc":"Na żądanie"}},{"type":"Feature","id":"OZO-F45B210AA3E1","geometry":{"type":"Point","coordinates":[20.0031943999997,50.0411479999992]},"properties":{"nazwa":"Miejsce ochronne","rodzajZrodla":"Obiekt ochrony ludności","adres":"ul. Mały Płaszów 14, Kraków","dostepnosc":"Na żądanie"}},{"type":"Feature","id":"OZO-D6D39D104E32","geometry":{"type":"Point","coordinates":[19.9754452519401,50.0333006571832]},"properties":{"nazwa":"Miejsce ochronne","rodzajZrodla":"Obiekt ochrony ludności","adres":"ul. Prokocimska 57a, Kraków","dostepnosc":"Na żądanie"}},{"type":"Feature","id":"OZO-FF0AAC738D16","geometry":{"type":"Point","coordinates":[19.9705103598398,50.0186980748636]},"properties":{"nazwa":"Miejsce ochronne","rodzajZrodla":"Obiekt ochrony ludności","adres":"ul. Włoska 4, Kraków","dostepnosc":"Całodobowa"}},{"type":"Feature","id":"OZO-D4C5FB41D800","geometry":{"type":"Point","coordinates":[19.9699940151876,50.0183104082348]},"properties":{"nazwa":"Miejsce ochronne","rodzajZrodla":"Obiekt ochrony ludności","adres":"ul. Włoska 6, Kraków","dostepnosc":"Na żądanie"}},{"type":"Feature","id":"OZO-BBE290342234","geometry":{"type":"Point","coordinates":[19.9702083598684,50.017689354726]},"properties":{"nazwa":"Miejsce ochronne","rodzajZrodla":"Obiekt ochrony ludności","adres":"ul. Włoska 8, Kraków","dostepnosc":"Na żądanie"}},{"type":"Feature","id":"OZO-A2E93F7E24F9","geometry":{"type":"Point","coordinates":[19.987445299997,50.0453258999924]},"properties":{"nazwa":"Miejsce ochronne","rodzajZrodla":"Obiekt ochrony ludności","adres":"ul. Myśliwska 3A, Kraków","dostepnosc":"Na żądanie"}},{"type":"Feature","id":"OZO-13FC6CD9B612","geometry":{"type":"Point","coordinates":[20.0031302999997,50.0414052999991]},"properties":{"nazwa":"Miejsce ochronne","rodzajZrodla":"Obiekt ochrony ludności","adres":"ul. Mały Płaszów 14, Kraków","dostepnosc":"Na żądanie"}},{"type":"Feature","id":"OZO-862ACA9D7EAB","geometry":{"type":"Point","coordinates":[20.0034966999997,50.0409113999992]},"properties":{"nazwa":"Miejsce ochronne","rodzajZrodla":"Obiekt ochrony ludności","adres":"ul. Mały Płaszów 4, Kraków","dostepnosc":"Na żądanie"}},{"type":"Feature","id":"OZO-A3C45D40315D","geometry":{"type":"Point","coordinates":[20.0345486,50.0381798]},"properties":{"nazwa":"Miejsce ochronne","rodzajZrodla":"Obiekt ochrony ludności","adres":"ul. Christo Botewa 14, Kraków","dostepnosc":"Na żądanie"}},{"type":"Feature","id":"OZO-C2C34F6EC979","geometry":{"type":"Point","coordinates":[19.8980731559913,50.0000969816079]},"properties":{"nazwa":"Miejsce ochronne","rodzajZrodla":"Obiekt ochrony ludności","adres":"ul. Soroki 5, Kraków","dostepnosc":"Na żądanie"}},{"type":"Feature","id":"OZO-1CB9B8EF2D01","geometry":{"type":"Point","coordinates":[19.9764232896159,50.0186124956322]},"properties":{"nazwa":"Miejsce ochronne","rodzajZrodla":"Obiekt ochrony ludności","adres":"ul. Ivo Andricia 21, Kraków","dostepnosc":"Na żądanie"}},{"type":"Feature","id":"OZO-82FFB449A8C2","geometry":{"type":"Point","coordinates":[19.8975697803502,49.9998279369102]},"properties":{"nazwa":"Miejsce ochronne","rodzajZrodla":"Obiekt ochrony ludności","adres":"ul. Soroki 4, Kraków","dostepnosc":"Na żądanie"}},{"type":"Feature","id":"OZO-974014372436","geometry":{"type":"Point","coordinates":[19.9873412822855,50.0161653033868]},"properties":{"nazwa":"Miejsce ochronne","rodzajZrodla":"Obiekt ochrony ludności","adres":"ul. Polonijna 16, Kraków","dostepnosc":"Na żądanie"}},{"type":"Feature","id":"OZO-ABC3ABCAA81D","geometry":{"type":"Point","coordinates":[19.8974377193614,49.999898545085]},"properties":{"nazwa":"Miejsce ochronne","rodzajZrodla":"Obiekt ochrony ludności","adres":"ul. Soroki 2, Kraków","dostepnosc":"Na żądanie"}},{"type":"Feature","id":"OZO-37AE4E7BC69B","geometry":{"type":"Point","coordinates":[19.8976972041365,50.0001971678373]},"properties":{"nazwa":"Miejsce ochronne","rodzajZrodla":"Obiekt ochrony ludności","adres":"ul. Soroki 1, Kraków","dostepnosc":"Na żądanie"}},{"type":"Feature","id":"OZO-7620C3D88C2A","geometry":{"type":"Point","coordinates":[19.9779477063464,50.0130904140012]},"properties":{"nazwa":"Miejsce ochronne","rodzajZrodla":"Obiekt ochrony ludności","adres":"ul. Adama Bochenka 25D, Kraków","dostepnosc":"Całodobowa"}},{"type":"Feature","id":"OZO-0A5F9DEEF7E3","geometry":{"type":"Point","coordinates":[19.977672277008,50.0138361519267]},"properties":{"nazwa":"Miejsce ochronne","rodzajZrodla":"Obiekt ochrony ludności","adres":"ul. Adama Bochenka 25A, Kraków","dostepnosc":"Całodobowa"}},{"type":"Feature","id":"OZO-0DDBF7A7754B","geometry":{"type":"Point","coordinates":[19.894545214638,50.0005260140584]},"properties":{"nazwa":"Miejsce ochronne","rodzajZrodla":"Obiekt ochrony ludności","adres":"ul. Zaporoska 2, Kraków","dostepnosc":"Na żądanie"}},{"type":"Feature","id":"OZO-C5C77EDFC0F6","geometry":{"type":"Point","coordinates":[19.987575593092,50.0683433502972]},"properties":{"nazwa":"Miejsce ochronne","rodzajZrodla":"Obiekt ochrony ludności","adres":"ul. Stanisława Lema 32, Kraków","dostepnosc":"Na żądanie"}},{"type":"Feature","id":"OZO-7856EFD10356","geometry":{"type":"Point","coordinates":[19.9280199780725,50.0568196410578]},"properties":{"nazwa":"Miejsce ochronne","rodzajZrodla":"Obiekt ochrony ludności","adres":"ul. PlacJuliusza Kossaka 5, Kraków","dostepnosc":"Na żądanie"}},{"type":"Feature","id":"OZO-48A2CFCCB73D","geometry":{"type":"Point","coordinates":[19.984194738783,50.0662524672533]},"properties":{"nazwa":"Miejsce ochronne","rodzajZrodla":"Obiekt ochrony ludności","adres":"ul. Dąbska 21, Kraków","dostepnosc":"Na żądanie"}},{"type":"Feature","id":"OZO-93A744196692","geometry":{"type":"Point","coordinates":[19.9543738361567,50.0659011527489]},"properties":{"nazwa":"Miejsce ochronne","rodzajZrodla":"Obiekt ochrony ludności","adres":"ul. Ariańska 4, Kraków","dostepnosc":"Na żądanie"}},{"type":"Feature","id":"OZO-21680519FB92","geometry":{"type":"Point","coordinates":[19.9403823510137,50.0637913947739]},"properties":{"nazwa":"Miejsce ochronne","rodzajZrodla":"Obiekt ochrony ludności","adres":"ul. Floriańska 28, Kraków","dostepnosc":"Na żądanie"}},{"type":"Feature","id":"OZO-7815B6762080","geometry":{"type":"Point","coordinates":[19.9452038854105,50.0611513667093]},"properties":{"nazwa":"Miejsce ochronne","rodzajZrodla":"Obiekt ochrony ludności","adres":"ul. Mikołaja Kopernika 6, Kraków","dostepnosc":"Na żądanie"}},{"type":"Feature","id":"OZO-D610C3BC71B9","geometry":{"type":"Point","coordinates":[19.9768975376975,50.0571134267641]},"properties":{"nazwa":"Miejsce ochronne","rodzajZrodla":"Obiekt ochrony ludności","adres":"ul. Bajeczna 4, Kraków","dostepnosc":"Na żądanie"}},{"type":"Feature","id":"OZO-68B280597A1C","geometry":{"type":"Point","coordinates":[19.9850545544108,50.0660067098522]},"properties":{"nazwa":"Miejsce ochronne","rodzajZrodla":"Obiekt ochrony ludności","adres":"ul. Dąbska 21A, Kraków","dostepnosc":"Na żądanie"}},{"type":"Feature","id":"OZO-7DD9FEDB92D4","geometry":{"type":"Point","coordinates":[19.947425005933,50.0787700014556]},"properties":{"nazwa":"Miejsce ochronne","rodzajZrodla":"Obiekt ochrony ludności","adres":"Aleja 29 Listopada 32B, Kraków","dostepnosc":"Na żądanie"}},{"type":"Feature","id":"OZO-FB91BBB20068","geometry":{"type":"Point","coordinates":[19.9475116485754,50.0798833995879]},"properties":{"nazwa":"Miejsce ochronne","rodzajZrodla":"Obiekt ochrony ludności","adres":"ul. Rogatka 20, Kraków","dostepnosc":"Na żądanie"}},{"type":"Feature","id":"OZO-7CD1B0C87CA3","geometry":{"type":"Point","coordinates":[19.9537153728091,50.0575072085753]},"properties":{"nazwa":"Miejsce ochronne","rodzajZrodla":"Obiekt ochrony ludności","adres":"ul. Wincentego Pola 5, Kraków","dostepnosc":"Na żądanie"}},{"type":"Feature","id":"OZO-C31557C740D3","geometry":{"type":"Point","coordinates":[19.9708462227,50.0634770095644]},"properties":{"nazwa":"Miejsce ochronne","rodzajZrodla":"Obiekt ochrony ludności","adres":"ul. Cystersów 22, Kraków","dostepnosc":"Na żądanie"}},{"type":"Feature","id":"OZO-57953372BAB4","geometry":{"type":"Point","coordinates":[19.9714144319163,50.0622641481749]},"properties":{"nazwa":"Miejsce ochronne","rodzajZrodla":"Obiekt ochrony ludności","adres":"ul. Fabryczna 7, Kraków","dostepnosc":"Na żądanie"}},{"type":"Feature","id":"OZO-2E8BE7B7061A","geometry":{"type":"Point","coordinates":[19.9669811151978,50.0919777328948]},"properties":{"nazwa":"Miejsce ochronne","rodzajZrodla":"Obiekt ochrony ludności","adres":"ul. Jakuba Majora 28, Kraków","dostepnosc":"Na żądanie"}},{"type":"Feature","id":"OZO-4C8C3A7AA087","geometry":{"type":"Point","coordinates":[19.9666472023382,50.0920171638837]},"properties":{"nazwa":"Miejsce ochronne","rodzajZrodla":"Obiekt ochrony ludności","adres":"ul. Jakuba Majora 26, Kraków","dostepnosc":"Na żądanie"}},{"type":"Feature","id":"OZO-A7C47E4FB1A3","geometry":{"type":"Point","coordinates":[19.9871340393461,50.09336681133]},"properties":{"nazwa":"Miejsce ochronne","rodzajZrodla":"Obiekt ochrony ludności","adres":"ul. Marchołta 51, Kraków","dostepnosc":"Na żądanie"}},{"type":"Feature","id":"OZO-026C7A7B2E24","geometry":{"type":"Point","coordinates":[19.9872427910424,50.0943639057024]},"properties":{"nazwa":"Miejsce ochronne","rodzajZrodla":"Obiekt ochrony ludności","adres":"ul. Marchołta 55A, Kraków","dostepnosc":"Na żądanie"}},{"type":"Feature","id":"OZO-4991BBA98F95","geometry":{"type":"Point","coordinates":[19.9677549592088,50.0924112679355]},"properties":{"nazwa":"Miejsce ochronne","rodzajZrodla":"Obiekt ochrony ludności","adres":"ul. Jakuba Majora 34, Kraków","dostepnosc":"Na żądanie"}},{"type":"Feature","id":"OZO-FEA5E4A6D103","geometry":{"type":"Point","coordinates":[19.9667817583271,50.0928833346157]},"properties":{"nazwa":"Miejsce ochronne","rodzajZrodla":"Obiekt ochrony ludności","adres":"ul. Jakuba Majora 44, Kraków","dostepnosc":"Na żądanie"}},{"type":"Feature","id":"OZO-AEA4FD2A2355","geometry":{"type":"Point","coordinates":[19.9666727215823,50.0931282155223]},"properties":{"nazwa":"Miejsce ochronne","rodzajZrodla":"Obiekt ochrony ludności","adres":"ul. Jakuba Majora 46, Kraków","dostepnosc":"Na żądanie"}},{"type":"Feature","id":"OZO-5C2FCFE978B9","geometry":{"type":"Point","coordinates":[19.9662733154077,50.092435704815]},"properties":{"nazwa":"Miejsce ochronne","rodzajZrodla":"Obiekt ochrony ludności","adres":"ul. Jakuba Majora 48, Kraków","dostepnosc":"Na żądanie"}},{"type":"Feature","id":"OZO-AF8D86DEBD1C","geometry":{"type":"Point","coordinates":[19.96621084,50.0928906]},"properties":{"nazwa":"Miejsce ochronne","rodzajZrodla":"Obiekt ochrony ludności","adres":"ul. Jakuba Majora 52, Kraków","dostepnosc":"Na żądanie"}},{"type":"Feature","id":"OZO-A5B7B64A5404","geometry":{"type":"Point","coordinates":[19.9662625798562,50.0930990700512]},"properties":{"nazwa":"Miejsce ochronne","rodzajZrodla":"Obiekt ochrony ludności","adres":"ul. Jakuba Majora 54, Kraków","dostepnosc":"Na żądanie"}},{"type":"Feature","id":"OZO-3FAECDE9E4A0","geometry":{"type":"Point","coordinates":[19.9548866158406,50.081866210289]},"properties":{"nazwa":"Miejsce ochronne","rodzajZrodla":"Obiekt ochrony ludności","adres":"ul. Celarowska 32, Kraków","dostepnosc":"Na żądanie"}},{"type":"Feature","id":"OZO-D8885318334C","geometry":{"type":"Point","coordinates":[19.954813318306,50.0851057982468]},"properties":{"nazwa":"Miejsce ochronne","rodzajZrodla":"Obiekt ochrony ludności","adres":"ul. Sadowa 6, Kraków","dostepnosc":"Na żądanie"}},{"type":"Feature","id":"OZO-E11B523DAFAE","geometry":{"type":"Point","coordinates":[19.95538669,50.08544993]},"properties":{"nazwa":"Miejsce ochronne","rodzajZrodla":"Obiekt ochrony ludności","adres":"ul. Żytnia 7, Kraków","dostepnosc":"Na żądanie"}},{"type":"Feature","id":"OZO-33EF50E2D53E","geometry":{"type":"Point","coordinates":[19.9667006849007,50.1009876908112]},"properties":{"nazwa":"Miejsce ochronne","rodzajZrodla":"Obiekt ochrony ludności","adres":"ul. Arcybiskupa Zygmunta Szczęsnego Felińskiego 31, Kraków","dostepnosc":"Na żądanie"}},{"type":"Feature","id":"OZO-A341F1907B8F","geometry":{"type":"Point","coordinates":[19.9682569825649,50.1019737501916]},"properties":{"nazwa":"Miejsce ochronne","rodzajZrodla":"Obiekt ochrony ludności","adres":"ul. Arcybiskupa Zygmunta Szczęsnego Felińskiego 26, Kraków","dostepnosc":"Na żądanie"}},{"type":"Feature","id":"OZO-FD2539CACEAC","geometry":{"type":"Point","coordinates":[19.9668236201637,50.1032926118345]},"properties":{"nazwa":"Miejsce ochronne","rodzajZrodla":"Obiekt ochrony ludności","adres":"ul. Arcybiskupa Zygmunta Szczęsnego Felińskiego 33c, Kraków","dostepnosc":"Na żądanie"}},{"type":"Feature","id":"OZO-B5E5F4EEBEC3","geometry":{"type":"Point","coordinates":[19.9667703670029,50.1027740662256]},"properties":{"nazwa":"Miejsce ochronne","rodzajZrodla":"Obiekt ochrony ludności","adres":"ul. Arcybiskupa Zygmunta Szczęsnego Felińskiego 33b, Kraków","dostepnosc":"Na żądanie"}},{"type":"Feature","id":"OZO-EC1818CE07A8","geometry":{"type":"Point","coordinates":[19.9667579307321,50.1022487579727]},"properties":{"nazwa":"Miejsce ochronne","rodzajZrodla":"Obiekt ochrony ludności","adres":"ul. Arcybiskupa Zygmunta Szczęsnego Felińskiego 33A, Kraków","dostepnosc":"Na żądanie"}},{"type":"Feature","id":"OZO-FBC28A6A226A","geometry":{"type":"Point","coordinates":[19.9671701834029,50.0992858752347]},"properties":{"nazwa":"Miejsce ochronne","rodzajZrodla":"Obiekt ochrony ludności","adres":"ul. Arcybiskupa Zygmunta Szczęsnego Felińskiego 19, Kraków","dostepnosc":"Na żądanie"}},{"type":"Feature","id":"OZO-7A35E6DC5380","geometry":{"type":"Point","coordinates":[19.9666327662329,50.1001394425971]},"properties":{"nazwa":"Miejsce ochronne","rodzajZrodla":"Obiekt ochrony ludności","adres":"ul. Arcybiskupa Zygmunta Szczęsnego Felińskiego 25, Kraków","dostepnosc":"Na żądanie"}},{"type":"Feature","id":"OZO-030120E47A1B","geometry":{"type":"Point","coordinates":[19.9611282396129,50.0904234272528]},"properties":{"nazwa":"Miejsce ochronne","rodzajZrodla":"Obiekt ochrony ludności","adres":"ul. mjr. Ryszarda Nuszkiewicza 17, Kraków","dostepnosc":"Na żądanie"}},{"type":"Feature","id":"OZO-2E194D135CA6","geometry":{"type":"Point","coordinates":[19.98152375188495,50.09481462468418]},"properties":{"nazwa":"Miejsce ochronne","rodzajZrodla":"Obiekt ochrony ludności","adres":"ul. Reduta 26A, Kraków","dostepnosc":"Na żądanie"}},{"type":"Feature","id":"OZO-F288BE12957F","geometry":{"type":"Point","coordinates":[19.92435518939233,50.10343449700383]},"properties":{"nazwa":"Miejsce ochronne","rodzajZrodla":"Obiekt ochrony ludności","adres":"ul. Zygmunta Glogera 67, Kraków","dostepnosc":"Na żądanie"}},{"type":"Feature","id":"OZO-023C190D2555","geometry":{"type":"Point","coordinates":[19.950785625391305,50.02726929610721]},"properties":{"nazwa":"Miejsce ochronne","rodzajZrodla":"Obiekt ochrony ludności","adres":"ul. Kamieńskiego Henryka 11, Kraków","dostepnosc":"Całodobowa"}},{"type":"Feature","id":"OZO-C97E40F82997","geometry":{"type":"Point","coordinates":[19.9268793686884,50.061923759087]},"properties":{"nazwa":"Miejsce ochronne","rodzajZrodla":"Obiekt ochrony ludności","adres":"ul. Napoleona Cybulskiego 6, Kraków","dostepnosc":"Na żądanie"}},{"type":"Feature","id":"OZO-1850B80D5AC7","geometry":{"type":"Point","coordinates":[19.9508780147652,50.0578610925273]},"properties":{"nazwa":"Miejsce ochronne","rodzajZrodla":"Obiekt ochrony ludności","adres":"ul. AlejaIgnacego Daszyńskiego 11, Kraków","dostepnosc":"Na żądanie"}},{"type":"Feature","id":"OZO-0123D31DAD5B","geometry":{"type":"Point","coordinates":[19.8893103,50.0749249]},"properties":{"nazwa":"Miejsce ochronne","rodzajZrodla":"Obiekt ochrony ludności","adres":"ul. Włościańska 2b, Kraków","dostepnosc":"Całodobowa"}},{"type":"Feature","id":"OZO-35358E8B6F7A","geometry":{"type":"Point","coordinates":[19.914300888776783,50.066364583460455]},"properties":{"nazwa":"Miejsce ochronne","rodzajZrodla":"Obiekt ochrony ludności","adres":"ul. Miechowska 18, Kraków","dostepnosc":"Całodobowa"}},{"type":"Feature","id":"OZO-AEDC268E33BB","geometry":{"type":"Point","coordinates":[19.9280568894507,50.0359027500508]},"properties":{"nazwa":"Miejsce ochronne","rodzajZrodla":"Obiekt ochrony ludności","adres":"ul. Kobierzyńska 20, Kraków","dostepnosc":"Całodobowa"}},{"type":"Feature","id":"OZO-406C235782E0","geometry":{"type":"Point","coordinates":[19.96183499693871,50.08782433510867]},"properties":{"nazwa":"Miejsce ochronne","rodzajZrodla":"Obiekt ochrony ludności","adres":"ul. Dobrego Pasterza 30A, Kraków","dostepnosc":"Na żądanie"}},{"type":"Feature","id":"OZO-B12C43EC50F4","geometry":{"type":"Point","coordinates":[19.8959420756672,50.0688039215716]},"properties":{"nazwa":"Miejsce ochronne","rodzajZrodla":"Obiekt ochrony ludności","adres":"ul. Stanisława Przybyszewskiego 64L, Kraków","dostepnosc":"Całodobowa"}},{"type":"Feature","id":"OZO-EE5D15ED0DE1","geometry":{"type":"Point","coordinates":[20.0150668228721,50.0147209807124]},"properties":{"nazwa":"Miejsce ochronne","rodzajZrodla":"Obiekt ochrony ludności","adres":"ul. Aleksandry 4C, Kraków","dostepnosc":"Całodobowa"}},{"type":"Feature","id":"OZO-5423C9CF24A0","geometry":{"type":"Point","coordinates":[20.0443382120562,50.0675532599637]},"properties":{"nazwa":"Miejsce ochronne","rodzajZrodla":"Obiekt ochrony ludności","adres":"Osiedle Na Skarpie 62, Kraków","dostepnosc":"Całodobowa"}},{"type":"Feature","id":"OZO-619CA3936C85","geometry":{"type":"Point","coordinates":[19.9380628998018,50.0342040437715]},"properties":{"nazwa":"Miejsce ochronne","rodzajZrodla":"Obiekt ochrony ludności","adres":"ul. Wadowicka 3C, Kraków","dostepnosc":"Określone godziny"}},{"type":"Feature","id":"OZO-5171F3717FB4","geometry":{"type":"Point","coordinates":[19.9259398443419,50.0054293089394]},"properties":{"nazwa":"Miejsce ochronne","rodzajZrodla":"Obiekt ochrony ludności","adres":"ul. Armii \"Kraków\" 20, Kraków","dostepnosc":"Całodobowa"}},{"type":"Feature","id":"OZO-A4E5F2AF8A3E","geometry":{"type":"Point","coordinates":[19.987349878133,50.0433210988037]},"properties":{"nazwa":"Miejsce ochronne","rodzajZrodla":"Obiekt ochrony ludności","adres":"ul. Przewóz 13, Kraków","dostepnosc":"Całodobowa"}},{"type":"Feature","id":"OZO-0B93AAB5EAD7","geometry":{"type":"Point","coordinates":[20.0268771325551,50.0158051407876]},"properties":{"nazwa":"Miejsce ochronne","rodzajZrodla":"Obiekt ochrony ludności","adres":"ul. Mała Góra 8C, Kraków","dostepnosc":"Całodobowa"}},{"type":"Feature","id":"OZO-387302CBA035","geometry":{"type":"Point","coordinates":[20.0269176880626,50.0154432773674]},"properties":{"nazwa":"Miejsce ochronne","rodzajZrodla":"Obiekt ochrony ludności","adres":"ul. Mała Góra 8B, Kraków","dostepnosc":"Całodobowa"}},{"type":"Feature","id":"OZO-DC1AC3606B33","geometry":{"type":"Point","coordinates":[20.0130369092125,50.0091816490148]},"properties":{"nazwa":"Miejsce ochronne","rodzajZrodla":"Obiekt ochrony ludności","adres":"ul. Podłęska 14, Kraków","dostepnosc":"Całodobowa"}},{"type":"Feature","id":"OZO-4ADC22FB851C","geometry":{"type":"Point","coordinates":[19.9069495929059,50.0235089443324]},"properties":{"nazwa":"Miejsce ochronne","rodzajZrodla":"Obiekt ochrony ludności","adres":"ul. Zalesie 48, Kraków","dostepnosc":"Całodobowa"}},{"type":"Feature","id":"OZO-D24CEFE62402","geometry":{"type":"Point","coordinates":[19.9110844265255,50.0717173843047]},"properties":{"nazwa":"Miejsce ochronne","rodzajZrodla":"Obiekt ochrony ludności","adres":"ul. Juliusza Lea 75, Kraków","dostepnosc":"Całodobowa"}},{"type":"Feature","id":"OZO-EB1397395910","geometry":{"type":"Point","coordinates":[19.9679054386152,50.0772871873974]},"properties":{"nazwa":"Miejsce ochronne","rodzajZrodla":"Obiekt ochrony ludności","adres":"ul. Pilotów 2A, Kraków","dostepnosc":"Na żądanie"}},{"type":"Feature","id":"OZO-B0DE6298BE7E","geometry":{"type":"Point","coordinates":[19.9682813525089,50.077583916787]},"properties":{"nazwa":"Miejsce ochronne","rodzajZrodla":"Obiekt ochrony ludności","adres":"ul. Pilotów 2B, Kraków","dostepnosc":"Na żądanie"}},{"type":"Feature","id":"OZO-B5741594A1FF","geometry":{"type":"Point","coordinates":[19.9035383333333,50.0775266666667]},"properties":{"nazwa":"Miejsce ochronne","rodzajZrodla":"Obiekt ochrony ludności","adres":"ul. Bartosza Głowackiego 10b, Kraków","dostepnosc":"Całodobowa"}},{"type":"Feature","id":"OZO-BD46DABD67B1","geometry":{"type":"Point","coordinates":[20.0436941869717,50.0679715040353]},"properties":{"nazwa":"Miejsce ochronne","rodzajZrodla":"Obiekt ochrony ludności","adres":"Osiedle Na Skarpie 59, Kraków","dostepnosc":"Całodobowa"}},{"type":"Feature","id":"OZO-4A201B0A2F09","geometry":{"type":"Point","coordinates":[19.9691540229722,50.0775709802597]},"properties":{"nazwa":"Miejsce ochronne","rodzajZrodla":"Obiekt ochrony ludności","adres":"ul. Pilotów 2C, Kraków","dostepnosc":"Na żądanie"}},{"type":"Feature","id":"OZO-BBEE21343548","geometry":{"type":"Point","coordinates":[19.9156859237308,50.0135969743196]},"properties":{"nazwa":"Miejsce ochronne","rodzajZrodla":"Obiekt ochrony ludności","adres":"ul. Żywiecka 52, Kraków","dostepnosc":"Całodobowa"}},{"type":"Feature","id":"OZO-DDCBF45D4094","geometry":{"type":"Point","coordinates":[19.9789951529811,50.0846357336656]},"properties":{"nazwa":"Miejsce ochronne","rodzajZrodla":"Obiekt ochrony ludności","adres":"ul. XX Pijarów 3, Kraków","dostepnosc":"Na żądanie"}},{"type":"Feature","id":"OZO-C31AB0B8454F","geometry":{"type":"Point","coordinates":[19.8964225930391,50.0800163972276]},"properties":{"nazwa":"Miejsce ochronne","rodzajZrodla":"Obiekt ochrony ludności","adres":"ul. Błażeja Czepca 2, Kraków","dostepnosc":"Całodobowa"}},{"type":"Feature","id":"OZO-5125EA423345","geometry":{"type":"Point","coordinates":[19.9711020383849,50.0627936329985]},"properties":{"nazwa":"Miejsce ochronne","rodzajZrodla":"Obiekt ochrony ludności","adres":"ul. Cystersów 26, Kraków","dostepnosc":"Na żądanie"}},{"type":"Feature","id":"OZO-1475937BD1BE","geometry":{"type":"Point","coordinates":[20.0444433061263,50.067177185205]},"properties":{"nazwa":"Miejsce ochronne","rodzajZrodla":"Obiekt ochrony ludności","adres":"Osiedle Na Skarpie 58, Kraków","dostepnosc":"Całodobowa"}},{"type":"Feature","id":"OZO-DCFC612B3847","geometry":{"type":"Point","coordinates":[19.9251624196419,50.0356837501916]},"properties":{"nazwa":"Miejsce ochronne","rodzajZrodla":"Obiekt ochrony ludności","adres":"ul. Kapelanka 42A, Kraków","dostepnosc":"Na żądanie"}},{"type":"Feature","id":"OZO-621BAF2B1048","geometry":{"type":"Point","coordinates":[19.9761105265317,50.0686720596087]},"properties":{"nazwa":"Miejsce ochronne","rodzajZrodla":"Obiekt ochrony ludności","adres":"ul. płk. pil. Stefana Łaszkiewicza 4, Kraków","dostepnosc":"Na żądanie"}},{"type":"Feature","id":"OZO-B7769796E21E","geometry":{"type":"Point","coordinates":[19.9618289999997,50.0499924999991]},"properties":{"nazwa":"Miejsce ochronne","rodzajZrodla":"Obiekt ochrony ludności","adres":"ul. Zabłocie 27, Kraków","dostepnosc":"Całodobowa"}},{"type":"Feature","id":"OZO-0D417A6B05D7","geometry":{"type":"Point","coordinates":[19.967697138838172,50.05703889751636]},"properties":{"nazwa":"Miejsce ochronne","rodzajZrodla":"Obiekt ochrony ludności","adres":"ul. Grzegórzecka 79F, Kraków","dostepnosc":"Całodobowa"}},{"type":"Feature","id":"OZO-552556F47FF9","geometry":{"type":"Point","coordinates":[19.9635048999997,50.0550283999991]},"properties":{"nazwa":"Miejsce ochronne","rodzajZrodla":"Obiekt ochrony ludności","adres":"ul. Grzegórzecka 69D, Kraków","dostepnosc":"Całodobowa"}},{"type":"Feature","id":"OZO-78CD8213C989","geometry":{"type":"Point","coordinates":[19.8922824438183,49.9993382110927]},"properties":{"nazwa":"Miejsce ochronne","rodzajZrodla":"Obiekt ochrony ludności","adres":"ul. bpa Albina Małysiaka 16, Kraków","dostepnosc":"Całodobowa"}},{"type":"Feature","id":"OZO-23EFD2FD29B4","geometry":{"type":"Point","coordinates":[19.9659211002132,50.0561004737653]},"properties":{"nazwa":"Miejsce ochronne","rodzajZrodla":"Obiekt ochrony ludności","adres":"ul. Grzegórzecka 77B, Kraków","dostepnosc":"Całodobowa"}},{"type":"Feature","id":"OZO-925289F306C4","geometry":{"type":"Point","coordinates":[20.0443261336228,50.0679075313525]},"properties":{"nazwa":"Miejsce ochronne","rodzajZrodla":"Obiekt ochrony ludności","adres":"Osiedle Na Skarpie 61, Kraków","dostepnosc":"Całodobowa"}},{"type":"Feature","id":"OZO-12F4638F4BA6","geometry":{"type":"Point","coordinates":[20.0001462999997,50.0732808999992]},"properties":{"nazwa":"Miejsce ochronne","rodzajZrodla":"Obiekt ochrony ludności","adres":"Aleja Jana Pawła II 82, Kraków","dostepnosc":"Na żądanie"}},{"type":"Feature","id":"OZO-E2385644E06F","geometry":{"type":"Point","coordinates":[19.9948001580385,50.0425156699896]},"properties":{"nazwa":"Miejsce ochronne","rodzajZrodla":"Obiekt ochrony ludności","adres":"ul. Przewóz 32B, Kraków","dostepnosc":"Całodobowa"}},{"type":"Feature","id":"OZO-A9CADA640B0C","geometry":{"type":"Point","coordinates":[19.96677160263062,50.056691043288986]},"properties":{"nazwa":"Miejsce ochronne","rodzajZrodla":"Obiekt ochrony ludności","adres":"ul. Grzegórzecka 79E, Kraków","dostepnosc":"Całodobowa"}},{"type":"Feature","id":"OZO-CEC81661B7B1","geometry":{"type":"Point","coordinates":[20.012079486629,50.0193259632305]},"properties":{"nazwa":"Miejsce ochronne","rodzajZrodla":"Obiekt ochrony ludności","adres":"ul. Telimeny 44, Kraków","dostepnosc":"Całodobowa"}},{"type":"Feature","id":"OZO-03DEF8397C70","geometry":{"type":"Point","coordinates":[19.9630945548243,50.0182033749382]},"properties":{"nazwa":"Miejsce ochronne","rodzajZrodla":"Obiekt ochrony ludności","adres":"ul. Trybuny Ludów 31, Kraków","dostepnosc":"Całodobowa"}},{"type":"Feature","id":"OZO-C4907581B98B","geometry":{"type":"Point","coordinates":[19.997137599999,50.0409075999975]},"properties":{"nazwa":"Miejsce ochronne","rodzajZrodla":"Obiekt ochrony ludności","adres":"ul. Przewóz 40A, Kraków","dostepnosc":"Całodobowa"}},{"type":"Feature","id":"OZO-8F5527756F84","geometry":{"type":"Point","coordinates":[20.0445682642639,50.0687442933692]},"properties":{"nazwa":"Miejsce ochronne","rodzajZrodla":"Obiekt ochrony ludności","adres":"Osiedle Na Skarpie 15, Kraków","dostepnosc":"Całodobowa"}},{"type":"Feature","id":"OZO-2B2FD85CD1CD","geometry":{"type":"Point","coordinates":[19.9626042999997,50.0562096999991]},"properties":{"nazwa":"Miejsce ochronne","rodzajZrodla":"Obiekt ochrony ludności","adres":"ul. Grzegórzecka 69B, Kraków","dostepnosc":"Całodobowa"}},{"type":"Feature","id":"OZO-10DE083A60F0","geometry":{"type":"Point","coordinates":[20.0012446999997,50.0732680999992]},"properties":{"nazwa":"Miejsce ochronne","rodzajZrodla":"Obiekt ochrony ludności","adres":"Aleja Jana Pawła II 84, Kraków","dostepnosc":"Na żądanie"}},{"type":"Feature","id":"OZO-3213F3903A28","geometry":{"type":"Point","coordinates":[19.9235459248581,50.0402729422041]},"properties":{"nazwa":"Miejsce ochronne","rodzajZrodla":"Obiekt ochrony ludności","adres":"ul. Kapelanka 10, Kraków","dostepnosc":"Całodobowa"}},{"type":"Feature","id":"OZO-72661791C7A1","geometry":{"type":"Point","coordinates":[19.9463661999997,50.0822376999992]},"properties":{"nazwa":"Miejsce ochronne","rodzajZrodla":"Obiekt ochrony ludności","adres":"ul. Żabiniec 64, Kraków","dostepnosc":"Na żądanie"}},{"type":"Feature","id":"OZO-4E8D7E4BEC52","geometry":{"type":"Point","coordinates":[19.97649530394419,50.08836034498715]},"properties":{"nazwa":"Miejsce ochronne","rodzajZrodla":"Obiekt ochrony ludności","adres":"ul. Dobrego Pasterza 118E, Kraków","dostepnosc":"Na żądanie"}},{"type":"Feature","id":"OZO-D0839E372FA7","geometry":{"type":"Point","coordinates":[19.977731852160094,50.08888426662043]},"properties":{"nazwa":"Miejsce ochronne","rodzajZrodla":"Obiekt ochrony ludności","adres":"ul. Dobrego Pasterza 120, Kraków","dostepnosc":"Na żądanie"}},{"type":"Feature","id":"OZO-79E9BB621D80","geometry":{"type":"Point","coordinates":[20.0588462314392,50.096675924798]},"properties":{"nazwa":"Miejsce ochronne","rodzajZrodla":"Obiekt ochrony ludności","adres":"Osiedle Na Stoku 9, Kraków","dostepnosc":"Całodobowa"}},{"type":"Feature","id":"OZO-19FF3243DFD4","geometry":{"type":"Point","coordinates":[20.0580115664037,50.0953280369102]},"properties":{"nazwa":"Miejsce ochronne","rodzajZrodla":"Obiekt ochrony ludności","adres":"Osiedle Na Stoku 5, Kraków","dostepnosc":"Całodobowa"}},{"type":"Feature","id":"OZO-3AE12D379041","geometry":{"type":"Point","coordinates":[19.89237446,50.01601983]},"properties":{"nazwa":"Miejsce ochronne","rodzajZrodla":"Obiekt ochrony ludności","adres":"ul. Profesora Michała Bobrzyńskiego 39, Kraków","dostepnosc":"Określone godziny"}},{"type":"Feature","id":"OZO-AED3799504C2","geometry":{"type":"Point","coordinates":[19.9537453800224,50.0668099895431]},"properties":{"nazwa":"Miejsce ochronne","rodzajZrodla":"Obiekt ochrony ludności","adres":"ul. Topolowa 28, Kraków","dostepnosc":"Na żądanie"}},{"type":"Feature","id":"OZO-AB31B354468C","geometry":{"type":"Point","coordinates":[19.98526007,50.06851988]},"properties":{"nazwa":"Miejsce ochronne","rodzajZrodla":"Obiekt ochrony ludności","adres":"ul. Dąbska 18M, Kraków","dostepnosc":"Na żądanie"}},{"type":"Feature","id":"OZO-B675C388C10A","geometry":{"type":"Point","coordinates":[19.89203453063965,50.07100953117969]},"properties":{"nazwa":"Miejsce ochronne","rodzajZrodla":"Obiekt ochrony ludności","adres":"ul. Armii Krajowej 25, Kraków","dostepnosc":"Całodobowa"}},{"type":"Feature","id":"OZO-5AB389967960","geometry":{"type":"Point","coordinates":[19.9589188598585,50.044819806739945]},"properties":{"nazwa":"Miejsce ochronne","rodzajZrodla":"Obiekt ochrony ludności","adres":"ul. Dąbrowskiego 14, Kraków","dostepnosc":"Całodobowa"}},{"type":"Feature","id":"OZO-B0146115A911","geometry":{"type":"Point","coordinates":[19.9007691860662,50.0202707216839]},"properties":{"nazwa":"Miejsce ochronne","rodzajZrodla":"Obiekt ochrony ludności","adres":"ul. Profesora Michała Bobrzyńskiego 31, Kraków","dostepnosc":"Na żądanie"}},{"type":"Feature","id":"OZO-941DDA77F7D6","geometry":{"type":"Point","coordinates":[20.0042756423994,50.0808760277756]},"properties":{"nazwa":"Miejsce ochronne","rodzajZrodla":"Obiekt ochrony ludności","adres":"os. Osiedle Avia 1, Kraków","dostepnosc":"Całodobowa"}},{"type":"Feature","id":"OZO-648123BA42CF","geometry":{"type":"Point","coordinates":[19.9014152673096,49.9988085655585]},"properties":{"nazwa":"Miejsce ochronne","rodzajZrodla":"Obiekt ochrony ludności","adres":"ul. Mieczykowa 10, Kraków","dostepnosc":"Całodobowa"}},{"type":"Feature","id":"OZO-D18B0173B268","geometry":{"type":"Point","coordinates":[19.9668041337127,50.1015883917462]},"properties":{"nazwa":"Miejsce ochronne","rodzajZrodla":"Obiekt ochrony ludności","adres":"ul. Arcybiskupa Zygmunta Szczęsnego Felińskiego 33, Kraków","dostepnosc":"Na żądanie"}},{"type":"Feature","id":"OZO-682A8A328235","geometry":{"type":"Point","coordinates":[19.986099596393572,50.09233917857893]},"properties":{"nazwa":"Miejsce ochronne","rodzajZrodla":"Obiekt ochrony ludności","adres":"ul. Marchołta 28, Kraków","dostepnosc":"Na żądanie"}},{"type":"Feature","id":"OZO-E234BEF7C815","geometry":{"type":"Point","coordinates":[19.9381485182364,50.0281651619802]},"properties":{"nazwa":"Miejsce ochronne","rodzajZrodla":"Obiekt ochrony ludności","adres":"ul. Księdza Józefa Tischnera 8, Kraków","dostepnosc":"Określone godziny"}},{"type":"Feature","id":"OZO-A886836EA11B","geometry":{"type":"Point","coordinates":[19.9535196553699,50.0668469537361]},"properties":{"nazwa":"Miejsce ochronne","rodzajZrodla":"Obiekt ochrony ludności","adres":"ul. Topolowa 26, Kraków","dostepnosc":"Na żądanie"}},{"type":"Feature","id":"OZO-DE1AC542E4D2","geometry":{"type":"Point","coordinates":[19.89177703857422,50.07629781940893]},"properties":{"nazwa":"Miejsce ochronne","rodzajZrodla":"Obiekt ochrony ludności","adres":"ul. Jerzego Szablowskiego 3, Kraków","dostepnosc":"Całodobowa"}},{"type":"Feature","id":"OZO-73D78B0FF42A","geometry":{"type":"Point","coordinates":[19.917513025353465,50.09669013801315]},"properties":{"nazwa":"Miejsce ochronne","rodzajZrodla":"Obiekt ochrony ludności","adres":"ul. Pękowicka 37b, Kraków","dostepnosc":"Na żądanie"}},{"type":"Feature","id":"OZO-AD117303D319","geometry":{"type":"Point","coordinates":[19.9383222076136,49.999355356695]},"properties":{"nazwa":"Miejsce ochronne","rodzajZrodla":"Obiekt ochrony ludności","adres":"ul. Borowinowa 55A, Kraków","dostepnosc":"Określone godziny"}},{"type":"Feature","id":"OZO-98AD33BEDE48","geometry":{"type":"Point","coordinates":[19.87638652324677,50.065966866880906]},"properties":{"nazwa":"Miejsce ochronne","rodzajZrodla":"Obiekt ochrony ludności","adres":"ul. KrólowejJadwigi 217a, Kraków","dostepnosc":"Całodobowa"}},{"type":"Feature","id":"OZO-B7DC15A3F995","geometry":{"type":"Point","coordinates":[19.9081011999997,50.0624899999992]},"properties":{"nazwa":"Miejsce ochronne","rodzajZrodla":"Obiekt ochrony ludności","adres":"Aleja 3 Maja 51, Kraków","dostepnosc":"Całodobowa"}},{"type":"Feature","id":"OZO-58C951571BDC","geometry":{"type":"Point","coordinates":[19.9137950514958,50.0471960006632]},"properties":{"nazwa":"Miejsce ochronne","rodzajZrodla":"Obiekt ochrony ludności","adres":"ul. Praska 34A, Kraków","dostepnosc":"Określone godziny"}},{"type":"Feature","id":"OZO-76201E66F1CC","geometry":{"type":"Point","coordinates":[20.0596913053713,50.1038394566086]},"properties":{"nazwa":"Miejsce ochronne","rodzajZrodla":"Obiekt ochrony ludności","adres":"ul. Gustawa Morcinka 92, Kraków","dostepnosc":"Całodobowa"}},{"type":"Feature","id":"OZO-0A06C2EFDBE1","geometry":{"type":"Point","coordinates":[19.9609678983506,50.057693873559]},"properties":{"nazwa":"Miejsce ochronne","rodzajZrodla":"Obiekt ochrony ludności","adres":"Aleja Pokoju 1, Kraków","dostepnosc":"Na żądanie"}},{"type":"Feature","id":"OZO-7542D2290C6F","geometry":{"type":"Point","coordinates":[19.9141704145691,50.0318529327346]},"properties":{"nazwa":"Miejsce ochronne","rodzajZrodla":"Obiekt ochrony ludności","adres":"ul. Pychowicka 18E, Kraków","dostepnosc":"Określone godziny"}},{"type":"Feature","id":"OZO-B711E43AF69A","geometry":{"type":"Point","coordinates":[19.9654221984762,50.0607655840263]},"properties":{"nazwa":"Miejsce ochronne","rodzajZrodla":"Obiekt ochrony ludności","adres":"Aleja Pokoju 10, Kraków","dostepnosc":"Na żądanie"}},{"type":"Feature","id":"OZO-58206F3191AE","geometry":{"type":"Point","coordinates":[19.934044629335403,50.097799581471364]},"properties":{"nazwa":"Miejsce ochronne","rodzajZrodla":"Obiekt ochrony ludności","adres":"ul. Ludwika Pasteura 6B, Kraków","dostepnosc":"Na żądanie"}},{"type":"Feature","id":"OZO-637C9E890A2B","geometry":{"type":"Point","coordinates":[20.0467110225432,50.0227616593527]},"properties":{"nazwa":"Miejsce ochronne","rodzajZrodla":"Obiekt ochrony ludności","adres":"ul. Agatowa 37A, Kraków","dostepnosc":"Całodobowa"}},{"type":"Feature","id":"OZO-9074D8461D29","geometry":{"type":"Point","coordinates":[19.963121891146546,50.08916305179598]},"properties":{"nazwa":"Miejsce ochronne","rodzajZrodla":"Obiekt ochrony ludności","adres":"ul. Józefa Łepkowskiego 1, Kraków","dostepnosc":"Na żądanie"}},{"type":"Feature","id":"OZO-221793F7051C","geometry":{"type":"Point","coordinates":[19.8795732575035,50.003710767099]},"properties":{"nazwa":"Miejsce ochronne","rodzajZrodla":"Obiekt ochrony ludności","adres":"ul. Spacerowa 4a, Kraków","dostepnosc":"Określone godziny"}},{"type":"Feature","id":"OZO-84A4726A129D","geometry":{"type":"Point","coordinates":[19.932517111301422,50.07718258672221]},"properties":{"nazwa":"Miejsce ochronne","rodzajZrodla":"Obiekt ochrony ludności","adres":"ul. Emilii Plater 2, Kraków","dostepnosc":"Całodobowa"}},{"type":"Feature","id":"OZO-E7AF48BE4422","geometry":{"type":"Point","coordinates":[19.9510527774464,50.0577442068875]},"properties":{"nazwa":"Miejsce ochronne","rodzajZrodla":"Obiekt ochrony ludności","adres":"ul. AlejaIgnacego Daszyńskiego 13, Kraków","dostepnosc":"Na żądanie"}},{"type":"Feature","id":"OZO-A5DD7B5387AD","geometry":{"type":"Point","coordinates":[19.9352578878596,50.0356883129079]},"properties":{"nazwa":"Miejsce ochronne","rodzajZrodla":"Obiekt ochrony ludności","adres":"ul. Rydlówka 19, Kraków","dostepnosc":"Określone godziny"}},{"type":"Feature","id":"OZO-1894348FFFC6","geometry":{"type":"Point","coordinates":[20.0129728430608,50.0649159339252]},"properties":{"nazwa":"Miejsce ochronne","rodzajZrodla":"Obiekt ochrony ludności","adres":"ul. Sołtysowska 11a, Kraków","dostepnosc":"Określone godziny"}},{"type":"Feature","id":"OZO-309401F57EB7","geometry":{"type":"Point","coordinates":[19.9652069485716,50.060744846313]},"properties":{"nazwa":"Miejsce ochronne","rodzajZrodla":"Obiekt ochrony ludności","adres":"Aleja Pokoju 10, Kraków","dostepnosc":"Na żądanie"}},{"type":"Feature","id":"OZO-38CEDC82DD55","geometry":{"type":"Point","coordinates":[20.0611840135733,50.099548665682]},"properties":{"nazwa":"Miejsce ochronne","rodzajZrodla":"Obiekt ochrony ludności","adres":"ul. Niebyła 11, Kraków","dostepnosc":"Na żądanie"}},{"type":"Feature","id":"OZO-EC9AA0C44B91","geometry":{"type":"Point","coordinates":[19.9051712457919,50.0680279077356]},"properties":{"nazwa":"Miejsce ochronne","rodzajZrodla":"Obiekt ochrony ludności","adres":"ul. Józefa Rostafińskiego 4, Kraków","dostepnosc":"Całodobowa"}},{"type":"Feature","id":"OZO-1918E6F9AA94","geometry":{"type":"Point","coordinates":[19.903621673583988,50.077037995514715]},"properties":{"nazwa":"Miejsce ochronne","rodzajZrodla":"Obiekt ochrony ludności","adres":"ul. Bronowicka 19, Kraków","dostepnosc":"Całodobowa"}},{"type":"Feature","id":"OZO-54C70A226BBB","geometry":{"type":"Point","coordinates":[19.999542832374576,50.038785200008036]},"properties":{"nazwa":"Miejsce ochronne","rodzajZrodla":"Obiekt ochrony ludności","adres":"ul. Bagrowa 26, Kraków","dostepnosc":"Całodobowa"}},{"type":"Feature","id":"OZO-C8CC952D0034","geometry":{"type":"Point","coordinates":[19.940981235627,50.043350320377]},"properties":{"nazwa":"Miejsce ochronne","rodzajZrodla":"Obiekt ochrony ludności","adres":"ul. Przedwiośnie 2C, Kraków","dostepnosc":"Całodobowa"}},{"type":"Feature","id":"OZO-D660D010581D","geometry":{"type":"Point","coordinates":[19.9634203950137,50.0235146737154]},"properties":{"nazwa":"Miejsce ochronne","rodzajZrodla":"Obiekt ochrony ludności","adres":"ul. Maurycego Mochnackiego 39, Kraków","dostepnosc":"Całodobowa"}},{"type":"Feature","id":"OZO-930EA272EE63","geometry":{"type":"Point","coordinates":[20.1334082621863,50.08835845583]},"properties":{"nazwa":"Miejsce ochronne","rodzajZrodla":"Obiekt ochrony ludności","adres":"ul. Za Górą 12B, Kraków","dostepnosc":"Na żądanie"}},{"type":"Feature","id":"OZO-5D31F8C4D71A","geometry":{"type":"Point","coordinates":[19.870536625385288,50.061061424573964]},"properties":{"nazwa":"Miejsce ochronne","rodzajZrodla":"Obiekt ochrony ludności","adres":"ul. Leśna 2, Kraków","dostepnosc":"Całodobowa"}},{"type":"Feature","id":"OZO-A7C6039FAECC","geometry":{"type":"Point","coordinates":[19.88901570439339,50.09281651975755]},"properties":{"nazwa":"Miejsce ochronne","rodzajZrodla":"Obiekt ochrony ludności","adres":"ul. Sosnowiecka 30B, Kraków","dostepnosc":"Na żądanie"}},{"type":"Feature","id":"OZO-482BBE09A1DD","geometry":{"type":"Point","coordinates":[19.9208766492176,50.0325075035607]},"properties":{"nazwa":"Miejsce ochronne","rodzajZrodla":"Obiekt ochrony ludności","adres":"ul. Kobierzyńska 47, Kraków","dostepnosc":"Całodobowa"}},{"type":"Feature","id":"OZO-39BDCC85C448","geometry":{"type":"Point","coordinates":[20.0156984879501,50.0646070367635]},"properties":{"nazwa":"Miejsce ochronne","rodzajZrodla":"Obiekt ochrony ludności","adres":"ul. Sołtysowska 23a, Kraków","dostepnosc":"Całodobowa"}},{"type":"Feature","id":"OZO-B6CB01740CB2","geometry":{"type":"Point","coordinates":[19.8934649449963,49.9997143535851]},"properties":{"nazwa":"Miejsce ochronne","rodzajZrodla":"Obiekt ochrony ludności","adres":"ul. bpa Albina Małysiaka 2, Kraków","dostepnosc":"Całodobowa"}},{"type":"Feature","id":"OZO-4A336793B86D","geometry":{"type":"Point","coordinates":[20.0232746758281,50.0623829190449]},"properties":{"nazwa":"Miejsce ochronne","rodzajZrodla":"Obiekt ochrony ludności","adres":"ul. Sołtysowska 37C, Kraków","dostepnosc":"Całodobowa"}},{"type":"Feature","id":"OZO-64E774F7206E","geometry":{"type":"Point","coordinates":[20.0094681431182,50.0622680849024]},"properties":{"nazwa":"Miejsce ochronne","rodzajZrodla":"Obiekt ochrony ludności","adres":"ul. Galicyjska 3C, Kraków","dostepnosc":"Całodobowa"}},{"type":"Feature","id":"OZO-0387110ADCCF","geometry":{"type":"Point","coordinates":[20.0088932718917,50.0674729672891]},"properties":{"nazwa":"Miejsce ochronne","rodzajZrodla":"Obiekt ochrony ludności","adres":"Aleja Pokoju 83A, Kraków","dostepnosc":"Na żądanie"}},{"type":"Feature","id":"OZO-9D3CDFBBD4A7","geometry":{"type":"Point","coordinates":[19.9692781823263,50.0319914434539]},"properties":{"nazwa":"Miejsce ochronne","rodzajZrodla":"Obiekt ochrony ludności","adres":"ul. Wielicka 83, Kraków","dostepnosc":"Całodobowa"}},{"type":"Feature","id":"OZO-3F07CBD6DFEF","geometry":{"type":"Point","coordinates":[19.8934584684797,50.0163411161932]},"properties":{"nazwa":"Miejsce ochronne","rodzajZrodla":"Obiekt ochrony ludności","adres":"ul. Lubostroń 22B, Kraków","dostepnosc":"Całodobowa"}},{"type":"Feature","id":"OZO-6FBB1B9FE239","geometry":{"type":"Point","coordinates":[20.00552281737328,50.08060617255455]},"properties":{"nazwa":"Miejsce ochronne","rodzajZrodla":"Obiekt ochrony ludności","adres":"Osiedle Avia 2, Kraków","dostepnosc":"Całodobowa"}},{"type":"Feature","id":"OZO-036ECA8426D7","geometry":{"type":"Point","coordinates":[19.9026136659268,50.0219441531683]},"properties":{"nazwa":"Miejsce ochronne","rodzajZrodla":"Obiekt ochrony ludności","adres":"ul. Przemiarki 22, Kraków","dostepnosc":"Całodobowa"}},{"type":"Feature","id":"OZO-104C08D5814E","geometry":{"type":"Point","coordinates":[19.920980930328373,50.080841976153735]},"properties":{"nazwa":"Miejsce ochronne","rodzajZrodla":"Obiekt ochrony ludności","adres":"ul. Racławicka 60, Kraków","dostepnosc":"Całodobowa"}},{"type":"Feature","id":"OZO-75CB9F3C864B","geometry":{"type":"Point","coordinates":[19.9122272158719,50.0312961466076]},"properties":{"nazwa":"Miejsce ochronne","rodzajZrodla":"Obiekt ochrony ludności","adres":"ul. Norymberska 10, Kraków","dostepnosc":"Całodobowa"}},{"type":"Feature","id":"OZO-BBB5ED721B0B","geometry":{"type":"Point","coordinates":[19.9203885066884,50.0531809730703]},"properties":{"nazwa":"Miejsce ochronne","rodzajZrodla":"Obiekt ochrony ludności","adres":"ul. Tadeusza Kościuszki 47, Kraków","dostepnosc":"Na żądanie"}},{"type":"Feature","id":"OZO-0AA505E8BCBF","geometry":{"type":"Point","coordinates":[19.9520963509695,50.0714438917315]},"properties":{"nazwa":"Miejsce ochronne","rodzajZrodla":"Obiekt ochrony ludności","adres":"ul. Rakowicka 20G, Kraków","dostepnosc":"Całodobowa"}},{"type":"Feature","id":"OZO-3AAA5145F245","geometry":{"type":"Point","coordinates":[19.9526316680329,50.07983797407345]},"properties":{"nazwa":"Miejsce ochronne","rodzajZrodla":"Obiekt ochrony ludności","adres":"Aleja 29 Listopada 39F, Kraków","dostepnosc":"Na żądanie"}},{"type":"Feature","id":"OZO-87E0F4E4A0E8","geometry":{"type":"Point","coordinates":[19.927423596382145,50.077554390682096]},"properties":{"nazwa":"Miejsce ochronne","rodzajZrodla":"Obiekt ochrony ludności","adres":"ul. Oboźna 8, Kraków","dostepnosc":"Całodobowa"}},{"type":"Feature","id":"OZO-3E73681AED5D","geometry":{"type":"Point","coordinates":[19.9512278991499,50.019221722624]},"properties":{"nazwa":"Miejsce ochronne","rodzajZrodla":"Obiekt ochrony ludności","adres":"ul. Tarnobrzeska 6, Kraków","dostepnosc":"Całodobowa"}},{"type":"Feature","id":"OZO-DFF901A00E07","geometry":{"type":"Point","coordinates":[19.8709547427175,50.0679630668189]},"properties":{"nazwa":"Miejsce ochronne","rodzajZrodla":"Obiekt ochrony ludności","adres":"ul. Na Wierzchowinach 5, Kraków","dostepnosc":"Całodobowa"}},{"type":"Feature","id":"OZO-476DAEF7615E","geometry":{"type":"Point","coordinates":[20.0403516397389,50.0702942076239]},"properties":{"nazwa":"Miejsce ochronne","rodzajZrodla":"Obiekt ochrony ludności","adres":"Osiedle Centrum E 11, Kraków","dostepnosc":"Określone godziny"}},{"type":"Feature","id":"OZO-75CA9FD142F1","geometry":{"type":"Point","coordinates":[19.898365885019302,50.06962022592263]},"properties":{"nazwa":"Miejsce ochronne","rodzajZrodla":"Obiekt ochrony ludności","adres":"ul. Juliusza Lea 219, Kraków","dostepnosc":"Całodobowa"}},{"type":"Feature","id":"OZO-DAB96EE77A77","geometry":{"type":"Point","coordinates":[19.93403255939484,50.066364583460455]},"properties":{"nazwa":"Miejsce ochronne","rodzajZrodla":"Obiekt ochrony ludności","adres":"ul. Łobzowska 8, Kraków","dostepnosc":"Całodobowa"}},{"type":"Feature","id":"OZO-FAEE4CC0F463","geometry":{"type":"Point","coordinates":[20.016301274299625,50.10343931404275]},"properties":{"nazwa":"Miejsce ochronne","rodzajZrodla":"Obiekt ochrony ludności","adres":"Osiedle Piastów 63F, Kraków","dostepnosc":"Określone godziny"}},{"type":"Feature","id":"OZO-2EC370250672","geometry":{"type":"Point","coordinates":[19.94512500062,50.0277575170324]},"properties":{"nazwa":"Miejsce ochronne","rodzajZrodla":"Obiekt ochrony ludności","adres":"ul. Przyjaźni Polsko-Węgierskiej 6A, Kraków","dostepnosc":"Całodobowa"}},{"type":"Feature","id":"OZO-C23311CE5E18","geometry":{"type":"Point","coordinates":[19.9663114639437,50.0388617514096]},"properties":{"nazwa":"Miejsce ochronne","rodzajZrodla":"Obiekt ochrony ludności","adres":"ul. Wielicka 28a, Kraków","dostepnosc":"Określone godziny"}},{"type":"Feature","id":"OZO-4870D3B0169F","geometry":{"type":"Point","coordinates":[20.021869800995,50.0769484462575]},"properties":{"nazwa":"Miejsce ochronne","rodzajZrodla":"Obiekt ochrony ludności","adres":"ul. Bieńczycka 15B, Kraków","dostepnosc":"Całodobowa"}},{"type":"Feature","id":"OZO-380C50870CF0","geometry":{"type":"Point","coordinates":[19.9891934659453,50.0660078749956]},"properties":{"nazwa":"Miejsce ochronne","rodzajZrodla":"Obiekt ochrony ludności","adres":"ul. Stanisława Lema 15A, Kraków","dostepnosc":"Całodobowa"}},{"type":"Feature","id":"OZO-EDCDE636CB5B","geometry":{"type":"Point","coordinates":[19.93309780955315,50.08341336493071]},"properties":{"nazwa":"Miejsce ochronne","rodzajZrodla":"Obiekt ochrony ludności","adres":"ul. Józefa Wybickiego 1, Kraków","dostepnosc":"Na żądanie"}},{"type":"Feature","id":"OZO-EBC7201DF8BC","geometry":{"type":"Point","coordinates":[19.9640216771346,50.0104620587129]},"properties":{"nazwa":"Miejsce ochronne","rodzajZrodla":"Obiekt ochrony ludności","adres":"ul. Kordiana 50A, Kraków","dostepnosc":"Całodobowa"}},{"type":"Feature","id":"OZO-68655C98F718","geometry":{"type":"Point","coordinates":[20.0471869890584,50.1080826045276]},"properties":{"nazwa":"Miejsce ochronne","rodzajZrodla":"Obiekt ochrony ludności","adres":"156, Zastów","dostepnosc":"Na żądanie"}},{"type":"Feature","id":"OZO-1BAD7B9C3FF3","geometry":{"type":"Point","coordinates":[20.0436977434891,50.0684349761341]},"properties":{"nazwa":"Miejsce ochronne","rodzajZrodla":"Obiekt ochrony ludności","adres":"Osiedle Na Skarpie 18, Kraków","dostepnosc":"Całodobowa"}},{"type":"Feature","id":"OZO-314C28C296E7","geometry":{"type":"Point","coordinates":[19.9105910318983,50.0170425852312]},"properties":{"nazwa":"Miejsce ochronne","rodzajZrodla":"Obiekt ochrony ludności","adres":"ul. Torfowa 27, Kraków","dostepnosc":"Na żądanie"}},{"type":"Feature","id":"OZO-A1FE8AAC2707","geometry":{"type":"Point","coordinates":[19.9561737337466,50.0207074458142]},"properties":{"nazwa":"Miejsce ochronne","rodzajZrodla":"Obiekt ochrony ludności","adres":"ul. Sebastiana Klonowica 28, Kraków","dostepnosc":"Całodobowa"}},{"type":"Feature","id":"OZO-6BB2E65283CE","geometry":{"type":"Point","coordinates":[19.9941787244575,50.0429860960184]},"properties":{"nazwa":"Miejsce ochronne","rodzajZrodla":"Obiekt ochrony ludności","adres":"ul. Przewóz 32E, Kraków","dostepnosc":"Całodobowa"}},{"type":"Feature","id":"OZO-F15A7081444A","geometry":{"type":"Point","coordinates":[19.8881878330783,50.094926832288]},"properties":{"nazwa":"Miejsce ochronne","rodzajZrodla":"Obiekt ochrony ludności","adres":"ul. Stawowa 145, Kraków","dostepnosc":"Całodobowa"}},{"type":"Feature","id":"OZO-EB8DABF481D8","geometry":{"type":"Point","coordinates":[19.9314104691093,50.0355005777347]},"properties":{"nazwa":"Miejsce ochronne","rodzajZrodla":"Obiekt ochrony ludności","adres":"ul. Rydlówka 42, Kraków","dostepnosc":"Całodobowa"}},{"type":"Feature","id":"OZO-4E1BDD2FDA06","geometry":{"type":"Point","coordinates":[19.9584723950758,50.0497118346388]},"properties":{"nazwa":"Miejsce ochronne","rodzajZrodla":"Obiekt ochrony ludności","adres":"ul. Przemysłowa 2, Kraków","dostepnosc":"Określone godziny"}},{"type":"Feature","id":"OZO-851429DA1D77","geometry":{"type":"Point","coordinates":[20.032475506902,50.0205184146857]},"properties":{"nazwa":"Miejsce ochronne","rodzajZrodla":"Obiekt ochrony ludności","adres":"ul. Stacyjna 22, Kraków","dostepnosc":"Całodobowa"}},{"type":"Feature","id":"OZO-8F0A10DAF486","geometry":{"type":"Point","coordinates":[19.9055857984245,50.0688925093302]},"properties":{"nazwa":"Miejsce ochronne","rodzajZrodla":"Obiekt ochrony ludności","adres":"ul. Józefa Rostafińskiego 8, Kraków","dostepnosc":"Całodobowa"}},{"type":"Feature","id":"OZO-23E806C4BED4","geometry":{"type":"Point","coordinates":[19.9493365939574,50.0089205775633]},"properties":{"nazwa":"Miejsce ochronne","rodzajZrodla":"Obiekt ochrony ludności","adres":"ul. Marii i Bolesława Wysłouchów 3A, Kraków","dostepnosc":"Całodobowa"}},{"type":"Feature","id":"OZO-1AB4AE6FF229","geometry":{"type":"Point","coordinates":[19.9495626171963,50.0096779488812]},"properties":{"nazwa":"Miejsce ochronne","rodzajZrodla":"Obiekt ochrony ludności","adres":"ul. Franciszka Bujaka 16, Kraków","dostepnosc":"Całodobowa"}},{"type":"Feature","id":"OZO-98ECAAE9613E","geometry":{"type":"Point","coordinates":[19.9576982935085,50.068149398141]},"properties":{"nazwa":"Miejsce ochronne","rodzajZrodla":"Obiekt ochrony ludności","adres":"ul. Aleksandra Lubomirskiego 20, Kraków","dostepnosc":"Określone godziny"}},{"type":"Feature","id":"OZO-3E6074B18DAE","geometry":{"type":"Point","coordinates":[20.0443557706663,50.0682788911315]},"properties":{"nazwa":"Miejsce ochronne","rodzajZrodla":"Obiekt ochrony ludności","adres":"Osiedle Na Skarpie 19, Kraków","dostepnosc":"Całodobowa"}},{"type":"Feature","id":"OZO-1E1796FAC7C2","geometry":{"type":"Point","coordinates":[19.9891388971364,50.0658301333881]},"properties":{"nazwa":"Miejsce ochronne","rodzajZrodla":"Obiekt ochrony ludności","adres":"ul. Stanisława Lema 15E, Kraków","dostepnosc":"Całodobowa"}},{"type":"Feature","id":"OZO-318D73E8B6F2","geometry":{"type":"Point","coordinates":[19.9665660999997,50.0470566999992]},"properties":{"nazwa":"Miejsce ochronne","rodzajZrodla":"Obiekt ochrony ludności","adres":"ul. Jana Dekerta 18, Kraków","dostepnosc":"Określone godziny"}},{"type":"Feature","id":"OZO-41A743FE7455","geometry":{"type":"Point","coordinates":[19.9671948548559,50.0618283818816]},"properties":{"nazwa":"Miejsce ochronne","rodzajZrodla":"Obiekt ochrony ludności","adres":"ul. płk. Francesco Nullo 12, Kraków","dostepnosc":"Na żądanie"}},{"type":"Feature","id":"OZO-8BAA598B7B8D","geometry":{"type":"Point","coordinates":[20.0184544809012,50.0153978678866]},"properties":{"nazwa":"Miejsce ochronne","rodzajZrodla":"Obiekt ochrony ludności","adres":"ul. Aleksandry 1, Kraków","dostepnosc":"Określone godziny"}},{"type":"Feature","id":"OZO-2A23419C1918","geometry":{"type":"Point","coordinates":[19.9083761435256,50.0142765849739]},"properties":{"nazwa":"Miejsce ochronne","rodzajZrodla":"Obiekt ochrony ludności","adres":"ul. Obozowa 44b, Kraków","dostepnosc":"Całodobowa"}},{"type":"Feature","id":"OZO-2E30EBC8034F","geometry":{"type":"Point","coordinates":[19.93495766,50.08724227]},"properties":{"nazwa":"Miejsce ochronne","rodzajZrodla":"Obiekt ochrony ludności","adres":"ul. Kluczborska 27, Kraków","dostepnosc":"Na żądanie"}},{"type":"Feature","id":"OZO-B38FD1299D61","geometry":{"type":"Point","coordinates":[19.9681266303957,50.099936863454]},"properties":{"nazwa":"Miejsce ochronne","rodzajZrodla":"Obiekt ochrony ludności","adres":"ul. Arcybiskupa Zygmunta Szczęsnego Felińskiego 20a, Kraków","dostepnosc":"Na żądanie"}},{"type":"Feature","id":"OZO-D6E89B74A447","geometry":{"type":"Point","coordinates":[19.920086724127,50.0194740515179]},"properties":{"nazwa":"Miejsce ochronne","rodzajZrodla":"Obiekt ochrony ludności","adres":"ul. Zdunów 20A, Kraków","dostepnosc":"Całodobowa"}},{"type":"Feature","id":"OZO-2C274FEFA289","geometry":{"type":"Point","coordinates":[19.990603913617978,50.09356641876307]},"properties":{"nazwa":"Miejsce ochronne","rodzajZrodla":"Obiekt ochrony ludności","adres":"Osiedle Oświecenia 49, Kraków","dostepnosc":"Na żądanie"}},{"type":"Feature","id":"OZO-A9453D942883","geometry":{"type":"Point","coordinates":[20.0074004189684,50.0673474302635]},"properties":{"nazwa":"Miejsce ochronne","rodzajZrodla":"Obiekt ochrony ludności","adres":"Aleja Pokoju 81, Kraków","dostepnosc":"Na żądanie"}},{"type":"Feature","id":"OZO-786B1A547438","geometry":{"type":"Point","coordinates":[20.0237137358746,50.063588794193]},"properties":{"nazwa":"Miejsce ochronne","rodzajZrodla":"Obiekt ochrony ludności","adres":"ul. Sołtysowska 37F, Kraków","dostepnosc":"Całodobowa"}},{"type":"Feature","id":"OZO-583179F32F09","geometry":{"type":"Point","coordinates":[19.92295101284981,50.06729601934045]},"properties":{"nazwa":"Miejsce ochronne","rodzajZrodla":"Obiekt ochrony ludności","adres":"ul. Karola Szymanowskiego 10, Kraków","dostepnosc":"Całodobowa"}},{"type":"Feature","id":"OZO-717DCD8A2741","geometry":{"type":"Point","coordinates":[20.0213328562776,50.0776991714154]},"properties":{"nazwa":"Miejsce ochronne","rodzajZrodla":"Obiekt ochrony ludności","adres":"ul. Bieńczycka 15C, Kraków","dostepnosc":"Całodobowa"}},{"type":"Feature","id":"OZO-AC33A59B13CC","geometry":{"type":"Point","coordinates":[19.9283626302743,50.0933514116767]},"properties":{"nazwa":"Miejsce ochronne","rodzajZrodla":"Obiekt ochrony ludności","adres":"ul. Wincentego Danka 10, Kraków","dostepnosc":"Na żądanie"}},{"type":"Feature","id":"OZO-CBAF931D2A61","geometry":{"type":"Point","coordinates":[19.9331956710737,50.058388383978]},"properties":{"nazwa":"Miejsce ochronne","rodzajZrodla":"Obiekt ochrony ludności","adres":"ul. Straszewskiego 17, Kraków","dostepnosc":"Na żądanie"}},{"type":"Feature","id":"OZO-0F00BF5890B3","geometry":{"type":"Point","coordinates":[19.9923417043845,50.0753237797554]},"properties":{"nazwa":"Miejsce ochronne","rodzajZrodla":"Obiekt ochrony ludności","adres":"Aleja Jana Pawła II 33A, Kraków","dostepnosc":"Na żądanie"}},{"type":"Feature","id":"OZO-A1E986FA6496","geometry":{"type":"Point","coordinates":[20.0349044986232,50.0728580155198]},"properties":{"nazwa":"Miejsce ochronne","rodzajZrodla":"Obiekt ochrony ludności","adres":"Osiedle Centrum D 9, Kraków","dostepnosc":"Całodobowa"}},{"type":"Feature","id":"OZO-095F70E9A670","geometry":{"type":"Point","coordinates":[19.9512121048366,50.0444288948635]},"properties":{"nazwa":"Miejsce ochronne","rodzajZrodla":"Obiekt ochrony ludności","adres":"ul. Węgierska 9, Kraków","dostepnosc":"Całodobowa"}},{"type":"Feature","id":"OZO-A61FD0285CCD","geometry":{"type":"Point","coordinates":[19.94798138737679,50.016452100348396]},"properties":{"nazwa":"Miejsce ochronne","rodzajZrodla":"Obiekt ochrony ludności","adres":"ul. Malwowa 17, Kraków","dostepnosc":"Całodobowa"}},{"type":"Feature","id":"OZO-249E64BFA439","geometry":{"type":"Point","coordinates":[19.9156971874594,50.0463592414239]},"properties":{"nazwa":"Miejsce ochronne","rodzajZrodla":"Obiekt ochrony ludności","adres":"ul. Praska 28A, Kraków","dostepnosc":"Określone godziny"}},{"type":"Feature","id":"OZO-C7F4B6FADDDB","geometry":{"type":"Point","coordinates":[19.908802745836,50.0139141617395]},"properties":{"nazwa":"Miejsce ochronne","rodzajZrodla":"Obiekt ochrony ludności","adres":"ul. Obozowa 44c, Kraków","dostepnosc":"Całodobowa"}},{"type":"Feature","id":"OZO-2B3ECCCAF2A0","geometry":{"type":"Point","coordinates":[19.9393826999997,50.0396762999992]},"properties":{"nazwa":"Miejsce ochronne","rodzajZrodla":"Obiekt ochrony ludności","adres":"ul. Ignacego Krasickiego 21, Kraków","dostepnosc":"Całodobowa"}},{"type":"Feature","id":"OZO-B8A6DA108D58","geometry":{"type":"Point","coordinates":[19.9250703863451,50.1037700754142]},"properties":{"nazwa":"Miejsce ochronne","rodzajZrodla":"Obiekt ochrony ludności","adres":"ul. Zygmunta Glogera 65, Kraków","dostepnosc":"Całodobowa"}},{"type":"Feature","id":"OZO-D8E0EDA2FFB1","geometry":{"type":"Point","coordinates":[19.9642263994957,50.0670147081008]},"properties":{"nazwa":"Miejsce ochronne","rodzajZrodla":"Obiekt ochrony ludności","adres":"ul. Mogilska 50, Kraków","dostepnosc":"Na żądanie"}},{"type":"Feature","id":"OZO-0A630963EECC","geometry":{"type":"Point","coordinates":[19.90771070122719,50.01774815536414]},"properties":{"nazwa":"Miejsce ochronne","rodzajZrodla":"Obiekt ochrony ludności","adres":"ul. Torfowa 12, Kraków","dostepnosc":"Całodobowa"}},{"type":"Feature","id":"OZO-6AB5B2AC54BA","geometry":{"type":"Point","coordinates":[20.056526581054,50.1038889789689]},"properties":{"nazwa":"Miejsce ochronne","rodzajZrodla":"Obiekt ochrony ludności","adres":"ul. Gustawa Morcinka 80B, Kraków","dostepnosc":"Na żądanie"}},{"type":"Feature","id":"OZO-DD5853568C94","geometry":{"type":"Point","coordinates":[19.9454529955729,50.0727589615028]},"properties":{"nazwa":"Miejsce ochronne","rodzajZrodla":"Obiekt ochrony ludności","adres":"ul. Pawia 23, Kraków","dostepnosc":"Określone godziny"}},{"type":"Feature","id":"OZO-5AF8309F6095","geometry":{"type":"Point","coordinates":[19.9857566226208,50.0672488240838]},"properties":{"nazwa":"Miejsce ochronne","rodzajZrodla":"Obiekt ochrony ludności","adres":"ul. Dąbska 22A, Kraków","dostepnosc":"Na żądanie"}},{"type":"Feature","id":"OZO-D63BEDEA56C9","geometry":{"type":"Point","coordinates":[19.8488206,50.0871655]},"properties":{"nazwa":"Miejsce ochronne","rodzajZrodla":"Obiekt ochrony ludności","adres":"ul. Kazimierza Wierzyńskiego 43, Kraków","dostepnosc":"Całodobowa"}},{"type":"Feature","id":"OZO-9C1E83A2FB26","geometry":{"type":"Point","coordinates":[19.9573248999997,50.0545863999991]},"properties":{"nazwa":"Miejsce ochronne","rodzajZrodla":"Obiekt ochrony ludności","adres":"ul. Masarska 11, Kraków","dostepnosc":"Na żądanie"}},{"type":"Feature","id":"OZO-F4CD5FDED4C6","geometry":{"type":"Point","coordinates":[20.0464369137048,50.0223552503748]},"properties":{"nazwa":"Miejsce ochronne","rodzajZrodla":"Obiekt ochrony ludności","adres":"ul. Agatowa 37, Kraków","dostepnosc":"Całodobowa"}},{"type":"Feature","id":"OZO-2533529796F0","geometry":{"type":"Point","coordinates":[19.964868575334553,50.087302887689155]},"properties":{"nazwa":"Miejsce ochronne","rodzajZrodla":"Obiekt ochrony ludności","adres":"ul. Dobrego Pasterza 56, Kraków","dostepnosc":"Na żądanie"}},{"type":"Feature","id":"OZO-3E4DCDFC8D05","geometry":{"type":"Point","coordinates":[19.9802090600041,50.084092593791]},"properties":{"nazwa":"Miejsce ochronne","rodzajZrodla":"Obiekt ochrony ludności","adres":"ul. Ernesta Cieślewskiego 1, Kraków","dostepnosc":"Całodobowa"}},{"type":"Feature","id":"OZO-336DBE67C40E","geometry":{"type":"Point","coordinates":[19.9783704197211,50.0126237994728]},"properties":{"nazwa":"Miejsce ochronne","rodzajZrodla":"Obiekt ochrony ludności","adres":"ul. Adama Bochenka 20, Kraków","dostepnosc":"Całodobowa"}},{"type":"Feature","id":"OZO-DFD344E02D4D","geometry":{"type":"Point","coordinates":[19.929708838462833,50.07541475715348]},"properties":{"nazwa":"Miejsce ochronne","rodzajZrodla":"Obiekt ochrony ludności","adres":"ul. Świętokrzyska 5, Kraków","dostepnosc":"Całodobowa"}},{"type":"Feature","id":"OZO-E450BD4566AD","geometry":{"type":"Point","coordinates":[19.983721822500232,50.09475921836599]},"properties":{"nazwa":"Miejsce ochronne","rodzajZrodla":"Obiekt ochrony ludności","adres":"ul. Reduta 36, Kraków","dostepnosc":"Na żądanie"}},{"type":"Feature","id":"OZO-B1A1A8B45FAB","geometry":{"type":"Point","coordinates":[20.0089859781151,50.101609582861]},"properties":{"nazwa":"Miejsce ochronne","rodzajZrodla":"Obiekt ochrony ludności","adres":"Osiedle Bohaterów Września 58, Kraków","dostepnosc":"Na żądanie"}},{"type":"Feature","id":"OZO-1CA91DD1FB4D","geometry":{"type":"Point","coordinates":[19.9458528123544,50.0707236677738]},"properties":{"nazwa":"Miejsce ochronne","rodzajZrodla":"Obiekt ochrony ludności","adres":"ul. Pawia 11, Kraków","dostepnosc":"Na żądanie"}},{"type":"Feature","id":"OZO-D224D652910D","geometry":{"type":"Point","coordinates":[19.923094511032104,50.08006227077859]},"properties":{"nazwa":"Miejsce ochronne","rodzajZrodla":"Obiekt ochrony ludności","adres":"ul. Wrocławska 53C, Kraków","dostepnosc":"Całodobowa"}},{"type":"Feature","id":"OZO-48537AA8DF12","geometry":{"type":"Point","coordinates":[19.9177780125242,50.0765504692446]},"properties":{"nazwa":"Miejsce ochronne","rodzajZrodla":"Obiekt ochrony ludności","adres":"Aleja Kijowska 40, Kraków","dostepnosc":"Całodobowa"}},{"type":"Feature","id":"OZO-A3C1DFC6115F","geometry":{"type":"Point","coordinates":[19.9770421190488,50.0136003489656]},"properties":{"nazwa":"Miejsce ochronne","rodzajZrodla":"Obiekt ochrony ludności","adres":"ul. Adama Bochenka 25, Kraków","dostepnosc":"Całodobowa"}},{"type":"Feature","id":"OZO-EA97883AB2FD","geometry":{"type":"Point","coordinates":[19.9453556816771,50.0697667897072]},"properties":{"nazwa":"Miejsce ochronne","rodzajZrodla":"Obiekt ochrony ludności","adres":"ul. Pawia 7, Kraków","dostepnosc":"Określone godziny"}},{"type":"Feature","id":"OZO-1693A0AA5597","geometry":{"type":"Point","coordinates":[19.9671843453291,50.0698747706001]},"properties":{"nazwa":"Miejsce ochronne","rodzajZrodla":"Obiekt ochrony ludności","adres":"ul. Filipa Eisenberga 4, Kraków","dostepnosc":"Na żądanie"}},{"type":"Feature","id":"OZO-37A57E9E5E8E","geometry":{"type":"Point","coordinates":[19.907163815887,50.0136627739614]},"properties":{"nazwa":"Miejsce ochronne","rodzajZrodla":"Obiekt ochrony ludności","adres":"ul. Obozowa 38b, Kraków","dostepnosc":"Całodobowa"}},{"type":"Feature","id":"OZO-415306690517","geometry":{"type":"Point","coordinates":[19.962581917330642,50.05447814917907]},"properties":{"nazwa":"Miejsce ochronne","rodzajZrodla":"Obiekt ochrony ludności","adres":"ul. Grzegórzecka 67f, Kraków","dostepnosc":"Całodobowa"}},{"type":"Feature","id":"OZO-5482660160CC","geometry":{"type":"Point","coordinates":[19.9061403357302,50.0138957146405]},"properties":{"nazwa":"Miejsce ochronne","rodzajZrodla":"Obiekt ochrony ludności","adres":"ul. Obozowa 31, Kraków","dostepnosc":"Całodobowa"}},{"type":"Feature","id":"OZO-5C828CE9E062","geometry":{"type":"Point","coordinates":[19.951899343409394,50.09473589344591]},"properties":{"nazwa":"Miejsce ochronne","rodzajZrodla":"Obiekt ochrony ludności","adres":"ul. OsiedleWolfganga Amadeusa Mozarta 31, Kraków","dostepnosc":"Na żądanie"}},{"type":"Feature","id":"OZO-50F1693DF793","geometry":{"type":"Point","coordinates":[20.023247882612,50.0761612278597]},"properties":{"nazwa":"Miejsce ochronne","rodzajZrodla":"Obiekt ochrony ludności","adres":"Osiedle Kolorowe 29b, Kraków","dostepnosc":"Na żądanie"}},{"type":"Feature","id":"OZO-EAC06617C148","geometry":{"type":"Point","coordinates":[19.9683078893937,50.0245088644248]},"properties":{"nazwa":"Miejsce ochronne","rodzajZrodla":"Obiekt ochrony ludności","adres":"ul. Skowronia 3K, Kraków","dostepnosc":"Na żądanie"}},{"type":"Feature","id":"OZO-E6E88586C24F","geometry":{"type":"Point","coordinates":[19.9617001414121,50.0650293380325]},"properties":{"nazwa":"Miejsce ochronne","rodzajZrodla":"Obiekt ochrony ludności","adres":"ul. Przy Rondzie 3, Kraków","dostepnosc":"Na żądanie"}},{"type":"Feature","id":"OZO-4F60C2CE655D","geometry":{"type":"Point","coordinates":[19.9252230208019,50.0627383543471]},"properties":{"nazwa":"Miejsce ochronne","rodzajZrodla":"Obiekt ochrony ludności","adres":"ul. Krupnicza 33, Kraków","dostepnosc":"Określone godziny"}},{"type":"Feature","id":"OZO-3BE7FB54A597","geometry":{"type":"Point","coordinates":[19.9555978644433,50.0568682980057]},"properties":{"nazwa":"Miejsce ochronne","rodzajZrodla":"Obiekt ochrony ludności","adres":"ul. Prochowa 12, Kraków","dostepnosc":"Określone godziny"}},{"type":"Feature","id":"OZO-A1D2AB78EEAB","geometry":{"type":"Point","coordinates":[19.9374487809546,50.0573011394857]},"properties":{"nazwa":"Miejsce ochronne","rodzajZrodla":"Obiekt ochrony ludności","adres":"ul. Kanonicza 3, Kraków","dostepnosc":"Na żądanie"}},{"type":"Feature","id":"OZO-090110650421","geometry":{"type":"Point","coordinates":[20.0276880761663,50.0155430544641]},"properties":{"nazwa":"Miejsce ochronne","rodzajZrodla":"Obiekt ochrony ludności","adres":"ul. Mała Góra 8A, Kraków","dostepnosc":"Całodobowa"}},{"type":"Feature","id":"OZO-7E5E02364143","geometry":{"type":"Point","coordinates":[19.9560866498909,50.0687589214253]},"properties":{"nazwa":"Miejsce ochronne","rodzajZrodla":"Obiekt ochrony ludności","adres":"ul. Aleksandra Lubomirskiego 2, Kraków","dostepnosc":"Określone godziny"}},{"type":"Feature","id":"OZO-9128F259CEC1","geometry":{"type":"Point","coordinates":[20.0040306398709,50.0827456769861]},"properties":{"nazwa":"Miejsce ochronne","rodzajZrodla":"Obiekt ochrony ludności","adres":"Osiedle Dywizjonu 303 3a, Kraków","dostepnosc":"Na żądanie"}},{"type":"Feature","id":"OZO-7ABC384B5507","geometry":{"type":"Point","coordinates":[20.0137235790982,50.0796522439613]},"properties":{"nazwa":"Miejsce ochronne","rodzajZrodla":"Obiekt ochrony ludności","adres":"Osiedle 2 Pułku Lotniczego 1H, Kraków","dostepnosc":"Na żądanie"}},{"type":"Feature","id":"OZO-F2EAD22EFB0C","geometry":{"type":"Point","coordinates":[19.94766264,50.0283063]},"properties":{"nazwa":"Miejsce ochronne","rodzajZrodla":"Obiekt ochrony ludności","adres":"ul. Przyjaźni Polsko-Węgierskiej 4, Kraków","dostepnosc":"Na żądanie"}},{"type":"Feature","id":"OZO-C0C9B7BC6960","geometry":{"type":"Point","coordinates":[19.9696316336182,50.0779818379431]},"properties":{"nazwa":"Miejsce ochronne","rodzajZrodla":"Obiekt ochrony ludności","adres":"ul. Pilotów 2E, Kraków","dostepnosc":"Na żądanie"}},{"type":"Feature","id":"OZO-75E79051E6A7","geometry":{"type":"Point","coordinates":[19.9485376999997,50.0494014999991]},"properties":{"nazwa":"Miejsce ochronne","rodzajZrodla":"Obiekt ochrony ludności","adres":"ul. św.Wawrzyńca 21, Kraków","dostepnosc":"Na żądanie"}},{"type":"Feature","id":"OZO-F64153191AA1","geometry":{"type":"Point","coordinates":[19.9533618241331,50.0718243373892]},"properties":{"nazwa":"Miejsce ochronne","rodzajZrodla":"Obiekt ochrony ludności","adres":"ul. Rakowicka 22C, Kraków","dostepnosc":"Całodobowa"}},{"type":"Feature","id":"OZO-8F7284411E93","geometry":{"type":"Point","coordinates":[20.0240382864494,50.0844906122209]},"properties":{"nazwa":"Miejsce ochronne","rodzajZrodla":"Obiekt ochrony ludności","adres":"Osiedle Kazimierzowskie 8, Kraków","dostepnosc":"Na żądanie"}},{"type":"Feature","id":"OZO-77D8E32AB349","geometry":{"type":"Point","coordinates":[19.949286862696,50.0825651175217]},"properties":{"nazwa":"Miejsce ochronne","rodzajZrodla":"Obiekt ochrony ludności","adres":"Aleja 29 Listopada 48A, Kraków","dostepnosc":"Na żądanie"}},{"type":"Feature","id":"OZO-A3A6324CA26A","geometry":{"type":"Point","coordinates":[20.0439743119912,50.079854741146]},"properties":{"nazwa":"Miejsce ochronne","rodzajZrodla":"Obiekt ochrony ludności","adres":"Osiedle Zielone 9, Kraków","dostepnosc":"Na żądanie"}},{"type":"Feature","id":"OZO-29B875CC5F91","geometry":{"type":"Point","coordinates":[19.9442578,50.02562843]},"properties":{"nazwa":"Miejsce ochronne","rodzajZrodla":"Obiekt ochrony ludności","adres":"ul. Fredry Aleksandra 6T, Kraków","dostepnosc":"Na żądanie"}},{"type":"Feature","id":"OZO-31604E832FD0","geometry":{"type":"Point","coordinates":[19.94429612,50.02534208]},"properties":{"nazwa":"Miejsce ochronne","rodzajZrodla":"Obiekt ochrony ludności","adres":"ul. Fredry Aleksandra 6U, Kraków","dostepnosc":"Na żądanie"}},{"type":"Feature","id":"OZO-7CA9FB1F8CF2","geometry":{"type":"Point","coordinates":[19.9382426104707,50.0722888495279]},"properties":{"nazwa":"Miejsce ochronne","rodzajZrodla":"Obiekt ochrony ludności","adres":"ul. Helclów 19, Kraków","dostepnosc":"Określone godziny"}},{"type":"Feature","id":"OZO-72FF965F9585","geometry":{"type":"Point","coordinates":[20.0261930190149,50.0126983504801]},"properties":{"nazwa":"Miejsce ochronne","rodzajZrodla":"Obiekt ochrony ludności","adres":"ul. Mała Góra 14D, Kraków","dostepnosc":"Na żądanie"}},{"type":"Feature","id":"OZO-E3FAAD5F368F","geometry":{"type":"Point","coordinates":[19.9402562994232,50.0618126150508]},"properties":{"nazwa":"Miejsce ochronne","rodzajZrodla":"Obiekt ochrony ludności","adres":"Plac Mariacki 4, Kraków","dostepnosc":"Całodobowa"}},{"type":"Feature","id":"OZO-5337B00BA531","geometry":{"type":"Point","coordinates":[19.9612155835895,50.0642672134863]},"properties":{"nazwa":"Miejsce ochronne","rodzajZrodla":"Obiekt ochrony ludności","adres":"ul. Przy Rondzie 4, Kraków","dostepnosc":"Na żądanie"}},{"type":"Feature","id":"OZO-110164FC4E03","geometry":{"type":"Point","coordinates":[19.9045930004955,50.0048548751008]},"properties":{"nazwa":"Miejsce ochronne","rodzajZrodla":"Obiekt ochrony ludności","adres":"ul. Borkowska 11a, Kraków","dostepnosc":"Na żądanie"}},{"type":"Feature","id":"OZO-AD2C1A574FFE","geometry":{"type":"Point","coordinates":[19.9121372773834,50.0972861284843]},"properties":{"nazwa":"Miejsce ochronne","rodzajZrodla":"Obiekt ochrony ludności","adres":"ul. Władysława Łokietka 136A, Kraków","dostepnosc":"Na żądanie"}},{"type":"Feature","id":"OZO-E59586E388B6","geometry":{"type":"Point","coordinates":[20.0599239349305,50.0925338110161]},"properties":{"nazwa":"Miejsce ochronne","rodzajZrodla":"Obiekt ochrony ludności","adres":"Osiedle Na Wzgórzach 1, Kraków","dostepnosc":"Na żądanie"}},{"type":"Feature","id":"OZO-CD41C88F64CB","geometry":{"type":"Point","coordinates":[20.0609689035108,50.0206272084877]},"properties":{"nazwa":"Miejsce ochronne","rodzajZrodla":"Obiekt ochrony ludności","adres":"ul. Henryka i Karola Czeczów 38, Kraków","dostepnosc":"Na żądanie"}},{"type":"Feature","id":"OZO-342BDCA282A3","geometry":{"type":"Point","coordinates":[19.9522137,50.0553714]},"properties":{"nazwa":"Miejsce ochronne","rodzajZrodla":"Obiekt ochrony ludności","adres":"ul. ks. Franciszka Blachnickiego 3, Kraków","dostepnosc":"Na żądanie"}},{"type":"Feature","id":"OZO-96AE5B05B6EA","geometry":{"type":"Point","coordinates":[19.915631637655355,50.06820865373668]},"properties":{"nazwa":"Miejsce ochronne","rodzajZrodla":"Obiekt ochrony ludności","adres":"ul. Chocimska 1, Kraków","dostepnosc":"Całodobowa"}},{"type":"Feature","id":"OZO-D20D45F99191","geometry":{"type":"Point","coordinates":[19.8864304611775,50.0016274898533]},"properties":{"nazwa":"Miejsce ochronne","rodzajZrodla":"Obiekt ochrony ludności","adres":"ul. Spacerowa 17, Kraków","dostepnosc":"Na żądanie"}},{"type":"Feature","id":"OZO-5249FB86B30E","geometry":{"type":"Point","coordinates":[19.9677958227838,50.0508978780003]},"properties":{"nazwa":"Miejsce ochronne","rodzajZrodla":"Obiekt ochrony ludności","adres":"ul. Zabłocie 24, Kraków","dostepnosc":"Na żądanie"}},{"type":"Feature","id":"OZO-3079F64AD514","geometry":{"type":"Point","coordinates":[20.0488247235146,50.0255163574977]},"properties":{"nazwa":"Miejsce ochronne","rodzajZrodla":"Obiekt ochrony ludności","adres":"ul. Mariana Domagały 33D, Kraków","dostepnosc":"Na żądanie"}},{"type":"Feature","id":"OZO-2F34888E8481","geometry":{"type":"Point","coordinates":[20.047979541947,50.0264511246069]},"properties":{"nazwa":"Miejsce ochronne","rodzajZrodla":"Obiekt ochrony ludności","adres":"ul. Mariana Domagały 29F, Kraków","dostepnosc":"Na żądanie"}},{"type":"Feature","id":"OZO-FCC51D6EA9D1","geometry":{"type":"Point","coordinates":[19.97645349,50.09537409]},"properties":{"nazwa":"Miejsce ochronne","rodzajZrodla":"Obiekt ochrony ludności","adres":"ul. Reduta 9, Kraków","dostepnosc":"Na żądanie"}},{"type":"Feature","id":"OZO-016E92F06ABD","geometry":{"type":"Point","coordinates":[19.9667085734317,50.062528662402]},"properties":{"nazwa":"Miejsce ochronne","rodzajZrodla":"Obiekt ochrony ludności","adres":"ul. płk. Francesco Nullo 14, Kraków","dostepnosc":"Na żądanie"}},{"type":"Feature","id":"OZO-71B4580D2DC9","geometry":{"type":"Point","coordinates":[19.9273076839407,50.0933027966382]},"properties":{"nazwa":"Miejsce ochronne","rodzajZrodla":"Obiekt ochrony ludności","adres":"ul. Wincentego Danka 8, Kraków","dostepnosc":"Całodobowa"}},{"type":"Feature","id":"OZO-430856E7796C","geometry":{"type":"Point","coordinates":[19.9661578889779,50.0634356867817]},"properties":{"nazwa":"Miejsce ochronne","rodzajZrodla":"Obiekt ochrony ludności","adres":"ul. płk. Francesco Nullo 16, Kraków","dostepnosc":"Na żądanie"}},{"type":"Feature","id":"OZO-D0284B5CE46C","geometry":{"type":"Point","coordinates":[19.95884801,50.09141226]},"properties":{"nazwa":"Miejsce ochronne","rodzajZrodla":"Obiekt ochrony ludności","adres":"ul. Pocieszka 11, Kraków","dostepnosc":"Na żądanie"}},{"type":"Feature","id":"OZO-F9769D777BCB","geometry":{"type":"Point","coordinates":[19.9547403957484,50.1020946167885]},"properties":{"nazwa":"Miejsce ochronne","rodzajZrodla":"Obiekt ochrony ludności","adres":"ul. Stefana Banacha 49, Kraków","dostepnosc":"Na żądanie"}},{"type":"Feature","id":"OZO-38F64177C719","geometry":{"type":"Point","coordinates":[20.0109731775038,50.0802031388564]},"properties":{"nazwa":"Miejsce ochronne","rodzajZrodla":"Obiekt ochrony ludności","adres":"Osiedle Dywizjonu 303 62F, Kraków","dostepnosc":"Na żądanie"}},{"type":"Feature","id":"OZO-6E744BFDCB30","geometry":{"type":"Point","coordinates":[20.0100571994989,50.0804579219861]},"properties":{"nazwa":"Miejsce ochronne","rodzajZrodla":"Obiekt ochrony ludności","adres":"Osiedle Dywizjonu 303 64B, Kraków","dostepnosc":"Na żądanie"}},{"type":"Feature","id":"OZO-3086E754A4A0","geometry":{"type":"Point","coordinates":[20.0289450782133,50.0861366828598]},"properties":{"nazwa":"Miejsce ochronne","rodzajZrodla":"Obiekt ochrony ludności","adres":"ul. Fatimska 21c, Kraków","dostepnosc":"Na żądanie"}},{"type":"Feature","id":"OZO-CE386ECF0F6A","geometry":{"type":"Point","coordinates":[19.92796589,50.10025045]},"properties":{"nazwa":"Miejsce ochronne","rodzajZrodla":"Obiekt ochrony ludności","adres":"ul. Glogera Zygmunta 23, Kraków","dostepnosc":"Na żądanie"}},{"type":"Feature","id":"OZO-8DD27C917853","geometry":{"type":"Point","coordinates":[19.965866126809,50.0656774827193]},"properties":{"nazwa":"Miejsce ochronne","rodzajZrodla":"Obiekt ochrony ludności","adres":"ul. płk. Francesco Nullo 33, Kraków","dostepnosc":"Na żądanie"}},{"type":"Feature","id":"OZO-B5801F91F5C2","geometry":{"type":"Point","coordinates":[20.0198077689946,50.0926581260636]},"properties":{"nazwa":"Miejsce ochronne","rodzajZrodla":"Obiekt ochrony ludności","adres":"Osiedle Złotej Jesieni 1, Kraków","dostepnosc":"Na żądanie"}},{"type":"Feature","id":"OZO-A92C48D35AD5","geometry":{"type":"Point","coordinates":[20.0435504317487,50.0811031042045]},"properties":{"nazwa":"Miejsce ochronne","rodzajZrodla":"Obiekt ochrony ludności","adres":"Osiedle Sportowe 25, Kraków","dostepnosc":"Na żądanie"}},{"type":"Feature","id":"OZO-E058E0F58453","geometry":{"type":"Point","coordinates":[19.9621638545159,50.0577233104169]},"properties":{"nazwa":"Miejsce ochronne","rodzajZrodla":"Obiekt ochrony ludności","adres":"Aleja Pokoju 3, Kraków","dostepnosc":"Na żądanie"}},{"type":"Feature","id":"OZO-0E27670CBAD2","geometry":{"type":"Point","coordinates":[19.84793982,50.06825558]},"properties":{"nazwa":"Miejsce ochronne","rodzajZrodla":"Obiekt ochrony ludności","adres":"ul. Chełmska 14, Kraków","dostepnosc":"Na żądanie"}},{"type":"Feature","id":"OZO-056B8CDD06AF","geometry":{"type":"Point","coordinates":[20.0261391857864,50.0740479101106]},"properties":{"nazwa":"Miejsce ochronne","rodzajZrodla":"Obiekt ochrony ludności","adres":"Osiedle Kolorowe 11, Kraków","dostepnosc":"Na żądanie"}},{"type":"Feature","id":"OZO-78CBF5BF3085","geometry":{"type":"Point","coordinates":[20.0512014329672,50.0740234135064]},"properties":{"nazwa":"Miejsce ochronne","rodzajZrodla":"Obiekt ochrony ludności","adres":"Osiedle Stalowe 14, Kraków","dostepnosc":"Na żądanie"}},{"type":"Feature","id":"OZO-7ACE32883A26","geometry":{"type":"Point","coordinates":[19.9451537616295,50.0787881482759]},"properties":{"nazwa":"Miejsce ochronne","rodzajZrodla":"Obiekt ochrony ludności","adres":"ul. Kamienna 14, Kraków","dostepnosc":"Na żądanie"}},{"type":"Feature","id":"OZO-9DB294B06A26","geometry":{"type":"Point","coordinates":[19.9521342105941,50.0667996798022]},"properties":{"nazwa":"Miejsce ochronne","rodzajZrodla":"Obiekt ochrony ludności","adres":"ul. Rakowicka 17, Kraków","dostepnosc":"Na żądanie"}},{"type":"Feature","id":"OZO-13E804BA5614","geometry":{"type":"Point","coordinates":[20.039000364418,50.0745222755039]},"properties":{"nazwa":"Miejsce ochronne","rodzajZrodla":"Obiekt ochrony ludności","adres":"Osiedle Centrum B 4, Kraków","dostepnosc":"Na żądanie"}},{"type":"Feature","id":"OZO-A587C84E131E","geometry":{"type":"Point","coordinates":[19.9683100354954,50.0167560395282]},"properties":{"nazwa":"Miejsce ochronne","rodzajZrodla":"Obiekt ochrony ludności","adres":"ul. Trybuny Ludów 71, Kraków","dostepnosc":"Na żądanie"}},{"type":"Feature","id":"OZO-EBB1377B7D21","geometry":{"type":"Point","coordinates":[19.9538296999997,50.0941895999991]},"properties":{"nazwa":"Miejsce ochronne","rodzajZrodla":"Obiekt ochrony ludności","adres":"ul. OsiedleWolfganga Amadeusa Mozarta 11, Kraków","dostepnosc":"Na żądanie"}},{"type":"Feature","id":"OZO-0E17BB572BDF","geometry":{"type":"Point","coordinates":[19.85096237588881,50.08521671282251]},"properties":{"nazwa":"Miejsce ochronne","rodzajZrodla":"Obiekt ochrony ludności","adres":"ul. Kazimierza Wierzyńskiego 59, Kraków","dostepnosc":"Całodobowa"}},{"type":"Feature","id":"OZO-89462863A885","geometry":{"type":"Point","coordinates":[20.01666289,50.07441528]},"properties":{"nazwa":"Miejsce ochronne","rodzajZrodla":"Obiekt ochrony ludności","adres":"al. Aleja Jana Pawła II 57, Kraków","dostepnosc":"Na żądanie"}},{"type":"Feature","id":"OZO-A973460D2ECA","geometry":{"type":"Point","coordinates":[19.9505489412465,50.0593708409273]},"properties":{"nazwa":"Miejsce ochronne","rodzajZrodla":"Obiekt ochrony ludności","adres":"ul. św.Łazarza 15, Kraków","dostepnosc":"Na żądanie"}},{"type":"Feature","id":"OZO-F20916FC001D","geometry":{"type":"Point","coordinates":[20.0324165810822,50.0762460371714]},"properties":{"nazwa":"Miejsce ochronne","rodzajZrodla":"Obiekt ochrony ludności","adres":"Osiedle Zgody 3, Kraków","dostepnosc":"Na żądanie"}},{"type":"Feature","id":"OZO-4D4EFCF9EF2D","geometry":{"type":"Point","coordinates":[19.93777024,50.08455327]},"properties":{"nazwa":"Miejsce ochronne","rodzajZrodla":"Obiekt ochrony ludności","adres":"ul. Prądnicka 64, Kraków","dostepnosc":"Na żądanie"}},{"type":"Feature","id":"OZO-1F75A63A1985","geometry":{"type":"Point","coordinates":[19.9005497991576,50.0860822061477]},"properties":{"nazwa":"Miejsce ochronne","rodzajZrodla":"Obiekt ochrony ludności","adres":"ul. Eliasza Radzikowskiego 100A, Kraków","dostepnosc":"Na żądanie"}},{"type":"Feature","id":"OZO-0CE1A49FE571","geometry":{"type":"Point","coordinates":[19.95957816,50.011839]},"properties":{"nazwa":"Miejsce ochronne","rodzajZrodla":"Obiekt ochrony ludności","adres":"ul. Turniejowa 59, Kraków","dostepnosc":"Na żądanie"}},{"type":"Feature","id":"OZO-6E172E003E9E","geometry":{"type":"Point","coordinates":[20.0346272751775,50.076873420686]},"properties":{"nazwa":"Miejsce ochronne","rodzajZrodla":"Obiekt ochrony ludności","adres":"Osiedle Zgody 13, Kraków","dostepnosc":"Na żądanie"}},{"type":"Feature","id":"OZO-D92DC7FB8BA8","geometry":{"type":"Point","coordinates":[19.9673157453522,50.0667400759121]},"properties":{"nazwa":"Miejsce ochronne","rodzajZrodla":"Obiekt ochrony ludności","adres":"ul. Mogilska 62, Kraków","dostepnosc":"Na żądanie"}},{"type":"Feature","id":"OZO-617E4F9401B9","geometry":{"type":"Point","coordinates":[20.00123002,50.03563787]},"properties":{"nazwa":"Miejsce ochronne","rodzajZrodla":"Obiekt ochrony ludności","adres":"ul. Bagrowa 23A, Kraków","dostepnosc":"Na żądanie"}},{"type":"Feature","id":"OZO-35D3C78CCEC4","geometry":{"type":"Point","coordinates":[20.0480852928237,50.0762047618983]},"properties":{"nazwa":"Miejsce ochronne","rodzajZrodla":"Obiekt ochrony ludności","adres":"Osiedle Szkolne 31, Kraków","dostepnosc":"Na żądanie"}},{"type":"Feature","id":"OZO-BF2392C69204","geometry":{"type":"Point","coordinates":[20.0404316832096,50.0739796713834]},"properties":{"nazwa":"Miejsce ochronne","rodzajZrodla":"Obiekt ochrony ludności","adres":"Osiedle Centrum B 6, Kraków","dostepnosc":"Na żądanie"}},{"type":"Feature","id":"OZO-F227ED437C55","geometry":{"type":"Point","coordinates":[19.9300621822161,50.0459148393946]},"properties":{"nazwa":"Miejsce ochronne","rodzajZrodla":"Obiekt ochrony ludności","adres":"ul. Dworska 1C, Kraków","dostepnosc":"Na żądanie"}},{"type":"Feature","id":"OZO-BA3FE9B5F12B","geometry":{"type":"Point","coordinates":[19.9619871377768,50.0638823164924]},"properties":{"nazwa":"Miejsce ochronne","rodzajZrodla":"Obiekt ochrony ludności","adres":"ul. Przy Rondzie 7, Kraków","dostepnosc":"Na żądanie"}},{"type":"Feature","id":"OZO-A046B29CC836","geometry":{"type":"Point","coordinates":[19.96558429,50.0860607]},"properties":{"nazwa":"Miejsce ochronne","rodzajZrodla":"Obiekt ochrony ludności","adres":"ul. Kaczary Jana 1 A, Kraków","dostepnosc":"Na żądanie"}},{"type":"Feature","id":"OZO-48B56337596E","geometry":{"type":"Point","coordinates":[20.0585961866466,50.095917963376]},"properties":{"nazwa":"Miejsce ochronne","rodzajZrodla":"Obiekt ochrony ludności","adres":"Osiedle Na Stoku 7, Kraków","dostepnosc":"Całodobowa"}},{"type":"Feature","id":"OZO-2CDA20746908","geometry":{"type":"Point","coordinates":[20.0082368498088,50.0127375136583]},"properties":{"nazwa":"Miejsce ochronne","rodzajZrodla":"Obiekt ochrony ludności","adres":"ul. Jana Kurczaba 25, Kraków","dostepnosc":"Określone godziny"}},{"type":"Feature","id":"OZO-BE8460091708","geometry":{"type":"Point","coordinates":[19.9501209999997,50.0638304999991]},"properties":{"nazwa":"Miejsce ochronne","rodzajZrodla":"Obiekt ochrony ludności","adres":"ul. Lubicz 17C, Kraków","dostepnosc":"Na żądanie"}},{"type":"Feature","id":"OZO-80DA3CEA1C03","geometry":{"type":"Point","coordinates":[19.95075468,50.07001855]},"properties":{"nazwa":"Miejsce ochronne","rodzajZrodla":"Obiekt ochrony ludności","adres":"ul. Rakowicka 20k, Kraków","dostepnosc":"Na żądanie"}},{"type":"Feature","id":"OZO-91571AAD9132","geometry":{"type":"Point","coordinates":[19.88933389,50.06557848]},"properties":{"nazwa":"Miejsce ochronne","rodzajZrodla":"Obiekt ochrony ludności","adres":"ul. Borowego Piotra 35A, Kraków","dostepnosc":"Na żądanie"}},{"type":"Feature","id":"OZO-C2A5EF31895B","geometry":{"type":"Point","coordinates":[19.8875179675506,50.0077150846803]},"properties":{"nazwa":"Miejsce ochronne","rodzajZrodla":"Obiekt ochrony ludności","adres":"ul. Czerwone Maki 4, Kraków","dostepnosc":"Na żądanie"}},{"type":"Feature","id":"OZO-24C4D2EB6A98","geometry":{"type":"Point","coordinates":[20.0426751096,50.0723721366713]},"properties":{"nazwa":"Miejsce ochronne","rodzajZrodla":"Obiekt ochrony ludności","adres":"Osiedle Centrum A 5, Kraków","dostepnosc":"Na żądanie"}},{"type":"Feature","id":"OZO-F591AE77C509","geometry":{"type":"Point","coordinates":[19.935910105705265,50.089343900347615]},"properties":{"nazwa":"Miejsce ochronne","rodzajZrodla":"Obiekt ochrony ludności","adres":"ul. gen. Augusta Fieldorfa-Nila 8, Kraków","dostepnosc":"Na żądanie"}},{"type":"Feature","id":"OZO-A7B46FAA09A6","geometry":{"type":"Point","coordinates":[19.9329740181253,50.0715371733864]},"properties":{"nazwa":"Miejsce ochronne","rodzajZrodla":"Obiekt ochrony ludności","adres":"ul. św.Teresy 2, Kraków","dostepnosc":"Całodobowa"}},{"type":"Feature","id":"OZO-C049F0263DD7","geometry":{"type":"Point","coordinates":[19.975953873379,50.0391481008165]},"properties":{"nazwa":"Miejsce ochronne","rodzajZrodla":"Obiekt ochrony ludności","adres":"ul. Gromadzka 63, Kraków","dostepnosc":"Na żądanie"}},{"type":"Feature","id":"OZO-41F01D66A4F0","geometry":{"type":"Point","coordinates":[19.9505619331964,50.0507227704165]},"properties":{"nazwa":"Miejsce ochronne","rodzajZrodla":"Obiekt ochrony ludności","adres":"ul. św.Wawrzyńca 30, Kraków","dostepnosc":"Całodobowa"}},{"type":"Feature","id":"OZO-55928FF193F9","geometry":{"type":"Point","coordinates":[19.9005579448466,50.021799353547]},"properties":{"nazwa":"Miejsce ochronne","rodzajZrodla":"Obiekt ochrony ludności","adres":"ul. Profesora Michała Bobrzyńskiego 19, Kraków","dostepnosc":"Na żądanie"}},{"type":"Feature","id":"OZO-98EED56EEE7F","geometry":{"type":"Point","coordinates":[19.9274214327456,50.0526464282]},"properties":{"nazwa":"Miejsce ochronne","rodzajZrodla":"Obiekt ochrony ludności","adres":"ul. Madalińskiego 11A, Kraków","dostepnosc":"Na żądanie"}},{"type":"Feature","id":"OZO-F22B899DC571","geometry":{"type":"Point","coordinates":[19.9862426053669,50.0678651873338]},"properties":{"nazwa":"Miejsce ochronne","rodzajZrodla":"Obiekt ochrony ludności","adres":"ul. Dąbska 22B, Kraków","dostepnosc":"Na żądanie"}},{"type":"Feature","id":"OZO-AD93FD5B84B5","geometry":{"type":"Point","coordinates":[19.8987054709235,50.0000754659507]},"properties":{"nazwa":"Miejsce ochronne","rodzajZrodla":"Obiekt ochrony ludności","adres":"ul. Soroki 11, Kraków","dostepnosc":"Na żądanie"}},{"type":"Feature","id":"OZO-A1D56AF6CE80","geometry":{"type":"Point","coordinates":[20.0130515303989,50.0673946348388]},"properties":{"nazwa":"Miejsce ochronne","rodzajZrodla":"Obiekt ochrony ludności","adres":"ul. Centralna 43b, Kraków","dostepnosc":"Na żądanie"}},{"type":"Feature","id":"OZO-5A0EDE2E3532","geometry":{"type":"Point","coordinates":[19.898004982314,49.9997622744817]},"properties":{"nazwa":"Miejsce ochronne","rodzajZrodla":"Obiekt ochrony ludności","adres":"ul. Soroki 8, Kraków","dostepnosc":"Na żądanie"}},{"type":"Feature","id":"OZO-9C0B7C56711F","geometry":{"type":"Point","coordinates":[19.9522616993414,50.0507231056926]},"properties":{"nazwa":"Miejsce ochronne","rodzajZrodla":"Obiekt ochrony ludności","adres":"ul. św.Wawrzyńca 38a, Kraków","dostepnosc":"Całodobowa"}},{"type":"Feature","id":"OZO-84CFF6EBC65A","geometry":{"type":"Point","coordinates":[19.9266748999997,50.0192654999992]},"properties":{"nazwa":"Miejsce ochronne","rodzajZrodla":"Obiekt ochrony ludności","adres":"ul. Józefa Montwiłła-Mireckiego 10, Kraków","dostepnosc":"Na żądanie"}},{"type":"Feature","id":"OZO-AA66738FAB38","geometry":{"type":"Point","coordinates":[19.9350108999997,50.0608366999992]},"properties":{"nazwa":"Miejsce ochronne","rodzajZrodla":"Obiekt ochrony ludności","adres":"ul. Wiślna 4, Kraków","dostepnosc":"Całodobowa"}},{"type":"Feature","id":"OZO-14A3ECBA3565","geometry":{"type":"Point","coordinates":[20.0475594122184,50.0746059976865]},"properties":{"nazwa":"Miejsce ochronne","rodzajZrodla":"Obiekt ochrony ludności","adres":"Osiedle Stalowe 4, Kraków","dostepnosc":"Na żądanie"}},{"type":"Feature","id":"OZO-4E52AFE97AD5","geometry":{"type":"Point","coordinates":[20.0036987109541,50.08280533794]},"properties":{"nazwa":"Miejsce ochronne","rodzajZrodla":"Obiekt ochrony ludności","adres":"Osiedle Dywizjonu 303 3, Kraków","dostepnosc":"Na żądanie"}},{"type":"Feature","id":"OZO-3AA5BBD9DA42","geometry":{"type":"Point","coordinates":[19.93943721055985,50.08812894038218]},"properties":{"nazwa":"Miejsce ochronne","rodzajZrodla":"Obiekt ochrony ludności","adres":"ul. ks. Kazimierza Siemaszki 54a, Kraków","dostepnosc":"Na żądanie"}},{"type":"Feature","id":"OZO-5616EF388F83","geometry":{"type":"Point","coordinates":[19.9007953753874,49.9986644000499]},"properties":{"nazwa":"Miejsce ochronne","rodzajZrodla":"Obiekt ochrony ludności","adres":"ul. Mieczykowa 14, Kraków","dostepnosc":"Na żądanie"}},{"type":"Feature","id":"OZO-5E1AEC07EDB9","geometry":{"type":"Point","coordinates":[20.012106284848333,50.0790243651404]},"properties":{"nazwa":"Miejsce ochronne","rodzajZrodla":"Obiekt ochrony ludności","adres":"Osiedle 2 Pułku Lotniczego 1d, Kraków","dostepnosc":"Na żądanie"}},{"type":"Feature","id":"OZO-CBE34C44242A","geometry":{"type":"Point","coordinates":[19.95277552,50.10221874]},"properties":{"nazwa":"Miejsce ochronne","rodzajZrodla":"Obiekt ochrony ludności","adres":"ul. Banacha Stefana 59, Kraków","dostepnosc":"Na żądanie"}},{"type":"Feature","id":"OZO-5C8D5A38FA92","geometry":{"type":"Point","coordinates":[20.0399550143816,50.0744390263884]},"properties":{"nazwa":"Miejsce ochronne","rodzajZrodla":"Obiekt ochrony ludności","adres":"Osiedle Centrum B 5, Kraków","dostepnosc":"Na żądanie"}},{"type":"Feature","id":"OZO-DB331C5D782F","geometry":{"type":"Point","coordinates":[20.0121990125683,50.0765312337078]},"properties":{"nazwa":"Miejsce ochronne","rodzajZrodla":"Obiekt ochrony ludności","adres":"Osiedle 2 Pułku Lotniczego 11a, Kraków","dostepnosc":"Na żądanie"}},{"type":"Feature","id":"OZO-84570C785ECB","geometry":{"type":"Point","coordinates":[20.0462537965166,50.0796458124075]},"properties":{"nazwa":"Miejsce ochronne","rodzajZrodla":"Obiekt ochrony ludności","adres":"Osiedle Szkolne 17, Kraków","dostepnosc":"Na żądanie"}},{"type":"Feature","id":"OZO-1D768DFD2AC6","geometry":{"type":"Point","coordinates":[20.0473388590216,50.0782559129126]},"properties":{"nazwa":"Miejsce ochronne","rodzajZrodla":"Obiekt ochrony ludności","adres":"Osiedle Szkolne 24, Kraków","dostepnosc":"Na żądanie"}},{"type":"Feature","id":"OZO-71B90530DECD","geometry":{"type":"Point","coordinates":[19.9673420877885,50.0612180518389]},"properties":{"nazwa":"Miejsce ochronne","rodzajZrodla":"Obiekt ochrony ludności","adres":"ul. płk. Francesco Nullo 10, Kraków","dostepnosc":"Na żądanie"}},{"type":"Feature","id":"OZO-D9D13BF741A9","geometry":{"type":"Point","coordinates":[20.0144308741392,50.079583326814]},"properties":{"nazwa":"Miejsce ochronne","rodzajZrodla":"Obiekt ochrony ludności","adres":"Osiedle 2 Pułku Lotniczego 1G, Kraków","dostepnosc":"Na żądanie"}},{"type":"Feature","id":"OZO-D62BB5B7FCFB","geometry":{"type":"Point","coordinates":[19.9563055485283,50.0553073780869]},"properties":{"nazwa":"Miejsce ochronne","rodzajZrodla":"Obiekt ochrony ludności","adres":"ul. Rzeźnicza 20, Kraków","dostepnosc":"Na żądanie"}},{"type":"Feature","id":"OZO-8B62666DDF14","geometry":{"type":"Point","coordinates":[20.0125876235109,50.0730315616397]},"properties":{"nazwa":"Miejsce ochronne","rodzajZrodla":"Obiekt ochrony ludności","adres":"ul. Franciszka Wężyka 6, Kraków","dostepnosc":"Na żądanie"}},{"type":"Feature","id":"OZO-B1C451C287F5","geometry":{"type":"Point","coordinates":[20.0462338980502,50.0773058506089]},"properties":{"nazwa":"Miejsce ochronne","rodzajZrodla":"Obiekt ochrony ludności","adres":"Osiedle Szkolne 10, Kraków","dostepnosc":"Na żądanie"}},{"type":"Feature","id":"OZO-6408C16259FA","geometry":{"type":"Point","coordinates":[19.8981298376185,50.0198662285042]},"properties":{"nazwa":"Miejsce ochronne","rodzajZrodla":"Obiekt ochrony ludności","adres":"ul. Chmieleniec 2, Kraków","dostepnosc":"Na żądanie"}},{"type":"Feature","id":"OZO-A608374CE3CD","geometry":{"type":"Point","coordinates":[20.0479467066692,50.0781465855118]},"properties":{"nazwa":"Miejsce ochronne","rodzajZrodla":"Obiekt ochrony ludności","adres":"Osiedle Szkolne 25, Kraków","dostepnosc":"Na żądanie"}},{"type":"Feature","id":"OZO-4FC4A08D88E5","geometry":{"type":"Point","coordinates":[19.98661444,50.07305467]},"properties":{"nazwa":"Miejsce ochronne","rodzajZrodla":"Obiekt ochrony ludności","adres":"al. Aleja Jana Pawła II 58, Kraków","dostepnosc":"Na żądanie"}},{"type":"Feature","id":"OZO-6E07A376A830","geometry":{"type":"Point","coordinates":[20.0407323366419,50.0734274396445]},"properties":{"nazwa":"Miejsce ochronne","rodzajZrodla":"Obiekt ochrony ludności","adres":"Osiedle Centrum B 9, Kraków","dostepnosc":"Na żądanie"}},{"type":"Feature","id":"OZO-BB1CD9769A3E","geometry":{"type":"Point","coordinates":[19.96278503,50.01833321]},"properties":{"nazwa":"Miejsce ochronne","rodzajZrodla":"Obiekt ochrony ludności","adres":"ul. Trybuny Ludów 27, Kraków","dostepnosc":"Na żądanie"}},{"type":"Feature","id":"OZO-FC0382C3135E","geometry":{"type":"Point","coordinates":[20.0412566401257,50.0748019246733]},"properties":{"nazwa":"Miejsce ochronne","rodzajZrodla":"Obiekt ochrony ludności","adres":"Osiedle Szklane Domy 1, Kraków","dostepnosc":"Na żądanie"}},{"type":"Feature","id":"OZO-7D5D748CDFE1","geometry":{"type":"Point","coordinates":[19.99399684,50.04089362]},"properties":{"nazwa":"Miejsce ochronne","rodzajZrodla":"Obiekt ochrony ludności","adres":"ul. Przewóz 47, Kraków","dostepnosc":"Na żądanie"}},{"type":"Feature","id":"OZO-D8707B7B8ED0","geometry":{"type":"Point","coordinates":[19.9456295708584,50.0572356801002]},"properties":{"nazwa":"Miejsce ochronne","rodzajZrodla":"Obiekt ochrony ludności","adres":"ul. Józefa Dietla 80/82, Kraków","dostepnosc":"Na żądanie"}},{"type":"Feature","id":"OZO-6B24A47B5123","geometry":{"type":"Point","coordinates":[19.9439240566603,50.0567097216099]},"properties":{"nazwa":"Miejsce ochronne","rodzajZrodla":"Obiekt ochrony ludności","adres":"ul. Józefa Sarego 24, Kraków","dostepnosc":"Na żądanie"}},{"type":"Feature","id":"OZO-AEBC35303CB3","geometry":{"type":"Point","coordinates":[19.91419225931168,50.02225133006169]},"properties":{"nazwa":"Miejsce ochronne","rodzajZrodla":"Obiekt ochrony ludności","adres":"ul. Magnolii 6, Kraków","dostepnosc":"Całodobowa"}},{"type":"Feature","id":"OZO-E2B097246B6E","geometry":{"type":"Point","coordinates":[19.99620746,50.04625516]},"properties":{"nazwa":"Miejsce ochronne","rodzajZrodla":"Obiekt ochrony ludności","adres":"ul. Myśliwska 66B, Kraków","dostepnosc":"Na żądanie"}},{"type":"Feature","id":"OZO-A80A63017F31","geometry":{"type":"Point","coordinates":[20.0448013469785,50.0738815078856]},"properties":{"nazwa":"Miejsce ochronne","rodzajZrodla":"Obiekt ochrony ludności","adres":"Osiedle Hutnicze 2, Kraków","dostepnosc":"Na żądanie"}},{"type":"Feature","id":"OZO-3EA844867959","geometry":{"type":"Point","coordinates":[19.986620453853,50.0932752016558]},"properties":{"nazwa":"Miejsce ochronne","rodzajZrodla":"Obiekt ochrony ludności","adres":"ul. Marchołta 45, Kraków","dostepnosc":"Na żądanie"}},{"type":"Feature","id":"OZO-00CBE78E5F8E","geometry":{"type":"Point","coordinates":[19.9441225419459,50.0563850349266]},"properties":{"nazwa":"Miejsce ochronne","rodzajZrodla":"Obiekt ochrony ludności","adres":"ul. Józefa Sarego 26, Kraków","dostepnosc":"Na żądanie"}},{"type":"Feature","id":"OZO-CCCA792DDB48","geometry":{"type":"Point","coordinates":[19.9370808999997,50.0856942999992]},"properties":{"nazwa":"Miejsce ochronne","rodzajZrodla":"Obiekt ochrony ludności","adres":"ul. Bratysławska 5, Kraków","dostepnosc":"Na żądanie"}},{"type":"Feature","id":"OZO-CBEE04D454F1","geometry":{"type":"Point","coordinates":[19.9606975405982,50.0117557998464]},"properties":{"nazwa":"Miejsce ochronne","rodzajZrodla":"Obiekt ochrony ludności","adres":"ul. Wincentego Witosa 9, Kraków","dostepnosc":"Na żądanie"}},{"type":"Feature","id":"OZO-170254C2C09B","geometry":{"type":"Point","coordinates":[19.9133938084885,50.0868833484532]},"properties":{"nazwa":"Miejsce ochronne","rodzajZrodla":"Obiekt ochrony ludności","adres":"ul. Józefa Chełmońskiego 24, Kraków","dostepnosc":"Na żądanie"}},{"type":"Feature","id":"OZO-5C1428C7D71C","geometry":{"type":"Point","coordinates":[19.96372371,50.04708157]},"properties":{"nazwa":"Miejsce ochronne","rodzajZrodla":"Obiekt ochrony ludności","adres":"ul. Romanowicza Tadeusza 6, Kraków","dostepnosc":"Na żądanie"}},{"type":"Feature","id":"OZO-CDDB8DE5D757","geometry":{"type":"Point","coordinates":[19.9449154999997,50.0507570999992]},"properties":{"nazwa":"Miejsce ochronne","rodzajZrodla":"Obiekt ochrony ludności","adres":"ul. Józefa 20, Kraków","dostepnosc":"Na żądanie"}},{"type":"Feature","id":"OZO-5AEEA9A1EE31","geometry":{"type":"Point","coordinates":[20.011105672269,50.0805593306181]},"properties":{"nazwa":"Miejsce ochronne","rodzajZrodla":"Obiekt ochrony ludności","adres":"Osiedle Dywizjonu 303 62F, Kraków","dostepnosc":"Na żądanie"}},{"type":"Feature","id":"OZO-DF74FABD47A2","geometry":{"type":"Point","coordinates":[19.9379987049263,50.0721820060514]},"properties":{"nazwa":"Miejsce ochronne","rodzajZrodla":"Obiekt ochrony ludności","adres":"ul. Helclów 19, Kraków","dostepnosc":"Na żądanie"}},{"type":"Feature","id":"OZO-EDD155260E27","geometry":{"type":"Point","coordinates":[20.0484220677881,50.0264310053996]},"properties":{"nazwa":"Miejsce ochronne","rodzajZrodla":"Obiekt ochrony ludności","adres":"ul. Mariana Domagały 29E, Kraków","dostepnosc":"Na żądanie"}},{"type":"Feature","id":"OZO-A498A8569950","geometry":{"type":"Point","coordinates":[19.8859331431685,50.0965682622426]},"properties":{"nazwa":"Miejsce ochronne","rodzajZrodla":"Obiekt ochrony ludności","adres":"ul. Stawowa 172, Kraków","dostepnosc":"Na żądanie"}},{"type":"Feature","id":"OZO-862241B9ED1F","geometry":{"type":"Point","coordinates":[20.01055405,50.06136255]},"properties":{"nazwa":"Miejsce ochronne","rodzajZrodla":"Obiekt ochrony ludności","adres":"ul. Ciesielskiego Romana 4B, Kraków","dostepnosc":"Na żądanie"}},{"type":"Feature","id":"OZO-B196BA4E236E","geometry":{"type":"Point","coordinates":[20.0080806389451,50.0661782221869]},"properties":{"nazwa":"Miejsce ochronne","rodzajZrodla":"Obiekt ochrony ludności","adres":"Aleja Pokoju 81C, Kraków","dostepnosc":"Na żądanie"}},{"type":"Feature","id":"OZO-E3C5A8168252","geometry":{"type":"Point","coordinates":[19.9568001646347,50.0990498485505]},"properties":{"nazwa":"Miejsce ochronne","rodzajZrodla":"Obiekt ochrony ludności","adres":"ul. Macieja Słomczyńskiego 10, Kraków","dostepnosc":"Na żądanie"}},{"type":"Feature","id":"OZO-F86310427146","geometry":{"type":"Point","coordinates":[19.89096418,50.01282065]},"properties":{"nazwa":"Miejsce ochronne","rodzajZrodla":"Obiekt ochrony ludności","adres":"ul. Piltza dr. Jana 40, Kraków","dostepnosc":"Na żądanie"}},{"type":"Feature","id":"OZO-8E90848E4BD4","geometry":{"type":"Point","coordinates":[19.8872442881438,50.0963563794221]},"properties":{"nazwa":"Miejsce ochronne","rodzajZrodla":"Obiekt ochrony ludności","adres":"ul. Stawowa 170A, Kraków","dostepnosc":"Na żądanie"}},{"type":"Feature","id":"OZO-D037977BB97C","geometry":{"type":"Point","coordinates":[20.0462211575574,50.0742508145395]},"properties":{"nazwa":"Miejsce ochronne","rodzajZrodla":"Obiekt ochrony ludności","adres":"Osiedle Hutnicze 3, Kraków","dostepnosc":"Na żądanie"}},{"type":"Feature","id":"OZO-90D2CB9EA6D9","geometry":{"type":"Point","coordinates":[19.93493649,50.03705877]},"properties":{"nazwa":"Miejsce ochronne","rodzajZrodla":"Obiekt ochrony ludności","adres":"ul. Rydlówka 21E, Kraków","dostepnosc":"Na żądanie"}},{"type":"Feature","id":"OZO-50DA09DE4E0C","geometry":{"type":"Point","coordinates":[20.0394357536204,50.0768563734159]},"properties":{"nazwa":"Miejsce ochronne","rodzajZrodla":"Obiekt ochrony ludności","adres":"Osiedle Słoneczne 1, Kraków","dostepnosc":"Na żądanie"}},{"type":"Feature","id":"OZO-185A65F92DC7","geometry":{"type":"Point","coordinates":[19.9667427168831,50.0374138620235]},"properties":{"nazwa":"Miejsce ochronne","rodzajZrodla":"Obiekt ochrony ludności","adres":"ul. Wielicka 42A, Kraków","dostepnosc":"Na żądanie"}},{"type":"Feature","id":"OZO-84138F9B822C","geometry":{"type":"Point","coordinates":[20.0144519538121,50.0800608209044]},"properties":{"nazwa":"Miejsce ochronne","rodzajZrodla":"Obiekt ochrony ludności","adres":"Osiedle Dywizjonu 303 62, Kraków","dostepnosc":"Całodobowa"}},{"type":"Feature","id":"OZO-D72FAD7D9C9E","geometry":{"type":"Point","coordinates":[20.0096574425697,50.0662544975057]},"properties":{"nazwa":"Miejsce ochronne","rodzajZrodla":"Obiekt ochrony ludności","adres":"Aleja Pokoju 83D, Kraków","dostepnosc":"Na żądanie"}},{"type":"Feature","id":"OZO-7AAA1D87B0B6","geometry":{"type":"Point","coordinates":[19.9660518579027,50.0595166860425]},"properties":{"nazwa":"Miejsce ochronne","rodzajZrodla":"Obiekt ochrony ludności","adres":"Aleja Pokoju 15, Kraków","dostepnosc":"Na żądanie"}},{"type":"Feature","id":"OZO-0D463D7351FE","geometry":{"type":"Point","coordinates":[19.93804105,50.0306228]},"properties":{"nazwa":"Miejsce ochronne","rodzajZrodla":"Obiekt ochrony ludności","adres":"ul. Wadowicka 12, Kraków","dostepnosc":"Na żądanie"}},{"type":"Feature","id":"OZO-BCD40C2044D4","geometry":{"type":"Point","coordinates":[20.0432444922828,50.078125810287]},"properties":{"nazwa":"Miejsce ochronne","rodzajZrodla":"Obiekt ochrony ludności","adres":"Osiedle Słoneczne 11, Kraków","dostepnosc":"Na żądanie"}},{"type":"Feature","id":"OZO-A36146F20A9E","geometry":{"type":"Point","coordinates":[20.0273091532417,50.0171472132286]},"properties":{"nazwa":"Miejsce ochronne","rodzajZrodla":"Obiekt ochrony ludności","adres":"ul. Mała Góra 4A, Kraków","dostepnosc":"Na żądanie"}},{"type":"Feature","id":"OZO-A80B9CF0932B","geometry":{"type":"Point","coordinates":[20.04616253,50.06577573]},"properties":{"nazwa":"Miejsce ochronne","rodzajZrodla":"Obiekt ochrony ludności","adres":"os. Osiedle Na Skarpie 66, Kraków","dostepnosc":"Całodobowa"}},{"type":"Feature","id":"OZO-6BBB81E8E595","geometry":{"type":"Point","coordinates":[20.0499631744111,50.0747222546836]},"properties":{"nazwa":"Miejsce ochronne","rodzajZrodla":"Obiekt ochrony ludności","adres":"Osiedle Stalowe 9, Kraków","dostepnosc":"Na żądanie"}},{"type":"Feature","id":"OZO-B26B9B889837","geometry":{"type":"Point","coordinates":[19.9299710336747,50.0662620645325]},"properties":{"nazwa":"Miejsce ochronne","rodzajZrodla":"Obiekt ochrony ludności","adres":"ul. Karmelicka 27, Kraków","dostepnosc":"Na żądanie"}},{"type":"Feature","id":"OZO-20DB5BE20E48","geometry":{"type":"Point","coordinates":[19.9426141287865,50.0335559309839]},"properties":{"nazwa":"Miejsce ochronne","rodzajZrodla":"Obiekt ochrony ludności","adres":"ul. Łagiewnicka 33a, Kraków","dostepnosc":"Na żądanie"}},{"type":"Feature","id":"OZO-AB28791024D0","geometry":{"type":"Point","coordinates":[20.01824398,50.06774221]},"properties":{"nazwa":"Miejsce ochronne","rodzajZrodla":"Obiekt ochrony ludności","adres":"ul. Woźniców 19, Kraków","dostepnosc":"Na żądanie"}},{"type":"Feature","id":"OZO-BB0CB1704CE0","geometry":{"type":"Point","coordinates":[19.9511689662701,50.0070324966612]},"properties":{"nazwa":"Miejsce ochronne","rodzajZrodla":"Obiekt ochrony ludności","adres":"ul. Stanisława Stojałowskiego 17, Kraków","dostepnosc":"Na żądanie"}},{"type":"Feature","id":"OZO-5608A32D02BC","geometry":{"type":"Point","coordinates":[19.96492650218,50.0512394781244]},"properties":{"nazwa":"Miejsce ochronne","rodzajZrodla":"Obiekt ochrony ludności","adres":"ul. Gustawa Herlinga-Grudzińskiego 1C, Kraków","dostepnosc":"Określone godziny"}},{"type":"Feature","id":"OZO-1E4F52EA5449","geometry":{"type":"Point","coordinates":[19.8555513999997,50.0833956999992]},"properties":{"nazwa":"Miejsce ochronne","rodzajZrodla":"Obiekt ochrony ludności","adres":"ul. Emila Godlewskiego 14, Kraków","dostepnosc":"Całodobowa"}},{"type":"Feature","id":"OZO-3C468563F843","geometry":{"type":"Point","coordinates":[20.0268168840682,50.0129568902836]},"properties":{"nazwa":"Miejsce ochronne","rodzajZrodla":"Obiekt ochrony ludności","adres":"ul. Mała Góra 14C, Kraków","dostepnosc":"Na żądanie"}},{"type":"Feature","id":"OZO-E6A8BAF48D1D","geometry":{"type":"Point","coordinates":[20.0277987402062,50.0171657791441]},"properties":{"nazwa":"Miejsce ochronne","rodzajZrodla":"Obiekt ochrony ludności","adres":"ul. Mała Góra 4, Kraków","dostepnosc":"Na żądanie"}},{"type":"Feature","id":"OZO-41047169706C","geometry":{"type":"Point","coordinates":[19.9244217946774,50.0627756538162]},"properties":{"nazwa":"Miejsce ochronne","rodzajZrodla":"Obiekt ochrony ludności","adres":"ul. AlejaAdama Mickiewicza 9, Kraków","dostepnosc":"Na żądanie"}},{"type":"Feature","id":"OZO-9C5CE7C83BE5","geometry":{"type":"Point","coordinates":[19.9620613999997,50.0490690999991]},"properties":{"nazwa":"Miejsce ochronne","rodzajZrodla":"Obiekt ochrony ludności","adres":"ul. Ślusarska 5, Kraków","dostepnosc":"Całodobowa"}},{"type":"Feature","id":"OZO-88A4572DAF50","geometry":{"type":"Point","coordinates":[19.90471167,50.00463835]},"properties":{"nazwa":"Miejsce ochronne","rodzajZrodla":"Obiekt ochrony ludności","adres":"ul. Borkowska 15a, Kraków","dostepnosc":"Na żądanie"}},{"type":"Feature","id":"OZO-D16A0407D2B7","geometry":{"type":"Point","coordinates":[19.967461947568,50.0368040366674]},"properties":{"nazwa":"Miejsce ochronne","rodzajZrodla":"Obiekt ochrony ludności","adres":"ul. Wielicka 44, Kraków","dostepnosc":"Na żądanie"}},{"type":"Feature","id":"OZO-1300DD5EB06A","geometry":{"type":"Point","coordinates":[20.050104204031,50.0684972658021]},"properties":{"nazwa":"Miejsce ochronne","rodzajZrodla":"Obiekt ochrony ludności","adres":"Osiedle Młodości 1, Kraków","dostepnosc":"Na żądanie"}},{"type":"Feature","id":"OZO-A52BF1978CE9","geometry":{"type":"Point","coordinates":[19.9526751,50.0560194]},"properties":{"nazwa":"Miejsce ochronne","rodzajZrodla":"Obiekt ochrony ludności","adres":"ul. AlejaIgnacego Daszyńskiego 21a, Kraków","dostepnosc":"Na żądanie"}},{"type":"Feature","id":"OZO-340BA5F7F332","geometry":{"type":"Point","coordinates":[19.9230908322721,50.0941042742199]},"properties":{"nazwa":"Miejsce ochronne","rodzajZrodla":"Obiekt ochrony ludności","adres":"ul. Henryka Pachońskiego 7A, Kraków","dostepnosc":"Na żądanie"}},{"type":"Feature","id":"OZO-64A0A1BC86F8","geometry":{"type":"Point","coordinates":[19.94354502085045,50.08333059683893]},"properties":{"nazwa":"Miejsce ochronne","rodzajZrodla":"Obiekt ochrony ludności","adres":"ul. Żabiniec 75, Kraków","dostepnosc":"Na żądanie"}},{"type":"Feature","id":"OZO-5D6FADFE74A3","geometry":{"type":"Point","coordinates":[20.0083227083087,50.0663878535852]},"properties":{"nazwa":"Miejsce ochronne","rodzajZrodla":"Obiekt ochrony ludności","adres":"Aleja Pokoju 81D, Kraków","dostepnosc":"Na żądanie"}},{"type":"Feature","id":"OZO-0D2076FC5059","geometry":{"type":"Point","coordinates":[20.0095382519066,50.0663223071024]},"properties":{"nazwa":"Miejsce ochronne","rodzajZrodla":"Obiekt ochrony ludności","adres":"Aleja Pokoju 83D, Kraków","dostepnosc":"Na żądanie"}},{"type":"Feature","id":"OZO-09A1C7D4D71E","geometry":{"type":"Point","coordinates":[20.047378782205,50.0779815158239]},"properties":{"nazwa":"Miejsce ochronne","rodzajZrodla":"Obiekt ochrony ludności","adres":"Osiedle Szkolne 24, Kraków","dostepnosc":"Na żądanie"}},{"type":"Feature","id":"OZO-03E6A91C0DC3","geometry":{"type":"Point","coordinates":[19.89016765,50.06583403]},"properties":{"nazwa":"Miejsce ochronne","rodzajZrodla":"Obiekt ochrony ludności","adres":"ul. Borowego Piotra 37B, Kraków","dostepnosc":"Na żądanie"}},{"type":"Feature","id":"OZO-A98B2EDC6563","geometry":{"type":"Point","coordinates":[19.953947968442606,50.09362544219526]},"properties":{"nazwa":"Miejsce ochronne","rodzajZrodla":"Obiekt ochrony ludności","adres":"os. Osiedle Wolfganga Amadeusa Mozarta 18, Kraków","dostepnosc":"Na żądanie"}},{"type":"Feature","id":"OZO-65CCCFC0E048","geometry":{"type":"Point","coordinates":[19.9661568831495,50.0674717827083]},"properties":{"nazwa":"Miejsce ochronne","rodzajZrodla":"Obiekt ochrony ludności","adres":"ul. Bohdana Zaleskiego 31, Kraków","dostepnosc":"Na żądanie"}},{"type":"Feature","id":"OZO-1631ED8C6F27","geometry":{"type":"Point","coordinates":[19.88903691,50.06520842]},"properties":{"nazwa":"Miejsce ochronne","rodzajZrodla":"Obiekt ochrony ludności","adres":"ul. Borowego Piotra 35, Kraków","dostepnosc":"Na żądanie"}},{"type":"Feature","id":"OZO-3D61970D0B88","geometry":{"type":"Point","coordinates":[19.9231932624138,50.0449862094287]},"properties":{"nazwa":"Miejsce ochronne","rodzajZrodla":"Obiekt ochrony ludności","adres":"ul. Kapelanka 1, Kraków","dostepnosc":"Określone godziny"}},{"type":"Feature","id":"OZO-97C9072EB967","geometry":{"type":"Point","coordinates":[19.922499082876,50.0676722230402]},"properties":{"nazwa":"Miejsce ochronne","rodzajZrodla":"Obiekt ochrony ludności","adres":"ul. Symfoniczna 3, Kraków","dostepnosc":"Całodobowa"}},{"type":"Feature","id":"OZO-5205AD0BB491","geometry":{"type":"Point","coordinates":[19.889259785413746,50.094330764592485]},"properties":{"nazwa":"Miejsce ochronne","rodzajZrodla":"Obiekt ochrony ludności","adres":"ul. Sosnowiecka 41, Kraków","dostepnosc":"Na żądanie"}},{"type":"Feature","id":"OZO-529D7A0A7A34","geometry":{"type":"Point","coordinates":[19.97780673,50.06896998]},"properties":{"nazwa":"Miejsce ochronne","rodzajZrodla":"Obiekt ochrony ludności","adres":"ul. Łaszkiewicza płk. pil. Stefana 8A, Kraków","dostepnosc":"Na żądanie"}},{"type":"Feature","id":"OZO-267A89E05168","geometry":{"type":"Point","coordinates":[20.0254654698192,50.0126929022431]},"properties":{"nazwa":"Miejsce ochronne","rodzajZrodla":"Obiekt ochrony ludności","adres":"ul. Mała Góra 14e, Kraków","dostepnosc":"Na żądanie"}},{"type":"Feature","id":"OZO-DF658B7B9A02","geometry":{"type":"Point","coordinates":[19.89633617,50.06949234]},"properties":{"nazwa":"Miejsce ochronne","rodzajZrodla":"Obiekt ochrony ludności","adres":"ul. Stanisława Przybyszewskiego 64B, Kraków","dostepnosc":"Całodobowa"}},{"type":"Feature","id":"OZO-B143881B2E5E","geometry":{"type":"Point","coordinates":[19.895666241645817,50.01780502931809]},"properties":{"nazwa":"Miejsce ochronne","rodzajZrodla":"Obiekt ochrony ludności","adres":"ul. prof. Władysława Konopczyńskiego 14, Kraków","dostepnosc":"Całodobowa"}},{"type":"Feature","id":"OZO-DFF7AB8BCF73","geometry":{"type":"Point","coordinates":[20.0373155734126,50.0734302421645]},"properties":{"nazwa":"Miejsce ochronne","rodzajZrodla":"Obiekt ochrony ludności","adres":"Osiedle Centrum C 10a, Kraków","dostepnosc":"Na żądanie"}},{"type":"Feature","id":"OZO-F905FA7D0D40","geometry":{"type":"Point","coordinates":[20.0350598498662,50.0743205955413]},"properties":{"nazwa":"Miejsce ochronne","rodzajZrodla":"Obiekt ochrony ludności","adres":"Osiedle Centrum C 8, Kraków","dostepnosc":"Na żądanie"}},{"type":"Feature","id":"OZO-2C7A53E81DFB","geometry":{"type":"Point","coordinates":[19.9319672999997,50.0873988999991]},"properties":{"nazwa":"Miejsce ochronne","rodzajZrodla":"Obiekt ochrony ludności","adres":"ul. Kluczborska 17, Kraków","dostepnosc":"Na żądanie"}},{"type":"Feature","id":"OZO-E34F6F42F2C5","geometry":{"type":"Point","coordinates":[19.9010218923426,49.9978887643716]},"properties":{"nazwa":"Miejsce ochronne","rodzajZrodla":"Obiekt ochrony ludności","adres":"ul. Mieczykowa 28, Kraków","dostepnosc":"Całodobowa"}},{"type":"Feature","id":"OZO-89BB0257FE93","geometry":{"type":"Point","coordinates":[19.9323610004403,50.071027922703]},"properties":{"nazwa":"Miejsce ochronne","rodzajZrodla":"Obiekt ochrony ludności","adres":"ul. św.Teresy 7, Kraków","dostepnosc":"Na żądanie"}},{"type":"Feature","id":"OZO-EE993F502537","geometry":{"type":"Point","coordinates":[20.038623213786,50.0718940748237]},"properties":{"nazwa":"Miejsce ochronne","rodzajZrodla":"Obiekt ochrony ludności","adres":"Osiedle Centrum A 1, Kraków","dostepnosc":"Na żądanie"}},{"type":"Feature","id":"OZO-60F02876004B","geometry":{"type":"Point","coordinates":[19.93209386,50.03565603]},"properties":{"nazwa":"Miejsce ochronne","rodzajZrodla":"Obiekt ochrony ludności","adres":"ul. Rydlówka 40A, Kraków","dostepnosc":"Na żądanie"}},{"type":"Feature","id":"OZO-4284E83AD8D9","geometry":{"type":"Point","coordinates":[19.9276733333333,50.0705966666667]},"properties":{"nazwa":"Miejsce ochronne","rodzajZrodla":"Obiekt ochrony ludności","adres":"ul. AlejaJuliusza Słowackiego 16, Kraków","dostepnosc":"Na żądanie"}},{"type":"Feature","id":"OZO-F3FAB39A8AE8","geometry":{"type":"Point","coordinates":[19.8969268799804,50.0173754166096]},"properties":{"nazwa":"Miejsce ochronne","rodzajZrodla":"Obiekt ochrony ludności","adres":"ul. Chmieleniec 16, Kraków","dostepnosc":"Na żądanie"}},{"type":"Feature","id":"OZO-2C2683D14878","geometry":{"type":"Point","coordinates":[19.9539077999997,50.0655020999992]},"properties":{"nazwa":"Miejsce ochronne","rodzajZrodla":"Obiekt ochrony ludności","adres":"ul. Lubicz 40, Kraków","dostepnosc":"Na żądanie"}},{"type":"Feature","id":"OZO-3EC687470168","geometry":{"type":"Point","coordinates":[20.04616253,50.06577573]},"properties":{"nazwa":"Miejsce ochronne","rodzajZrodla":"Obiekt ochrony ludności","adres":"os. Osiedle Na Skarpie 66, Kraków","dostepnosc":"Całodobowa"}},{"type":"Feature","id":"OZO-E57F90C4B561","geometry":{"type":"Point","coordinates":[19.96879848,50.05791481]},"properties":{"nazwa":"Miejsce ochronne","rodzajZrodla":"Obiekt ochrony ludności","adres":"ul. Grzegórzecka 79, Kraków","dostepnosc":"Na żądanie"}},{"type":"Feature","id":"OZO-25236CDF0F00","geometry":{"type":"Point","coordinates":[19.97195662,50.06059547]},"properties":{"nazwa":"Miejsce ochronne","rodzajZrodla":"Obiekt ochrony ludności","adres":"ul. Fabryczna 1A, Kraków","dostepnosc":"Na żądanie"}},{"type":"Feature","id":"OZO-034B08EBCB96","geometry":{"type":"Point","coordinates":[19.9865575902386,50.0942372263193]},"properties":{"nazwa":"Miejsce ochronne","rodzajZrodla":"Obiekt ochrony ludności","adres":"ul. Marchołta 53A, Kraków","dostepnosc":"Na żądanie"}},{"type":"Feature","id":"OZO-E76A4DD24C43","geometry":{"type":"Point","coordinates":[20.0458128750538,50.077189928888]},"properties":{"nazwa":"Miejsce ochronne","rodzajZrodla":"Obiekt ochrony ludności","adres":"Osiedle Szkolne 11, Kraków","dostepnosc":"Na żądanie"}},{"type":"Feature","id":"OZO-245D2DE615D8","geometry":{"type":"Point","coordinates":[20.0351014365132,50.0746918856434]},"properties":{"nazwa":"Miejsce ochronne","rodzajZrodla":"Obiekt ochrony ludności","adres":"Osiedle Centrum C 7, Kraków","dostepnosc":"Na żądanie"}},{"type":"Feature","id":"OZO-3EE71D5D1492","geometry":{"type":"Point","coordinates":[19.92416471242905,50.094203432210506]},"properties":{"nazwa":"Miejsce ochronne","rodzajZrodla":"Obiekt ochrony ludności","adres":"ul. Henryka Pachońskiego 9, Kraków","dostepnosc":"Na żądanie"}},{"type":"Feature","id":"OZO-D6E5D0D93689","geometry":{"type":"Point","coordinates":[19.9648540153155,50.0669187498412]},"properties":{"nazwa":"Miejsce ochronne","rodzajZrodla":"Obiekt ochrony ludności","adres":"ul. Mogilska 54, Kraków","dostepnosc":"Na żądanie"}},{"type":"Feature","id":"OZO-9A0DA9D0CCC6","geometry":{"type":"Point","coordinates":[19.9681265151371,50.0663539714908]},"properties":{"nazwa":"Miejsce ochronne","rodzajZrodla":"Obiekt ochrony ludności","adres":"ul. Mogilska 51, Kraków","dostepnosc":"Na żądanie"}},{"type":"Feature","id":"OZO-FAB8B81659E4","geometry":{"type":"Point","coordinates":[19.95809343013996,50.09273242954485]},"properties":{"nazwa":"Miejsce ochronne","rodzajZrodla":"Obiekt ochrony ludności","adres":"ul. Bociana 4A, Kraków","dostepnosc":"Na żądanie"}},{"type":"Feature","id":"OZO-D88E1565654A","geometry":{"type":"Point","coordinates":[19.8891344852229,50.0635067653206]},"properties":{"nazwa":"Miejsce ochronne","rodzajZrodla":"Obiekt ochrony ludności","adres":"ul. Piotra Borowego 12A, Kraków","dostepnosc":"Całodobowa"}},{"type":"Feature","id":"OZO-E9F85A876854","geometry":{"type":"Point","coordinates":[20.0406409651645,50.071608983661]},"properties":{"nazwa":"Miejsce ochronne","rodzajZrodla":"Obiekt ochrony ludności","adres":"Osiedle Centrum A 12, Kraków","dostepnosc":"Na żądanie"}},{"type":"Feature","id":"OZO-6B194DFECAC3","geometry":{"type":"Point","coordinates":[19.94348207,50.02195047]},"properties":{"nazwa":"Miejsce ochronne","rodzajZrodla":"Obiekt ochrony ludności","adres":"ul. gen. Bolesława Roi 4, Kraków","dostepnosc":"Całodobowa"}},{"type":"Feature","id":"OZO-2F550A4017C9","geometry":{"type":"Point","coordinates":[20.0470802188139,50.0762927718816]},"properties":{"nazwa":"Miejsce ochronne","rodzajZrodla":"Obiekt ochrony ludności","adres":"Osiedle Szkolne 3, Kraków","dostepnosc":"Na żądanie"}},{"type":"Feature","id":"OZO-1892CB3C37B7","geometry":{"type":"Point","coordinates":[20.01892849802971,50.08588479736722]},"properties":{"nazwa":"Miejsce ochronne","rodzajZrodla":"Obiekt ochrony ludności","adres":"ul. Broniewskiego Władysława 1, Kraków","dostepnosc":"Określone godziny"}},{"type":"Feature","id":"OZO-ADFEFF2DD416","geometry":{"type":"Point","coordinates":[20.0371001554235,50.0748150490666]},"properties":{"nazwa":"Miejsce ochronne","rodzajZrodla":"Obiekt ochrony ludności","adres":"Osiedle Centrum C 4, Kraków","dostepnosc":"Na żądanie"}},{"type":"Feature","id":"OZO-A6DF5B1C023E","geometry":{"type":"Point","coordinates":[20.0415401160911,50.0715144165193]},"properties":{"nazwa":"Miejsce ochronne","rodzajZrodla":"Obiekt ochrony ludności","adres":"Osiedle Centrum A 8, Kraków","dostepnosc":"Na żądanie"}},{"type":"Feature","id":"OZO-E992C3E9FF71","geometry":{"type":"Point","coordinates":[19.9352558421466,50.0368240572156]},"properties":{"nazwa":"Miejsce ochronne","rodzajZrodla":"Obiekt ochrony ludności","adres":"ul. Rydlówka 21F, Kraków","dostepnosc":"Na żądanie"}},{"type":"Feature","id":"OZO-9C14F793470B","geometry":{"type":"Point","coordinates":[19.92758114,50.08339468]},"properties":{"nazwa":"Miejsce ochronne","rodzajZrodla":"Obiekt ochrony ludności","adres":"ul. Wybickiego Józefa 5A, Kraków","dostepnosc":"Na żądanie"}},{"type":"Feature","id":"OZO-E176BC4223D6","geometry":{"type":"Point","coordinates":[19.95353962,50.10016794]},"properties":{"nazwa":"Miejsce ochronne","rodzajZrodla":"Obiekt ochrony ludności","adres":"ul. Zauchy Andrzeja 11, Kraków","dostepnosc":"Na żądanie"}},{"type":"Feature","id":"OZO-960E944A9956","geometry":{"type":"Point","coordinates":[20.00841944,50.07213052]},"properties":{"nazwa":"Miejsce ochronne","rodzajZrodla":"Obiekt ochrony ludności","adres":"ul. Poleska 5A, Kraków","dostepnosc":"Na żądanie"}},{"type":"Feature","id":"OZO-44DD5AB95C56","geometry":{"type":"Point","coordinates":[20.041704144071,50.0771803081661]},"properties":{"nazwa":"Miejsce ochronne","rodzajZrodla":"Obiekt ochrony ludności","adres":"Osiedle Słoneczne 4, Kraków","dostepnosc":"Na żądanie"}},{"type":"Feature","id":"OZO-BF50E99BCE4C","geometry":{"type":"Point","coordinates":[19.9585037026361,50.1018049801242]},"properties":{"nazwa":"Miejsce ochronne","rodzajZrodla":"Obiekt ochrony ludności","adres":"ul. Stefana Banacha 33, Kraków","dostepnosc":"Na żądanie"}},{"type":"Feature","id":"OZO-75ECE90C6B57","geometry":{"type":"Point","coordinates":[19.9353116043656,50.0723715981047]},"properties":{"nazwa":"Miejsce ochronne","rodzajZrodla":"Obiekt ochrony ludności","adres":"ul. Długa 78, Kraków","dostepnosc":"Na żądanie"}},{"type":"Feature","id":"OZO-675194877941","geometry":{"type":"Point","coordinates":[20.04477815,50.0229659]},"properties":{"nazwa":"Miejsce ochronne","rodzajZrodla":"Obiekt ochrony ludności","adres":"ul. Agatowa 41, Kraków","dostepnosc":"Na żądanie"}},{"type":"Feature","id":"OZO-C14F54D11269","geometry":{"type":"Point","coordinates":[20.0468173597021,50.0241554528072]},"properties":{"nazwa":"Miejsce ochronne","rodzajZrodla":"Obiekt ochrony ludności","adres":"ul. Mariana Domagały 41D, Kraków","dostepnosc":"Na żądanie"}},{"type":"Feature","id":"OZO-B1652EB7A3C8","geometry":{"type":"Point","coordinates":[19.9578779999997,50.0990640999992]},"properties":{"nazwa":"Miejsce ochronne","rodzajZrodla":"Obiekt ochrony ludności","adres":"ul. Macieja Słomczyńskiego 4, Kraków","dostepnosc":"Na żądanie"}},{"type":"Feature","id":"OZO-1B51E6ACD058","geometry":{"type":"Point","coordinates":[19.92844222,50.08323412]},"properties":{"nazwa":"Miejsce ochronne","rodzajZrodla":"Obiekt ochrony ludności","adres":"ul. Wybickiego Józefa 5, Kraków","dostepnosc":"Na żądanie"}},{"type":"Feature","id":"OZO-26A4A078B840","geometry":{"type":"Point","coordinates":[19.9351463854074,50.0364320482862]},"properties":{"nazwa":"Miejsce ochronne","rodzajZrodla":"Obiekt ochrony ludności","adres":"ul. Rydlówka 21A, Kraków","dostepnosc":"Na żądanie"}},{"type":"Feature","id":"OZO-FC47F5A33147","geometry":{"type":"Point","coordinates":[19.9485674628421,50.0906323322579]},"properties":{"nazwa":"Miejsce ochronne","rodzajZrodla":"Obiekt ochrony ludności","adres":"ul. Turystyczna 15, Kraków","dostepnosc":"Na żądanie"}},{"type":"Feature","id":"OZO-1A00300CE9FA","geometry":{"type":"Point","coordinates":[19.9646532535388,50.0668215146599]},"properties":{"nazwa":"Miejsce ochronne","rodzajZrodla":"Obiekt ochrony ludności","adres":"ul. Mogilska 52, Kraków","dostepnosc":"Na żądanie"}},{"type":"Feature","id":"OZO-BD8760483EF8","geometry":{"type":"Point","coordinates":[19.891125261783603,50.064041940899514]},"properties":{"nazwa":"Miejsce ochronne","rodzajZrodla":"Obiekt ochrony ludności","adres":"ul. Piotra Borowego 18, Kraków","dostepnosc":"Całodobowa"}},{"type":"Feature","id":"OZO-EBEE14D9D1F4","geometry":{"type":"Point","coordinates":[19.97291169,50.04616588]},"properties":{"nazwa":"Miejsce ochronne","rodzajZrodla":"Obiekt ochrony ludności","adres":"ul. Klimeckiego Stanisława 4, Kraków","dostepnosc":"Na żądanie"}},{"type":"Feature","id":"OZO-A14314B96E2E","geometry":{"type":"Point","coordinates":[19.93439868092537,50.08385568497262]},"properties":{"nazwa":"Miejsce ochronne","rodzajZrodla":"Obiekt ochrony ludności","adres":"ul. Bratysławska 2, Kraków","dostepnosc":"Na żądanie"}},{"type":"Feature","id":"OZO-B2F06696B748","geometry":{"type":"Point","coordinates":[19.9344660562132,50.0364033239543]},"properties":{"nazwa":"Miejsce ochronne","rodzajZrodla":"Obiekt ochrony ludności","adres":"ul. Rydlówka 21B, Kraków","dostepnosc":"Na żądanie"}},{"type":"Feature","id":"OZO-482207F79FFF","geometry":{"type":"Point","coordinates":[19.8999759740662,50.0870864838767]},"properties":{"nazwa":"Miejsce ochronne","rodzajZrodla":"Obiekt ochrony ludności","adres":"ul. Eliasza Radzikowskiego 106D, Kraków","dostepnosc":"Na żądanie"}},{"type":"Feature","id":"OZO-F173BD57B7AB","geometry":{"type":"Point","coordinates":[19.9321358278078,50.0875850394776]},"properties":{"nazwa":"Miejsce ochronne","rodzajZrodla":"Obiekt ochrony ludności","adres":"ul. Kluczborska 17, Kraków","dostepnosc":"Na żądanie"}},{"type":"Feature","id":"OZO-ADBFFE2324BC","geometry":{"type":"Point","coordinates":[19.924743600591,50.0900288652834]},"properties":{"nazwa":"Miejsce ochronne","rodzajZrodla":"Obiekt ochrony ludności","adres":"ul. Krowoderskich Zuchów 28, Kraków","dostepnosc":"Na żądanie"}},{"type":"Feature","id":"OZO-C474EAE39A7A","geometry":{"type":"Point","coordinates":[19.9543298501309,50.0988984713791]},"properties":{"nazwa":"Miejsce ochronne","rodzajZrodla":"Obiekt ochrony ludności","adres":"ul. Macieja Słomczyńskiego 16, Kraków","dostepnosc":"Na żądanie"}},{"type":"Feature","id":"OZO-1C00A8A8F44F","geometry":{"type":"Point","coordinates":[19.9530121311327,50.099123902665]},"properties":{"nazwa":"Miejsce ochronne","rodzajZrodla":"Obiekt ochrony ludności","adres":"ul. Macieja Słomczyńskiego 18, Kraków","dostepnosc":"Na żądanie"}},{"type":"Feature","id":"OZO-F9C232316F36","geometry":{"type":"Point","coordinates":[19.95473413,50.05913746]},"properties":{"nazwa":"Miejsce ochronne","rodzajZrodla":"Obiekt ochrony ludności","adres":"ul. Grzegórzecka 20A, Kraków","dostepnosc":"Na żądanie"}},{"type":"Feature","id":"OZO-F357175FE3F6","geometry":{"type":"Point","coordinates":[19.91691134,50.06858308]},"properties":{"nazwa":"Miejsce ochronne","rodzajZrodla":"Obiekt ochrony ludności","adres":"ul. Spokojna 8, Kraków","dostepnosc":"Całodobowa"}},{"type":"Feature","id":"OZO-63C81466D88E","geometry":{"type":"Point","coordinates":[20.04616253,50.06577573]},"properties":{"nazwa":"Miejsce ochronne","rodzajZrodla":"Obiekt ochrony ludności","adres":"os. Osiedle Na Skarpie 66, Kraków","dostepnosc":"Całodobowa"}},{"type":"Feature","id":"OZO-51FD014BD681","geometry":{"type":"Point","coordinates":[19.914878830274,50.0723591028118]},"properties":{"nazwa":"Miejsce ochronne","rodzajZrodla":"Obiekt ochrony ludności","adres":"Aleja Kijowska 13, Kraków","dostepnosc":"Całodobowa"}},{"type":"Feature","id":"OZO-3CAAA3C900AD","geometry":{"type":"Point","coordinates":[20.046109693566,50.0211837436397]},"properties":{"nazwa":"Miejsce ochronne","rodzajZrodla":"Obiekt ochrony ludności","adres":"ul. Agatowa 25, Kraków","dostepnosc":"Na żądanie"}},{"type":"Feature","id":"OZO-F926754A7911","geometry":{"type":"Point","coordinates":[19.917135490066,50.0684683490863]},"properties":{"nazwa":"Miejsce ochronne","rodzajZrodla":"Obiekt ochrony ludności","adres":"ul. Spokojna 10, Kraków","dostepnosc":"Całodobowa"}},{"type":"Feature","id":"OZO-427D4FBB9AA5","geometry":{"type":"Point","coordinates":[19.9146171320841,50.071974273859]},"properties":{"nazwa":"Miejsce ochronne","rodzajZrodla":"Obiekt ochrony ludności","adres":"Aleja Kijowska 11, Kraków","dostepnosc":"Całodobowa"}},{"type":"Feature","id":"OZO-6DA1B7312101","geometry":{"type":"Point","coordinates":[19.8904479,50.06552075]},"properties":{"nazwa":"Miejsce ochronne","rodzajZrodla":"Obiekt ochrony ludności","adres":"55A, Kraków","dostepnosc":"Na żądanie"}},{"type":"Feature","id":"OZO-AD0FA55ADC77","geometry":{"type":"Point","coordinates":[20.0489582680394,50.0748199038556]},"properties":{"nazwa":"Miejsce ochronne","rodzajZrodla":"Obiekt ochrony ludności","adres":"Osiedle Stalowe 5, Kraków","dostepnosc":"Na żądanie"}},{"type":"Feature","id":"OZO-47546A6E1031","geometry":{"type":"Point","coordinates":[20.0134707317209,50.0829126195697]},"properties":{"nazwa":"Miejsce ochronne","rodzajZrodla":"Obiekt ochrony ludności","adres":"Osiedle Kościuszkowskie 12a, Kraków","dostepnosc":"Na żądanie"}},{"type":"Feature","id":"OZO-457CAE2BBFB3","geometry":{"type":"Point","coordinates":[19.9108499326679,50.0747059657208]},"properties":{"nazwa":"Miejsce ochronne","rodzajZrodla":"Obiekt ochrony ludności","adres":"ul. Kazimierza Wielkiego 144, Kraków","dostepnosc":"Całodobowa"}},{"type":"Feature","id":"OZO-87359BFDF73D","geometry":{"type":"Point","coordinates":[19.9098952859221,50.0728854025122]},"properties":{"nazwa":"Miejsce ochronne","rodzajZrodla":"Obiekt ochrony ludności","adres":"ul. Mariana Smoluchowskiego 6, Kraków","dostepnosc":"Całodobowa"}},{"type":"Feature","id":"OZO-67135162527F","geometry":{"type":"Point","coordinates":[19.9044830687744,50.0748506234155]},"properties":{"nazwa":"Miejsce ochronne","rodzajZrodla":"Obiekt ochrony ludności","adres":"ul. Kaspra Żelechowskiego 2, Kraków","dostepnosc":"Całodobowa"}},{"type":"Feature","id":"OZO-FF5EB3C2C7AD","geometry":{"type":"Point","coordinates":[19.9137022695099,50.0740874413719]},"properties":{"nazwa":"Miejsce ochronne","rodzajZrodla":"Obiekt ochrony ludności","adres":"ul. Kazimierza Wielkiego 114, Kraków","dostepnosc":"Całodobowa"}},{"type":"Feature","id":"OZO-2CAAF5F88060","geometry":{"type":"Point","coordinates":[19.917106404862,50.0749633601284]},"properties":{"nazwa":"Miejsce ochronne","rodzajZrodla":"Obiekt ochrony ludności","adres":"Aleja Kijowska 30, Kraków","dostepnosc":"Całodobowa"}},{"type":"Feature","id":"OZO-A9D15AB074E9","geometry":{"type":"Point","coordinates":[19.929536348176,50.0775896199409]},"properties":{"nazwa":"Miejsce ochronne","rodzajZrodla":"Obiekt ochrony ludności","adres":"ul. Władysława Łokietka 10b, Kraków","dostepnosc":"Całodobowa"}},{"type":"Feature","id":"OZO-7C6567257862","geometry":{"type":"Point","coordinates":[19.9425205029279,50.0406482257138]},"properties":{"nazwa":"Miejsce ochronne","rodzajZrodla":"Obiekt ochrony ludności","adres":"ul. Kalwaryjska 48, Kraków","dostepnosc":"Całodobowa"}},{"type":"Feature","id":"OZO-C9A15802A43D","geometry":{"type":"Point","coordinates":[19.9216309561961,50.0781333959094]},"properties":{"nazwa":"Miejsce ochronne","rodzajZrodla":"Obiekt ochrony ludności","adres":"ul. Litewska 43, Kraków","dostepnosc":"Całodobowa"}},{"type":"Feature","id":"OZO-36B596A700D7","geometry":{"type":"Point","coordinates":[19.98125095,50.07976226]},"properties":{"nazwa":"Miejsce ochronne","rodzajZrodla":"Obiekt ochrony ludności","adres":"ul. Ułanów 58, Kraków","dostepnosc":"Na żądanie"}},{"type":"Feature","id":"OZO-63EB479FE426","geometry":{"type":"Point","coordinates":[19.8985157768016,50.0755983984128]},"properties":{"nazwa":"Miejsce ochronne","rodzajZrodla":"Obiekt ochrony ludności","adres":"ul. Jerzego Samuela Bandtkiego 19, Kraków","dostepnosc":"Całodobowa"}},{"type":"Feature","id":"OZO-FA40A019B485","geometry":{"type":"Point","coordinates":[20.0491964817276,50.0736853713513]},"properties":{"nazwa":"Miejsce ochronne","rodzajZrodla":"Obiekt ochrony ludności","adres":"Osiedle Stalowe 12, Kraków","dostepnosc":"Na żądanie"}},{"type":"Feature","id":"OZO-92D15C53B0C3","geometry":{"type":"Point","coordinates":[19.91919011,50.06905193]},"properties":{"nazwa":"Miejsce ochronne","rodzajZrodla":"Obiekt ochrony ludności","adres":"ul. Czapińskiego Kazimierza 5, Kraków","dostepnosc":"Na żądanie"}},{"type":"Feature","id":"OZO-C138D37E2C3E","geometry":{"type":"Point","coordinates":[20.0066604,50.00369954]},"properties":{"nazwa":"Miejsce ochronne","rodzajZrodla":"Obiekt ochrony ludności","adres":"ul. Kosocicka 39, Kraków","dostepnosc":"Na żądanie"}},{"type":"Feature","id":"OZO-95DB1FE9D77C","geometry":{"type":"Point","coordinates":[19.9242781448454,50.0732318630426]},"properties":{"nazwa":"Miejsce ochronne","rodzajZrodla":"Obiekt ochrony ludności","adres":"ul. Edmunda Biernackiego 7, Kraków","dostepnosc":"Na żądanie"}},{"type":"Feature","id":"OZO-2D8038DB9771","geometry":{"type":"Point","coordinates":[19.9617384999997,50.0474420999992]},"properties":{"nazwa":"Miejsce ochronne","rodzajZrodla":"Obiekt ochrony ludności","adres":"ul. Lipowa 4f, Kraków","dostepnosc":"Na żądanie"}},{"type":"Feature","id":"OZO-4E9EF4232A1A","geometry":{"type":"Point","coordinates":[19.9953623581678,50.043521435]},"properties":{"nazwa":"Miejsce ochronne","rodzajZrodla":"Obiekt ochrony ludności","adres":"ul. Przewóz 32K, Kraków","dostepnosc":"Na żądanie"}},{"type":"Feature","id":"OZO-AEDC354D4C75","geometry":{"type":"Point","coordinates":[20.0504220836099,50.0741674146029]},"properties":{"nazwa":"Miejsce ochronne","rodzajZrodla":"Obiekt ochrony ludności","adres":"Osiedle Stalowe 15, Kraków","dostepnosc":"Na żądanie"}},{"type":"Feature","id":"OZO-739E42DAB584","geometry":{"type":"Point","coordinates":[20.0360442903892,50.0768506153194]},"properties":{"nazwa":"Miejsce ochronne","rodzajZrodla":"Obiekt ochrony ludności","adres":"Osiedle Zgody 12, Kraków","dostepnosc":"Na żądanie"}},{"type":"Feature","id":"OZO-4D7ED3BBDFE8","geometry":{"type":"Point","coordinates":[19.90519284,50.00439506]},"properties":{"nazwa":"Miejsce ochronne","rodzajZrodla":"Obiekt ochrony ludności","adres":"ul. Borkowska 17, Kraków","dostepnosc":"Na żądanie"}},{"type":"Feature","id":"OZO-B4551C3176B5","geometry":{"type":"Point","coordinates":[19.90862129,50.06331448]},"properties":{"nazwa":"Miejsce ochronne","rodzajZrodla":"Obiekt ochrony ludności","adres":"al. Aleja 3 Maja 51A, Kraków","dostepnosc":"Na żądanie"}},{"type":"Feature","id":"OZO-E66AD6612D8F","geometry":{"type":"Point","coordinates":[19.892699509329844,50.017463001194066]},"properties":{"nazwa":"Miejsce ochronne","rodzajZrodla":"Obiekt ochrony ludności","adres":"ul. Bobrzyńskiego Profesora Michała 39, Kraków","dostepnosc":"Na żądanie"}},{"type":"Feature","id":"OZO-B96668137DD1","geometry":{"type":"Point","coordinates":[19.95569738,50.01664806]},"properties":{"nazwa":"Miejsce ochronne","rodzajZrodla":"Obiekt ochrony ludności","adres":"ul. Dobczycka 20, Kraków","dostepnosc":"Na żądanie"}},{"type":"Feature","id":"OZO-678DDF4EA3B0","geometry":{"type":"Point","coordinates":[19.942426532506943,50.08290219621866]},"properties":{"nazwa":"Miejsce ochronne","rodzajZrodla":"Obiekt ochrony ludności","adres":"ul. Żabiniec 81, Kraków","dostepnosc":"Na żądanie"}},{"type":"Feature","id":"OZO-0CB74CBE1044","geometry":{"type":"Point","coordinates":[19.89179313182831,50.08965365858419]},"properties":{"nazwa":"Miejsce ochronne","rodzajZrodla":"Obiekt ochrony ludności","adres":"ul. Jasnogórska 9, Kraków","dostepnosc":"Na żądanie"}},{"type":"Feature","id":"OZO-FE6550EB6874","geometry":{"type":"Point","coordinates":[19.903394,50.07827893]},"properties":{"nazwa":"Miejsce ochronne","rodzajZrodla":"Obiekt ochrony ludności","adres":"ul. Zaczarowane Koło 2, Kraków","dostepnosc":"Na żądanie"}},{"type":"Feature","id":"OZO-A5B76288F323","geometry":{"type":"Point","coordinates":[20.0179309,50.07219389]},"properties":{"nazwa":"Miejsce ochronne","rodzajZrodla":"Obiekt ochrony ludności","adres":"ul. Śliwkowa 32, Kraków","dostepnosc":"Na żądanie"}},{"type":"Feature","id":"OZO-7D301312CC37","geometry":{"type":"Point","coordinates":[20.0866771884848,50.0802812425481]},"properties":{"nazwa":"Miejsce ochronne","rodzajZrodla":"Obiekt ochrony ludności","adres":"ul. Tadeusza Sendzimira 1, Kraków","dostepnosc":"Na żądanie"}},{"type":"Feature","id":"OZO-A8D487454717","geometry":{"type":"Point","coordinates":[19.96612312,50.06596373]},"properties":{"nazwa":"Miejsce ochronne","rodzajZrodla":"Obiekt ochrony ludności","adres":"ul. Mogilska 35, Kraków","dostepnosc":"Na żądanie"}},{"type":"Feature","id":"OZO-D81D7AC9B552","geometry":{"type":"Point","coordinates":[19.9003470692649,50.0586207404212]},"properties":{"nazwa":"Miejsce ochronne","rodzajZrodla":"Obiekt ochrony ludności","adres":"ul. Leszczynowa 9, Kraków","dostepnosc":"Na żądanie"}},{"type":"Feature","id":"OZO-E9750F8B75A5","geometry":{"type":"Point","coordinates":[19.9665973464808,50.067534957567]},"properties":{"nazwa":"Miejsce ochronne","rodzajZrodla":"Obiekt ochrony ludności","adres":"ul. Bohdana Zaleskiego 35, Kraków","dostepnosc":"Na żądanie"}},{"type":"Feature","id":"OZO-829FE68D56D1","geometry":{"type":"Point","coordinates":[20.0380583154227,50.0730790748348]},"properties":{"nazwa":"Miejsce ochronne","rodzajZrodla":"Obiekt ochrony ludności","adres":"Osiedle Centrum B 1, Kraków","dostepnosc":"Na żądanie"}},{"type":"Feature","id":"OZO-E26EAED85D81","geometry":{"type":"Point","coordinates":[19.8990162266859,50.0206089389497]},"properties":{"nazwa":"Miejsce ochronne","rodzajZrodla":"Obiekt ochrony ludności","adres":"ul. Profesora Michała Bobrzyńskiego 33, Kraków","dostepnosc":"Na żądanie"}},{"type":"Feature","id":"OZO-E4B10DAA30DF","geometry":{"type":"Point","coordinates":[19.9015025326092,50.0215654519823]},"properties":{"nazwa":"Miejsce ochronne","rodzajZrodla":"Obiekt ochrony ludności","adres":"ul. Profesora Michała Bobrzyńskiego 23, Kraków","dostepnosc":"Na żądanie"}},{"type":"Feature","id":"OZO-3C467788713D","geometry":{"type":"Point","coordinates":[19.8997819621968,50.0197493487979]},"properties":{"nazwa":"Miejsce ochronne","rodzajZrodla":"Obiekt ochrony ludności","adres":"ul. Chmieleniec 19a, Kraków","dostepnosc":"Na żądanie"}},{"type":"Feature","id":"OZO-F2B1DF3A2310","geometry":{"type":"Point","coordinates":[19.9012933415803,50.0216779830566]},"properties":{"nazwa":"Miejsce ochronne","rodzajZrodla":"Obiekt ochrony ludności","adres":"ul. Profesora Michała Bobrzyńskiego 23, Kraków","dostepnosc":"Na żądanie"}},{"type":"Feature","id":"OZO-8C4E64165A5F","geometry":{"type":"Point","coordinates":[19.9021770426995,50.0215928346303]},"properties":{"nazwa":"Miejsce ochronne","rodzajZrodla":"Obiekt ochrony ludności","adres":"ul. Profesora Michała Bobrzyńskiego 23a, Kraków","dostepnosc":"Na żądanie"}},{"type":"Feature","id":"OZO-A68D160B1833","geometry":{"type":"Point","coordinates":[19.9009670975093,50.0208179547329]},"properties":{"nazwa":"Miejsce ochronne","rodzajZrodla":"Obiekt ochrony ludności","adres":"ul. Profesora Michała Bobrzyńskiego 29, Kraków","dostepnosc":"Na żądanie"}},{"type":"Feature","id":"OZO-6109CF38ACBC","geometry":{"type":"Point","coordinates":[19.8987971712513,50.0197802583027]},"properties":{"nazwa":"Miejsce ochronne","rodzajZrodla":"Obiekt ochrony ludności","adres":"ul. Chmieleniec 4, Kraków","dostepnosc":"Na żądanie"}},{"type":"Feature","id":"OZO-386EF9290B05","geometry":{"type":"Point","coordinates":[20.04616253,50.06577573]},"properties":{"nazwa":"Miejsce ochronne","rodzajZrodla":"Obiekt ochrony ludności","adres":"os. Osiedle Na Skarpie 66, Kraków","dostepnosc":"Całodobowa"}},{"type":"Feature","id":"OZO-5D1368086291","geometry":{"type":"Point","coordinates":[19.9206455767988,50.0538217334655]},"properties":{"nazwa":"Miejsce ochronne","rodzajZrodla":"Obiekt ochrony ludności","adres":"ul. Bolesława Komorowskiego 7, Kraków","dostepnosc":"Na żądanie"}},{"type":"Feature","id":"OZO-C2F5A2EB66AD","geometry":{"type":"Point","coordinates":[19.8973353970243,50.0169043430673]},"properties":{"nazwa":"Miejsce ochronne","rodzajZrodla":"Obiekt ochrony ludności","adres":"ul. Chmieleniec 41, Kraków","dostepnosc":"Na żądanie"}},{"type":"Feature","id":"OZO-70E091BAD286","geometry":{"type":"Point","coordinates":[19.9002136879805,50.0189297609086]},"properties":{"nazwa":"Miejsce ochronne","rodzajZrodla":"Obiekt ochrony ludności","adres":"ul. Chmieleniec 13, Kraków","dostepnosc":"Na żądanie"}},{"type":"Feature","id":"OZO-E1A9EFB4376A","geometry":{"type":"Point","coordinates":[19.9346256989284,50.034741766359]},"properties":{"nazwa":"Miejsce ochronne","rodzajZrodla":"Obiekt ochrony ludności","adres":"Aleja gen. Jana Skrzyneckiego 4A, Kraków","dostepnosc":"Na żądanie"}},{"type":"Feature","id":"OZO-308452CAD847","geometry":{"type":"Point","coordinates":[19.9120044433714,50.021549492473]},"properties":{"nazwa":"Miejsce ochronne","rodzajZrodla":"Obiekt ochrony ludności","adres":"ul. Jana Kantego Przyzby 3, Kraków","dostepnosc":"Na żądanie"}},{"type":"Feature","id":"OZO-74A86E98C015","geometry":{"type":"Point","coordinates":[19.941582977771763,50.03396484499635]},"properties":{"nazwa":"Miejsce ochronne","rodzajZrodla":"Obiekt ochrony ludności","adres":"ul. Rydlówka 6, Kraków","dostepnosc":"Na żądanie"}},{"type":"Feature","id":"OZO-77089D08CBF0","geometry":{"type":"Point","coordinates":[19.913975229737,50.0210176061163]},"properties":{"nazwa":"Miejsce ochronne","rodzajZrodla":"Obiekt ochrony ludności","adres":"ul. Jana Kantego Przyzby 9, Kraków","dostepnosc":"Na żądanie"}},{"type":"Feature","id":"OZO-2C067A552EB3","geometry":{"type":"Point","coordinates":[19.90519632,50.00464412]},"properties":{"nazwa":"Miejsce ochronne","rodzajZrodla":"Obiekt ochrony ludności","adres":"ul. Borkowska 15, Kraków","dostepnosc":"Na żądanie"}},{"type":"Feature","id":"OZO-1254677C1E20","geometry":{"type":"Point","coordinates":[19.91792436,50.02711756]},"properties":{"nazwa":"Miejsce ochronne","rodzajZrodla":"Obiekt ochrony ludności","adres":"ul. Bułgarska 18, Kraków","dostepnosc":"Całodobowa"}},{"type":"Feature","id":"OZO-856D471D7A9C","geometry":{"type":"Point","coordinates":[19.8939612307106,50.0006891005278]},"properties":{"nazwa":"Miejsce ochronne","rodzajZrodla":"Obiekt ochrony ludności","adres":"ul. Komuny Paryskiej 52, Kraków","dostepnosc":"Na żądanie"}},{"type":"Feature","id":"OZO-8061DDB3745A","geometry":{"type":"Point","coordinates":[19.9188989629996,50.0443889621795]},"properties":{"nazwa":"Miejsce ochronne","rodzajZrodla":"Obiekt ochrony ludności","adres":"ul. Ks. Stefana Pawlickiego 2, Kraków","dostepnosc":"Całodobowa"}},{"type":"Feature","id":"OZO-722EEE2E42AD","geometry":{"type":"Point","coordinates":[19.8901525511826,50.0017176801347]},"properties":{"nazwa":"Miejsce ochronne","rodzajZrodla":"Obiekt ochrony ludności","adres":"ul. Komuny Paryskiej 58, Kraków","dostepnosc":"Na żądanie"}},{"type":"Feature","id":"OZO-FF1F25888232","geometry":{"type":"Point","coordinates":[19.9514297772746,50.0570274264034]},"properties":{"nazwa":"Miejsce ochronne","rodzajZrodla":"Obiekt ochrony ludności","adres":"ul. Ks. Władysława Gurgacza 8, Kraków","dostepnosc":"Na żądanie"}},{"type":"Feature","id":"OZO-C28877AA15A2","geometry":{"type":"Point","coordinates":[19.9217354116185,50.0688967855204]},"properties":{"nazwa":"Miejsce ochronne","rodzajZrodla":"Obiekt ochrony ludności","adres":"ul. Fryderyka Chopina 9, Kraków","dostepnosc":"Całodobowa"}},{"type":"Feature","id":"OZO-526641FC83AB","geometry":{"type":"Point","coordinates":[20.0479692761608,50.026033121478]},"properties":{"nazwa":"Miejsce ochronne","rodzajZrodla":"Obiekt ochrony ludności","adres":"ul. Mariana Domagały 31F, Kraków","dostepnosc":"Na żądanie"}},{"type":"Feature","id":"OZO-88BDDD6A52F2","geometry":{"type":"Point","coordinates":[20.090897116913,50.0901248423031]},"properties":{"nazwa":"Miejsce ochronne","rodzajZrodla":"Obiekt ochrony ludności","adres":"ul. Burzowa 23, Kraków","dostepnosc":"Na żądanie"}},{"type":"Feature","id":"OZO-51A7D18B93A3","geometry":{"type":"Point","coordinates":[19.96110234,50.02536656]},"properties":{"nazwa":"Miejsce ochronne","rodzajZrodla":"Obiekt ochrony ludności","adres":"ul. Sławka Walerego 9, Kraków","dostepnosc":"Na żądanie"}},{"type":"Feature","id":"OZO-2A60591636E3","geometry":{"type":"Point","coordinates":[19.8895447793834,50.0018422456165]},"properties":{"nazwa":"Miejsce ochronne","rodzajZrodla":"Obiekt ochrony ludności","adres":"ul. Komuny Paryskiej 58A, Kraków","dostepnosc":"Na żądanie"}},{"type":"Feature","id":"OZO-3869BCAB8069","geometry":{"type":"Point","coordinates":[20.0264000856066,50.016059218771]},"properties":{"nazwa":"Miejsce ochronne","rodzajZrodla":"Obiekt ochrony ludności","adres":"ul. Mała Góra 8C, Kraków","dostepnosc":"Całodobowa"}},{"type":"Feature","id":"OZO-78BEC80AB343","geometry":{"type":"Point","coordinates":[19.92352768,50.09907211]},"properties":{"nazwa":"Miejsce ochronne","rodzajZrodla":"Obiekt ochrony ludności","adres":"ul. Piaszczysta 29, Kraków","dostepnosc":"Na żądanie"}},{"type":"Feature","id":"OZO-6230D21AACEE","geometry":{"type":"Point","coordinates":[19.98976311,50.0166165]},"properties":{"nazwa":"Miejsce ochronne","rodzajZrodla":"Obiekt ochrony ludności","adres":"ul. Facimiech 6A, Kraków","dostepnosc":"Na żądanie"}},{"type":"Feature","id":"OZO-09D86E0A3839","geometry":{"type":"Point","coordinates":[19.90129441,50.06291848]},"properties":{"nazwa":"Miejsce ochronne","rodzajZrodla":"Obiekt ochrony ludności","adres":"ul. Piastowska 18, Kraków","dostepnosc":"Na żądanie"}},{"type":"Feature","id":"OZO-ED9076763DB1","geometry":{"type":"Point","coordinates":[19.96927003,50.04537192]},"properties":{"nazwa":"Miejsce ochronne","rodzajZrodla":"Obiekt ochrony ludności","adres":"ul. Kiełkowskiego Romana 10A, Kraków","dostepnosc":"Na żądanie"}},{"type":"Feature","id":"OZO-AA1D8264C449","geometry":{"type":"Point","coordinates":[20.01039105,50.06245982]},"properties":{"nazwa":"Miejsce ochronne","rodzajZrodla":"Obiekt ochrony ludności","adres":"ul. Ciesielskiego Romana 4, Kraków","dostepnosc":"Na żądanie"}},{"type":"Feature","id":"OZO-D456A168DEBD","geometry":{"type":"Point","coordinates":[19.9597479961625,50.0088624563109]},"properties":{"nazwa":"Miejsce ochronne","rodzajZrodla":"Obiekt ochrony ludności","adres":"ul. Turniejowa 73, Kraków","dostepnosc":"Całodobowa"}},{"type":"Feature","id":"OZO-87EC7981758D","geometry":{"type":"Point","coordinates":[19.9185019,50.0559575]},"properties":{"nazwa":"Miejsce ochronne","rodzajZrodla":"Obiekt ochrony ludności","adres":"ul. Salwatorska 11, Kraków","dostepnosc":"Na żądanie"}},{"type":"Feature","id":"OZO-89455C51C895","geometry":{"type":"Point","coordinates":[19.9672368999997,50.0442595999992]},"properties":{"nazwa":"Miejsce ochronne","rodzajZrodla":"Obiekt ochrony ludności","adres":"ul. Powstańców Wielkopolskich 13c, Kraków","dostepnosc":"Określone godziny"}},{"type":"Feature","id":"OZO-A9AD29773F1A","geometry":{"type":"Point","coordinates":[19.9850226155435,50.0392605502257]},"properties":{"nazwa":"Miejsce ochronne","rodzajZrodla":"Obiekt ochrony ludności","adres":"ul. Seweryna Goszczyńskiego 3, Kraków","dostepnosc":"Całodobowa"}},{"type":"Feature","id":"OZO-B1A9B6B5487B","geometry":{"type":"Point","coordinates":[20.0497346841143,50.025475563533]},"properties":{"nazwa":"Miejsce ochronne","rodzajZrodla":"Obiekt ochrony ludności","adres":"ul. Mariana Domagały 33B, Kraków","dostepnosc":"Na żądanie"}},{"type":"Feature","id":"OZO-F2D6ADBA7851","geometry":{"type":"Point","coordinates":[19.9199006370402,50.0528696340137]},"properties":{"nazwa":"Miejsce ochronne","rodzajZrodla":"Obiekt ochrony ludności","adres":"ul. Tadeusza Kościuszki 51, Kraków","dostepnosc":"Na żądanie"}},{"type":"Feature","id":"OZO-DAE67D92788C","geometry":{"type":"Point","coordinates":[19.966419655814,50.0617274130051]},"properties":{"nazwa":"Miejsce ochronne","rodzajZrodla":"Obiekt ochrony ludności","adres":"ul. płk. Francesco Nullo 17, Kraków","dostepnosc":"Na żądanie"}},{"type":"Feature","id":"OZO-E4985785CC31","geometry":{"type":"Point","coordinates":[20.0715141294573,50.0802999670752]},"properties":{"nazwa":"Miejsce ochronne","rodzajZrodla":"Obiekt ochrony ludności","adres":"ul. Ujastek 3, Kraków","dostepnosc":"Na żądanie"}},{"type":"Feature","id":"OZO-5788CF446AEB","geometry":{"type":"Point","coordinates":[20.0472517591773,50.0263713795774]},"properties":{"nazwa":"Miejsce ochronne","rodzajZrodla":"Obiekt ochrony ludności","adres":"ul. Mariana Domagały 29G, Kraków","dostepnosc":"Na żądanie"}},{"type":"Feature","id":"OZO-53EAC83E2D96","geometry":{"type":"Point","coordinates":[19.942242801189426,50.02507055408106]},"properties":{"nazwa":"Miejsce ochronne","rodzajZrodla":"Obiekt ochrony ludności","adres":"ul. Aleksandra Fredry 6E, Kraków","dostepnosc":"Na żądanie"}},{"type":"Feature","id":"OZO-F1E040667BF7","geometry":{"type":"Point","coordinates":[19.94241446256638,50.02585459981372]},"properties":{"nazwa":"Miejsce ochronne","rodzajZrodla":"Obiekt ochrony ludności","adres":"ul. Aleksandra Fredry 6G, Kraków","dostepnosc":"Na żądanie"}},{"type":"Feature","id":"OZO-76622F3E3619","geometry":{"type":"Point","coordinates":[19.9856537784578,50.0390291091325]},"properties":{"nazwa":"Miejsce ochronne","rodzajZrodla":"Obiekt ochrony ludności","adres":"ul. Seweryna Goszczyńskiego 5A, Kraków","dostepnosc":"Na żądanie"}},{"type":"Feature","id":"OZO-293B87B0A678","geometry":{"type":"Point","coordinates":[19.9439998250194,50.0714577548539]},"properties":{"nazwa":"Miejsce ochronne","rodzajZrodla":"Obiekt ochrony ludności","adres":"ul. Warszawska 24, Kraków","dostepnosc":"Na żądanie"}},{"type":"Feature","id":"OZO-2F5F6D6E41C1","geometry":{"type":"Point","coordinates":[19.9187650184289,50.0536342814391]},"properties":{"nazwa":"Miejsce ochronne","rodzajZrodla":"Obiekt ochrony ludności","adres":"ul. Senatorska 18a, Kraków","dostepnosc":"Na żądanie"}},{"type":"Feature","id":"OZO-224167D7EDA0","geometry":{"type":"Point","coordinates":[20.050420455275,50.025947641852]},"properties":{"nazwa":"Miejsce ochronne","rodzajZrodla":"Obiekt ochrony ludności","adres":"ul. Mariana Domagały 31A, Kraków","dostepnosc":"Na żądanie"}},{"type":"Feature","id":"OZO-CF67D7AA7EEA","geometry":{"type":"Point","coordinates":[19.9724016524723,50.0104970112492]},"properties":{"nazwa":"Miejsce ochronne","rodzajZrodla":"Obiekt ochrony ludności","adres":"ul. Adama Bochenka 9, Kraków","dostepnosc":"Całodobowa"}},{"type":"Feature","id":"OZO-FF04FA86E296","geometry":{"type":"Point","coordinates":[20.01463078,50.06364932]},"properties":{"nazwa":"Miejsce ochronne","rodzajZrodla":"Obiekt ochrony ludności","adres":"ul. Sołtysowska 10F, Kraków","dostepnosc":"Na żądanie"}},{"type":"Feature","id":"OZO-391A5AD2387E","geometry":{"type":"Point","coordinates":[20.0587479364544,50.0200190202261]},"properties":{"nazwa":"Miejsce ochronne","rodzajZrodla":"Obiekt ochrony ludności","adres":"ul. Henryka i Karola Czeczów 48, Kraków","dostepnosc":"Na żądanie"}},{"type":"Feature","id":"OZO-982FC21DE262","geometry":{"type":"Point","coordinates":[19.9565033614433,50.0557800336069]},"properties":{"nazwa":"Miejsce ochronne","rodzajZrodla":"Obiekt ochrony ludności","adres":"ul. Rzeźnicza 14, Kraków","dostepnosc":"Na żądanie"}},{"type":"Feature","id":"OZO-29140E182944","geometry":{"type":"Point","coordinates":[19.9566243123061,50.0560689158999]},"properties":{"nazwa":"Miejsce ochronne","rodzajZrodla":"Obiekt ochrony ludności","adres":"ul. Rzeźnicza 10, Kraków","dostepnosc":"Na żądanie"}},{"type":"Feature","id":"OZO-50B3328A7359","geometry":{"type":"Point","coordinates":[19.959453539904,50.056347739909]},"properties":{"nazwa":"Miejsce ochronne","rodzajZrodla":"Obiekt ochrony ludności","adres":"ul. Kotlarska 10, Kraków","dostepnosc":"Na żądanie"}},{"type":"Feature","id":"OZO-35DD937020E7","geometry":{"type":"Point","coordinates":[19.9586676526622,50.0559173710905]},"properties":{"nazwa":"Miejsce ochronne","rodzajZrodla":"Obiekt ochrony ludności","adres":"ul. Kotlarska 7, Kraków","dostepnosc":"Na żądanie"}},{"type":"Feature","id":"OZO-CF6E77440CEE","geometry":{"type":"Point","coordinates":[20.0937022272327,50.0874308861644]},"properties":{"nazwa":"Miejsce ochronne","rodzajZrodla":"Obiekt ochrony ludności","adres":"ul. Lubocka 106, Kraków","dostepnosc":"Na żądanie"}},{"type":"Feature","id":"OZO-35D8DFFCB64C","geometry":{"type":"Point","coordinates":[19.967301096752,50.0579360267417]},"properties":{"nazwa":"Miejsce ochronne","rodzajZrodla":"Obiekt ochrony ludności","adres":"ul. Grzegórzecka 82, Kraków","dostepnosc":"Na żądanie"}},{"type":"Feature","id":"OZO-B0D6B3066037","geometry":{"type":"Point","coordinates":[20.0118757367979,50.1031947404127]},"properties":{"nazwa":"Miejsce ochronne","rodzajZrodla":"Obiekt ochrony ludności","adres":"Osiedle Bohaterów Września 82, Kraków","dostepnosc":"Na żądanie"}},{"type":"Feature","id":"OZO-768BD45DD113","geometry":{"type":"Point","coordinates":[20.01208858,50.06141658]},"properties":{"nazwa":"Miejsce ochronne","rodzajZrodla":"Obiekt ochrony ludności","adres":"ul. Ciesielskiego Romana 6A, Kraków","dostepnosc":"Całodobowa"}},{"type":"Feature","id":"OZO-ACCE297F9E7C","geometry":{"type":"Point","coordinates":[19.93465746,50.03568981]},"properties":{"nazwa":"Miejsce ochronne","rodzajZrodla":"Obiekt ochrony ludności","adres":"ul. Rydlówka 21, Kraków","dostepnosc":"Na żądanie"}},{"type":"Feature","id":"OZO-AF04A3C0E288","geometry":{"type":"Point","coordinates":[20.01670226454735,50.102998895131506]},"properties":{"nazwa":"Miejsce ochronne","rodzajZrodla":"Obiekt ochrony ludności","adres":"os. Osiedle Piastów 63H, Kraków","dostepnosc":"Na żądanie"}},{"type":"Feature","id":"OZO-9AA7D504B484","geometry":{"type":"Point","coordinates":[20.01206171,50.06247312]},"properties":{"nazwa":"Miejsce ochronne","rodzajZrodla":"Obiekt ochrony ludności","adres":"ul. Ciesielskiego Romana 6, Kraków","dostepnosc":"Na żądanie"}},{"type":"Feature","id":"OZO-7F19CC0EA4CB","geometry":{"type":"Point","coordinates":[19.9148826859495,50.0734363869175]},"properties":{"nazwa":"Miejsce ochronne","rodzajZrodla":"Obiekt ochrony ludności","adres":"ul. Królewska 59, Kraków","dostepnosc":"Całodobowa"}},{"type":"Feature","id":"OZO-FC78691251D5","geometry":{"type":"Point","coordinates":[19.9337398404777,50.0966220258966]},"properties":{"nazwa":"Miejsce ochronne","rodzajZrodla":"Obiekt ochrony ludności","adres":"ul. Białoprądnicka 38, Kraków","dostepnosc":"Na żądanie"}},{"type":"Feature","id":"OZO-D1A6436DE7E3","geometry":{"type":"Point","coordinates":[19.9781139454844,50.0682917956941]},"properties":{"nazwa":"Miejsce ochronne","rodzajZrodla":"Obiekt ochrony ludności","adres":"ul. Mogilska 120C, Kraków","dostepnosc":"Całodobowa"}},{"type":"Feature","id":"OZO-2B779BCD89F3","geometry":{"type":"Point","coordinates":[20.0750298189923,50.0815939158482]},"properties":{"nazwa":"Miejsce ochronne","rodzajZrodla":"Obiekt ochrony ludności","adres":"ul. Tadeusza Sendzimira 1, Kraków","dostepnosc":"Na żądanie"}},{"type":"Feature","id":"OZO-B6567CC2DBC0","geometry":{"type":"Point","coordinates":[20.0740914194875,50.0824910310961]},"properties":{"nazwa":"Miejsce ochronne","rodzajZrodla":"Obiekt ochrony ludności","adres":"ul. Tadeusza Sendzimira 1, Kraków","dostepnosc":"Na żądanie"}},{"type":"Feature","id":"OZO-80847C5DD512","geometry":{"type":"Point","coordinates":[19.88647509,50.01326346]},"properties":{"nazwa":"Miejsce ochronne","rodzajZrodla":"Obiekt ochrony ludności","adres":"ul. Bunscha Karola 19, Kraków","dostepnosc":"Na żądanie"}},{"type":"Feature","id":"OZO-B94FF7479CD5","geometry":{"type":"Point","coordinates":[20.0861119345888,50.0831739869501]},"properties":{"nazwa":"Miejsce ochronne","rodzajZrodla":"Obiekt ochrony ludności","adres":"ul. Mrozowa 31, Kraków","dostepnosc":"Na żądanie"}},{"type":"Feature","id":"OZO-59B1AE024CFD","geometry":{"type":"Point","coordinates":[20.0509980707914,50.0262599899397]},"properties":{"nazwa":"Miejsce ochronne","rodzajZrodla":"Obiekt ochrony ludności","adres":"ul. Mariana Domagały 29, Kraków","dostepnosc":"Na żądanie"}},{"type":"Feature","id":"OZO-F9CC276DEA03","geometry":{"type":"Point","coordinates":[20.0905115495267,50.08534927853]},"properties":{"nazwa":"Miejsce ochronne","rodzajZrodla":"Obiekt ochrony ludności","adres":"ul. Mrozowa 39, Kraków","dostepnosc":"Na żądanie"}},{"type":"Feature","id":"OZO-0D8654B18731","geometry":{"type":"Point","coordinates":[20.0014971999997,50.0371938999991]},"properties":{"nazwa":"Miejsce ochronne","rodzajZrodla":"Obiekt ochrony ludności","adres":"ul. Bagrowa 11, Kraków","dostepnosc":"Na żądanie"}},{"type":"Feature","id":"OZO-075B6F87114B","geometry":{"type":"Point","coordinates":[20.014993814009,50.0734340137905]},"properties":{"nazwa":"Miejsce ochronne","rodzajZrodla":"Obiekt ochrony ludności","adres":"Aleja Jana Pawła II 180, Kraków","dostepnosc":"Na żądanie"}},{"type":"Feature","id":"OZO-C606B3CC0D73","geometry":{"type":"Point","coordinates":[19.948278608044,50.0204576936037]},"properties":{"nazwa":"Miejsce ochronne","rodzajZrodla":"Obiekt ochrony ludności","adres":"ul. Strumienna 42, Kraków","dostepnosc":"Całodobowa"}},{"type":"Feature","id":"OZO-8F9D2DD5F28C","geometry":{"type":"Point","coordinates":[20.0608734169134,50.0200318428955]},"properties":{"nazwa":"Miejsce ochronne","rodzajZrodla":"Obiekt ochrony ludności","adres":"ul. Henryka i Karola Czeczów 36, Kraków","dostepnosc":"Na żądanie"}},{"type":"Feature","id":"OZO-D25CF08512F0","geometry":{"type":"Point","coordinates":[19.9753455906826,50.0376748585975]},"properties":{"nazwa":"Miejsce ochronne","rodzajZrodla":"Obiekt ochrony ludności","adres":"ul. Wodna 34, Kraków","dostepnosc":"Całodobowa"}},{"type":"Feature","id":"OZO-A2A80D8EEC21","geometry":{"type":"Point","coordinates":[20.0129674,50.0652523]},"properties":{"nazwa":"Miejsce ochronne","rodzajZrodla":"Obiekt ochrony ludności","adres":"ul. Sołtysowska 11B, Kraków","dostepnosc":"Na żądanie"}},{"type":"Feature","id":"OZO-9713FA78CF91","geometry":{"type":"Point","coordinates":[19.9670898187088,50.0508341344704]},"properties":{"nazwa":"Miejsce ochronne","rodzajZrodla":"Obiekt ochrony ludności","adres":"ul. Zabłocie 26, Kraków","dostepnosc":"Na żądanie"}},{"type":"Feature","id":"OZO-545AA29B7B0B","geometry":{"type":"Point","coordinates":[19.9992639131709,50.0389604735315]},"properties":{"nazwa":"Miejsce ochronne","rodzajZrodla":"Obiekt ochrony ludności","adres":"ul. Bagrowa 28, Kraków","dostepnosc":"Na żądanie"}},{"type":"Feature","id":"OZO-228E474B3A89","geometry":{"type":"Point","coordinates":[20.047309716161,50.0241623093831]},"properties":{"nazwa":"Miejsce ochronne","rodzajZrodla":"Obiekt ochrony ludności","adres":"ul. Mariana Domagały 41D, Kraków","dostepnosc":"Na żądanie"}},{"type":"Feature","id":"OZO-96526E796471","geometry":{"type":"Point","coordinates":[20.047879713794,50.0255499512009]},"properties":{"nazwa":"Miejsce ochronne","rodzajZrodla":"Obiekt ochrony ludności","adres":"ul. Mariana Domagały 33F, Kraków","dostepnosc":"Na żądanie"}},{"type":"Feature","id":"OZO-C374732C6B88","geometry":{"type":"Point","coordinates":[20.0483750588608,50.0259401705727]},"properties":{"nazwa":"Miejsce ochronne","rodzajZrodla":"Obiekt ochrony ludności","adres":"ul. Mariana Domagały 31E, Kraków","dostepnosc":"Na żądanie"}},{"type":"Feature","id":"OZO-B0515598AF2C","geometry":{"type":"Point","coordinates":[19.9873561999997,50.0456590999991]},"properties":{"nazwa":"Miejsce ochronne","rodzajZrodla":"Obiekt ochrony ludności","adres":"ul. Myśliwska 5, Kraków","dostepnosc":"Na żądanie"}},{"type":"Feature","id":"OZO-316267F498C8","geometry":{"type":"Point","coordinates":[20.0566068772391,50.0207048731574]},"properties":{"nazwa":"Miejsce ochronne","rodzajZrodla":"Obiekt ochrony ludności","adres":"ul. Henryka i Karola Czeczów 12, Kraków","dostepnosc":"Na żądanie"}},{"type":"Feature","id":"OZO-1E6F73A8CBDE","geometry":{"type":"Point","coordinates":[19.9810406729475,50.0457491821311]},"properties":{"nazwa":"Miejsce ochronne","rodzajZrodla":"Obiekt ochrony ludności","adres":"ul. Płaszowska 57, Kraków","dostepnosc":"Na żądanie"}},{"type":"Feature","id":"OZO-FA1D888F941E","geometry":{"type":"Point","coordinates":[19.983899941031,50.0535965746495]},"properties":{"nazwa":"Miejsce ochronne","rodzajZrodla":"Obiekt ochrony ludności","adres":"ul. Na Zakolu Wisły 12B, Kraków","dostepnosc":"Na żądanie"}},{"type":"Feature","id":"OZO-12B67889076C","geometry":{"type":"Point","coordinates":[19.8935084118256,49.999508882214]},"properties":{"nazwa":"Miejsce ochronne","rodzajZrodla":"Obiekt ochrony ludności","adres":"ul. bpa Albina Małysiaka 4, Kraków","dostepnosc":"Całodobowa"}},{"type":"Feature","id":"OZO-29CAAE989D05","geometry":{"type":"Point","coordinates":[19.9824837999997,50.0694445999992]},"properties":{"nazwa":"Miejsce ochronne","rodzajZrodla":"Obiekt ochrony ludności","adres":"ul. Majora Pilota Stefana Janusa 22, Kraków","dostepnosc":"Na żądanie"}},{"type":"Feature","id":"OZO-CEB88BC3BDCB","geometry":{"type":"Point","coordinates":[19.9194640831308,50.0138233647392]},"properties":{"nazwa":"Miejsce ochronne","rodzajZrodla":"Obiekt ochrony ludności","adres":"ul. Żywiecka 26, Kraków","dostepnosc":"Na żądanie"}},{"type":"Feature","id":"OZO-70923B81F321","geometry":{"type":"Point","coordinates":[20.049986523908,50.0258847638943]},"properties":{"nazwa":"Miejsce ochronne","rodzajZrodla":"Obiekt ochrony ludności","adres":"ul. Mariana Domagały 31B, Kraków","dostepnosc":"Na żądanie"}},{"type":"Feature","id":"OZO-AE07389BB835","geometry":{"type":"Point","coordinates":[19.9945105891675,50.042269974947]},"properties":{"nazwa":"Miejsce ochronne","rodzajZrodla":"Obiekt ochrony ludności","adres":"ul. Przewóz 32A, Kraków","dostepnosc":"Na żądanie"}},{"type":"Feature","id":"OZO-55384FE1F011","geometry":{"type":"Point","coordinates":[19.9942430388182,50.0436685793102]},"properties":{"nazwa":"Miejsce ochronne","rodzajZrodla":"Obiekt ochrony ludności","adres":"ul. Przewóz 32M, Kraków","dostepnosc":"Na żądanie"}},{"type":"Feature","id":"OZO-93615EAB33AF","geometry":{"type":"Point","coordinates":[19.9999507103603,50.0382741470828]},"properties":{"nazwa":"Miejsce ochronne","rodzajZrodla":"Obiekt ochrony ludności","adres":"ul. Bagrowa 34, Kraków","dostepnosc":"Na żądanie"}},{"type":"Feature","id":"OZO-0E348B52EC0D","geometry":{"type":"Point","coordinates":[19.9436532585294,50.0256416811016]},"properties":{"nazwa":"Miejsce ochronne","rodzajZrodla":"Obiekt ochrony ludności","adres":"ul. Aleksandra Fredry 6N, Kraków","dostepnosc":"Na żądanie"}},{"type":"Feature","id":"OZO-95FD803ACCDA","geometry":{"type":"Point","coordinates":[19.9817184612986,50.0607348442065]},"properties":{"nazwa":"Miejsce ochronne","rodzajZrodla":"Obiekt ochrony ludności","adres":"ul. Półkole 6, Kraków","dostepnosc":"Na żądanie"}},{"type":"Feature","id":"OZO-93315ACEF97D","geometry":{"type":"Point","coordinates":[19.9815885536287,50.0596736371795]},"properties":{"nazwa":"Miejsce ochronne","rodzajZrodla":"Obiekt ochrony ludności","adres":"ul. Półkole 14, Kraków","dostepnosc":"Na żądanie"}},{"type":"Feature","id":"OZO-9834D7D1435F","geometry":{"type":"Point","coordinates":[19.9597758999997,50.0566701999992]},"properties":{"nazwa":"Miejsce ochronne","rodzajZrodla":"Obiekt ochrony ludności","adres":"ul. Kotlarska 6, Kraków","dostepnosc":"Na żądanie"}},{"type":"Feature","id":"OZO-A54FA70E3C83","geometry":{"type":"Point","coordinates":[19.91487884,50.07235912]},"properties":{"nazwa":"Miejsce ochronne","rodzajZrodla":"Obiekt ochrony ludności","adres":"al. Aleja Kijowska 13, Kraków","dostepnosc":"Całodobowa"}},{"type":"Feature","id":"OZO-7285D4A31D2D","geometry":{"type":"Point","coordinates":[19.984695199666,50.0535581670635]},"properties":{"nazwa":"Miejsce ochronne","rodzajZrodla":"Obiekt ochrony ludności","adres":"ul. Na Zakolu Wisły 12D, Kraków","dostepnosc":"Na żądanie"}},{"type":"Feature","id":"OZO-5AA4A93F09FD","geometry":{"type":"Point","coordinates":[19.9357859790026,50.0611839723127]},"properties":{"nazwa":"Miejsce ochronne","rodzajZrodla":"Obiekt ochrony ludności","adres":"Rynek Główny 25, Kraków","dostepnosc":"Na żądanie"}},{"type":"Feature","id":"OZO-15B4532F023F","geometry":{"type":"Point","coordinates":[19.9243535999997,50.0559976999992]},"properties":{"nazwa":"Miejsce ochronne","rodzajZrodla":"Obiekt ochrony ludności","adres":"ul. Włóczków 11a, Kraków","dostepnosc":"Na żądanie"}},{"type":"Feature","id":"OZO-001C2C589947","geometry":{"type":"Point","coordinates":[19.9431249798433,50.0464888136051]},"properties":{"nazwa":"Miejsce ochronne","rodzajZrodla":"Obiekt ochrony ludności","adres":"ul. Krakowska 51, Kraków","dostepnosc":"Na żądanie"}},{"type":"Feature","id":"OZO-40ABD681AF51","geometry":{"type":"Point","coordinates":[19.9185677755638,50.0135834264364]},"properties":{"nazwa":"Miejsce ochronne","rodzajZrodla":"Obiekt ochrony ludności","adres":"ul. Żywiecka 28, Kraków","dostepnosc":"Na żądanie"}},{"type":"Feature","id":"OZO-C7BBD1D885CC","geometry":{"type":"Point","coordinates":[19.9195484430398,50.0142494527677]},"properties":{"nazwa":"Miejsce ochronne","rodzajZrodla":"Obiekt ochrony ludności","adres":"ul. Żywiecka 22, Kraków","dostepnosc":"Na żądanie"}},{"type":"Feature","id":"OZO-41EBE832C7B5","geometry":{"type":"Point","coordinates":[19.9456906985665,50.060431267426]},"properties":{"nazwa":"Miejsce ochronne","rodzajZrodla":"Obiekt ochrony ludności","adres":"ul. Mikołaja Kopernika 7B, Kraków","dostepnosc":"Na żądanie"}},{"type":"Feature","id":"OZO-FFE95A4FF40C","geometry":{"type":"Point","coordinates":[19.9766233322981,50.0571991833155]},"properties":{"nazwa":"Miejsce ochronne","rodzajZrodla":"Obiekt ochrony ludności","adres":"ul. Bajeczna 4, Kraków","dostepnosc":"Na żądanie"}},{"type":"Feature","id":"OZO-1070E64084C1","geometry":{"type":"Point","coordinates":[19.9755683261902,50.0569408635941]},"properties":{"nazwa":"Miejsce ochronne","rodzajZrodla":"Obiekt ochrony ludności","adres":"ul. Bajeczna 2b, Kraków","dostepnosc":"Na żądanie"}},{"type":"Feature","id":"OZO-BE283AA76ABF","geometry":{"type":"Point","coordinates":[19.9781542657266,50.0563061445841]},"properties":{"nazwa":"Miejsce ochronne","rodzajZrodla":"Obiekt ochrony ludności","adres":"ul. Bajeczna 10, Kraków","dostepnosc":"Na żądanie"}},{"type":"Feature","id":"OZO-8EAF05911E19","geometry":{"type":"Point","coordinates":[19.9849889415245,50.0388788684449]},"properties":{"nazwa":"Miejsce ochronne","rodzajZrodla":"Obiekt ochrony ludności","adres":"ul. Seweryna Goszczyńskiego 5B, Kraków","dostepnosc":"Na żądanie"}},{"type":"Feature","id":"OZO-B45D713B35DB","geometry":{"type":"Point","coordinates":[19.9837464116724,50.0380754729581]},"properties":{"nazwa":"Miejsce ochronne","rodzajZrodla":"Obiekt ochrony ludności","adres":"ul. Saska 12F, Kraków","dostepnosc":"Na żądanie"}},{"type":"Feature","id":"OZO-91EB2B1943C1","geometry":{"type":"Point","coordinates":[19.9377817939677,50.0638198294043]},"properties":{"nazwa":"Miejsce ochronne","rodzajZrodla":"Obiekt ochrony ludności","adres":"ul. Sławkowska 9, Kraków","dostepnosc":"Na żądanie"}},{"type":"Feature","id":"OZO-E0CD75B49C84","geometry":{"type":"Point","coordinates":[19.9171305799499,50.0689138822603]},"properties":{"nazwa":"Miejsce ochronne","rodzajZrodla":"Obiekt ochrony ludności","adres":"ul. Spokojna 16, Kraków","dostepnosc":"Całodobowa"}},{"type":"Feature","id":"OZO-00B94E916F6C","geometry":{"type":"Point","coordinates":[20.0157693,50.06280008]},"properties":{"nazwa":"Miejsce ochronne","rodzajZrodla":"Obiekt ochrony ludności","adres":"ul. Sołtysowska 10J, Kraków","dostepnosc":"Na żądanie"}},{"type":"Feature","id":"OZO-BAF2902D92F1","geometry":{"type":"Point","coordinates":[20.01588253,50.06366166]},"properties":{"nazwa":"Miejsce ochronne","rodzajZrodla":"Obiekt ochrony ludności","adres":"ul. Sołtysowska 10L, Kraków","dostepnosc":"Na żądanie"}},{"type":"Feature","id":"OZO-C99C11BBFF88","geometry":{"type":"Point","coordinates":[19.96662394,50.03624903]},"properties":{"nazwa":"Miejsce ochronne","rodzajZrodla":"Obiekt ochrony ludności","adres":"ul. Jerozolimska 2A, Kraków","dostepnosc":"Na żądanie"}},{"type":"Feature","id":"OZO-5DDB0E0FEF39","geometry":{"type":"Point","coordinates":[19.888948649168018,50.0147061624606]},"properties":{"nazwa":"Miejsce ochronne","rodzajZrodla":"Obiekt ochrony ludności","adres":"ul. Czerwone Maki 49, Kraków","dostepnosc":"Całodobowa"}},{"type":"Feature","id":"OZO-0439C2891ECE","geometry":{"type":"Point","coordinates":[19.90033699,50.05729156]},"properties":{"nazwa":"Miejsce ochronne","rodzajZrodla":"Obiekt ochrony ludności","adres":"ul. Jadwigi Królowej 110, Kraków","dostepnosc":"Na żądanie"}},{"type":"Feature","id":"OZO-D232CCE6E1C2","geometry":{"type":"Point","coordinates":[19.98111828,50.03786512]},"properties":{"nazwa":"Miejsce ochronne","rodzajZrodla":"Obiekt ochrony ludności","adres":"ul. Saska 25D, Kraków","dostepnosc":"Na żądanie"}},{"type":"Feature","id":"OZO-7B32C0BE7FA9","geometry":{"type":"Point","coordinates":[19.89725193,50.03018824]},"properties":{"nazwa":"Miejsce ochronne","rodzajZrodla":"Obiekt ochrony ludności","adres":"ul. Zakrzowiecka 57, Kraków","dostepnosc":"Na żądanie"}},{"type":"Feature","id":"OZO-1AD92145958A","geometry":{"type":"Point","coordinates":[19.88227128982544,50.04726357794773]},"properties":{"nazwa":"Miejsce ochronne","rodzajZrodla":"Obiekt ochrony ludności","adres":"ul. KsięciaJózefa 125D, Kraków","dostepnosc":"Całodobowa"}},{"type":"Feature","id":"OZO-359C1C9814CD","geometry":{"type":"Point","coordinates":[19.8963191545612,50.0851521838243]},"properties":{"nazwa":"Miejsce ochronne","rodzajZrodla":"Obiekt ochrony ludności","adres":"ul. Eliasza Radzikowskiego 65h, Kraków","dostepnosc":"Na żądanie"}},{"type":"Feature","id":"OZO-5D861293C7C7","geometry":{"type":"Point","coordinates":[19.88960336,50.06586865]},"properties":{"nazwa":"Miejsce ochronne","rodzajZrodla":"Obiekt ochrony ludności","adres":"ul. Borowego Piotra 35B, Kraków","dostepnosc":"Na żądanie"}},{"type":"Feature","id":"OZO-E55F36652877","geometry":{"type":"Point","coordinates":[20.00690158,50.05900454]},"properties":{"nazwa":"Miejsce ochronne","rodzajZrodla":"Obiekt ochrony ludności","adres":"ul. Galicyjska 16, Kraków","dostepnosc":"Na żądanie"}},{"type":"Feature","id":"OZO-0446F320BA2D","geometry":{"type":"Point","coordinates":[19.930777037484,50.073045832139]},"properties":{"nazwa":"Miejsce ochronne","rodzajZrodla":"Obiekt ochrony ludności","adres":"ul. Mazowiecka 5, Kraków","dostepnosc":"Całodobowa"}},{"type":"Feature","id":"OZO-6BE7EA8E90F8","geometry":{"type":"Point","coordinates":[20.01282132,50.08007134]},"properties":{"nazwa":"Miejsce ochronne","rodzajZrodla":"Obiekt ochrony ludności","adres":"os. Osiedle Dywizjonu 303 62D, Kraków","dostepnosc":"Na żądanie"}},{"type":"Feature","id":"OZO-C2B98575FA15","geometry":{"type":"Point","coordinates":[19.9538642354095,50.0150449900026]},"properties":{"nazwa":"Miejsce ochronne","rodzajZrodla":"Obiekt ochrony ludności","adres":"ul. Gołaśka 6, Kraków","dostepnosc":"Całodobowa"}},{"type":"Feature","id":"OZO-2503918C1EB9","geometry":{"type":"Point","coordinates":[19.89037544,50.01059724]},"properties":{"nazwa":"Miejsce ochronne","rodzajZrodla":"Obiekt ochrony ludności","adres":"ul. Piltza dr. Jana 30, Kraków","dostepnosc":"Na żądanie"}},{"type":"Feature","id":"OZO-D43D7D664F9F","geometry":{"type":"Point","coordinates":[19.96989724,50.04513228]},"properties":{"nazwa":"Miejsce ochronne","rodzajZrodla":"Obiekt ochrony ludności","adres":"ul. Kiełkowskiego Romana 8, Kraków","dostepnosc":"Na żądanie"}},{"type":"Feature","id":"OZO-3F87DAF95D21","geometry":{"type":"Point","coordinates":[19.91045069,50.07176155]},"properties":{"nazwa":"Miejsce ochronne","rodzajZrodla":"Obiekt ochrony ludności","adres":"ul. Lea Juliusza 77, Kraków","dostepnosc":"Na żądanie"}},{"type":"Feature","id":"OZO-5C75D6CF3C19","geometry":{"type":"Point","coordinates":[19.9849839016986,50.0376808838114]},"properties":{"nazwa":"Miejsce ochronne","rodzajZrodla":"Obiekt ochrony ludności","adres":"ul. Żołnierska 6, Kraków","dostepnosc":"Na żądanie"}},{"type":"Feature","id":"OZO-B7DA25813352","geometry":{"type":"Point","coordinates":[20.0292054111835,50.0690210301306]},"properties":{"nazwa":"Miejsce ochronne","rodzajZrodla":"Obiekt ochrony ludności","adres":"ul. bp. Filipa Padniewskiego 12, Kraków","dostepnosc":"Na żądanie"}},{"type":"Feature","id":"OZO-355E2F392B8A","geometry":{"type":"Point","coordinates":[19.88915964,50.06603538]},"properties":{"nazwa":"Miejsce ochronne","rodzajZrodla":"Obiekt ochrony ludności","adres":"ul. Borowego Piotra 35C, Kraków","dostepnosc":"Całodobowa"}},{"type":"Feature","id":"OZO-A489D8BDDB4E","geometry":{"type":"Point","coordinates":[20.00834622,50.07194104]},"properties":{"nazwa":"Miejsce ochronne","rodzajZrodla":"Obiekt ochrony ludności","adres":"ul. Poleska 5, Kraków","dostepnosc":"Całodobowa"}},{"type":"Feature","id":"OZO-B04611796221","geometry":{"type":"Point","coordinates":[20.0195149894943,50.0724843872893]},"properties":{"nazwa":"Miejsce ochronne","rodzajZrodla":"Obiekt ochrony ludności","adres":"Aleja Jana Pawła II 190, Kraków","dostepnosc":"Na żądanie"}},{"type":"Feature","id":"OZO-C3BB9B34EF12","geometry":{"type":"Point","coordinates":[19.98694659,50.04031149]},"properties":{"nazwa":"Miejsce ochronne","rodzajZrodla":"Obiekt ochrony ludności","adres":"ul. Lipska 8, Kraków","dostepnosc":"Na żądanie"}},{"type":"Feature","id":"OZO-9D300FCA335B","geometry":{"type":"Point","coordinates":[19.88991409,50.01132836]},"properties":{"nazwa":"Miejsce ochronne","rodzajZrodla":"Obiekt ochrony ludności","adres":"ul. Piltza dr. Jana 31, Kraków","dostepnosc":"Na żądanie"}},{"type":"Feature","id":"OZO-6F321EE19992","geometry":{"type":"Point","coordinates":[19.91776542,50.01898762]},"properties":{"nazwa":"Miejsce ochronne","rodzajZrodla":"Obiekt ochrony ludności","adres":"ul. Zdunów 18K, Kraków","dostepnosc":"Na żądanie"}},{"type":"Feature","id":"OZO-985C50F4BBE6","geometry":{"type":"Point","coordinates":[19.982399803743,50.0946973820485]},"properties":{"nazwa":"Miejsce ochronne","rodzajZrodla":"Obiekt ochrony ludności","adres":"ul. Reduta 26D, Kraków","dostepnosc":"Na żądanie"}},{"type":"Feature","id":"OZO-468C032648D5","geometry":{"type":"Point","coordinates":[19.92048874,50.02362982]},"properties":{"nazwa":"Miejsce ochronne","rodzajZrodla":"Obiekt ochrony ludności","adres":"ul. Krokusowa 4, Kraków","dostepnosc":"Na żądanie"}},{"type":"Feature","id":"OZO-0AE1A3868FFF","geometry":{"type":"Point","coordinates":[19.9513261113089,50.0142213841966]},"properties":{"nazwa":"Miejsce ochronne","rodzajZrodla":"Obiekt ochrony ludności","adres":"ul. Gołaśka 7, Kraków","dostepnosc":"Całodobowa"}},{"type":"Feature","id":"OZO-37D5D63C61C5","geometry":{"type":"Point","coordinates":[19.89462188,50.07733608]},"properties":{"nazwa":"Miejsce ochronne","rodzajZrodla":"Obiekt ochrony ludności","adres":"ul. Stańczyka 9, Kraków","dostepnosc":"Całodobowa"}},{"type":"Feature","id":"OZO-254E344B0E49","geometry":{"type":"Point","coordinates":[19.9200351,50.02382477]},"properties":{"nazwa":"Miejsce ochronne","rodzajZrodla":"Obiekt ochrony ludności","adres":"ul. Krokusowa 4A, Kraków","dostepnosc":"Na żądanie"}},{"type":"Feature","id":"OZO-36964CF9C372","geometry":{"type":"Point","coordinates":[19.97030199,50.02508247]},"properties":{"nazwa":"Miejsce ochronne","rodzajZrodla":"Obiekt ochrony ludności","adres":"ul. Heltmana Wiktora 39, Kraków","dostepnosc":"Na żądanie"}},{"type":"Feature","id":"OZO-FF641BC6BC29","geometry":{"type":"Point","coordinates":[19.94413505,50.0260217]},"properties":{"nazwa":"Miejsce ochronne","rodzajZrodla":"Obiekt ochrony ludności","adres":"ul. Fredry Aleksandra 6S, Kraków","dostepnosc":"Na żądanie"}},{"type":"Feature","id":"OZO-B01B737F8B6D","geometry":{"type":"Point","coordinates":[19.9222508459542,50.0400038988473]},"properties":{"nazwa":"Miejsce ochronne","rodzajZrodla":"Obiekt ochrony ludności","adres":"ul. Ceglarska 16, Kraków","dostepnosc":"Całodobowa"}},{"type":"Feature","id":"OZO-904CB35C8F59","geometry":{"type":"Point","coordinates":[19.91094175,50.07385489]},"properties":{"nazwa":"Miejsce ochronne","rodzajZrodla":"Obiekt ochrony ludności","adres":"ul. Królewska 94, Kraków","dostepnosc":"Na żądanie"}},{"type":"Feature","id":"OZO-0F363059FCAD","geometry":{"type":"Point","coordinates":[19.9322168613115,50.0553408850522]},"properties":{"nazwa":"Miejsce ochronne","rodzajZrodla":"Obiekt ochrony ludności","adres":"Plac Na Groblach 24, Kraków","dostepnosc":"Całodobowa"}},{"type":"Feature","id":"OZO-6509A86E8109","geometry":{"type":"Point","coordinates":[20.04661069,50.08843102]},"properties":{"nazwa":"Miejsce ochronne","rodzajZrodla":"Obiekt ochrony ludności","adres":"ul. Makuszyńskiego Kornela 9, Kraków","dostepnosc":"Na żądanie"}},{"type":"Feature","id":"OZO-867DFBE6F9D5","geometry":{"type":"Point","coordinates":[19.88583998,50.02271164]},"properties":{"nazwa":"Miejsce ochronne","rodzajZrodla":"Obiekt ochrony ludności","adres":"ul. Podole 79, Kraków","dostepnosc":"Na żądanie"}},{"type":"Feature","id":"OZO-8C75445D4470","geometry":{"type":"Point","coordinates":[20.05886523,50.02036462]},"properties":{"nazwa":"Miejsce ochronne","rodzajZrodla":"Obiekt ochrony ludności","adres":"ul. Czeczów Henryka i Karola 46, Kraków","dostepnosc":"Na żądanie"}},{"type":"Feature","id":"OZO-71F901859D03","geometry":{"type":"Point","coordinates":[20.03862319,50.07189406]},"properties":{"nazwa":"Miejsce ochronne","rodzajZrodla":"Obiekt ochrony ludności","adres":"1, Kraków","dostepnosc":"Na żądanie"}},{"type":"Feature","id":"OZO-D4BF31095F97","geometry":{"type":"Point","coordinates":[19.96993158,50.06666353]},"properties":{"nazwa":"Miejsce ochronne","rodzajZrodla":"Obiekt ochrony ludności","adres":"ul. Mogilska 80, Kraków","dostepnosc":"Na żądanie"}},{"type":"Feature","id":"OZO-97F9E849B9D8","geometry":{"type":"Point","coordinates":[20.028759,50.07487012]},"properties":{"nazwa":"Miejsce ochronne","rodzajZrodla":"Obiekt ochrony ludności","adres":"os. Osiedle Kolorowe 7, Kraków","dostepnosc":"Na żądanie"}},{"type":"Feature","id":"OZO-30BE8DF7D061","geometry":{"type":"Point","coordinates":[20.0529271,50.07326864]},"properties":{"nazwa":"Miejsce ochronne","rodzajZrodla":"Obiekt ochrony ludności","adres":"os. Osiedle Stalowe 18, Kraków","dostepnosc":"Na żądanie"}},{"type":"Feature","id":"OZO-D914D74EDC29","geometry":{"type":"Point","coordinates":[20.03964901,50.07806036]},"properties":{"nazwa":"Miejsce ochronne","rodzajZrodla":"Obiekt ochrony ludności","adres":"os. Osiedle Słoneczne 15, Kraków","dostepnosc":"Na żądanie"}},{"type":"Feature","id":"OZO-00CD8B274435","geometry":{"type":"Point","coordinates":[19.90555905,50.0754114]},"properties":{"nazwa":"Miejsce ochronne","rodzajZrodla":"Obiekt ochrony ludności","adres":"ul. Jadwigi z Łobzowa 2, Kraków","dostepnosc":"Na żądanie"}},{"type":"Feature","id":"OZO-69CB82FB6A89","geometry":{"type":"Point","coordinates":[19.95951972,50.05588316]},"properties":{"nazwa":"Miejsce ochronne","rodzajZrodla":"Obiekt ochrony ludności","adres":"ul. Kotlarska 18, Kraków","dostepnosc":"Całodobowa"}},{"type":"Feature","id":"OZO-DDFDE41A23D6","geometry":{"type":"Point","coordinates":[19.93801257,50.08726133]},"properties":{"nazwa":"Miejsce ochronne","rodzajZrodla":"Obiekt ochrony ludności","adres":"ul. Prądnicka 76, Kraków","dostepnosc":"Na żądanie"}},{"type":"Feature","id":"OZO-A4DE53407A42","geometry":{"type":"Point","coordinates":[19.90260805,50.0540721]},"properties":{"nazwa":"Miejsce ochronne","rodzajZrodla":"Obiekt ochrony ludności","adres":"ul. Malczewskiego Jacka 12, Kraków","dostepnosc":"Na żądanie"}},{"type":"Feature","id":"OZO-D0CB1B6A5B2B","geometry":{"type":"Point","coordinates":[19.95857165,50.07427666]},"properties":{"nazwa":"Miejsce ochronne","rodzajZrodla":"Obiekt ochrony ludności","adres":"ul. Grochowska 2, Kraków","dostepnosc":"Określone godziny"}},{"type":"Feature","id":"OZO-931FD293ECB5","geometry":{"type":"Point","coordinates":[20.04489506,50.07693736]},"properties":{"nazwa":"Miejsce ochronne","rodzajZrodla":"Obiekt ochrony ludności","adres":"os. Osiedle Słoneczne 8, Kraków","dostepnosc":"Na żądanie"}},{"type":"Feature","id":"OZO-E51B9166CF9D","geometry":{"type":"Point","coordinates":[20.03117388,50.07321185]},"properties":{"nazwa":"Miejsce ochronne","rodzajZrodla":"Obiekt ochrony ludności","adres":"os. Osiedle Handlowe 3, Kraków","dostepnosc":"Określone godziny"}},{"type":"Feature","id":"OZO-57F9027793D0","geometry":{"type":"Point","coordinates":[20.03248432,50.07508023]},"properties":{"nazwa":"Miejsce ochronne","rodzajZrodla":"Obiekt ochrony ludności","adres":"os. Osiedle Handlowe 8, Kraków","dostepnosc":"Całodobowa"}},{"type":"Feature","id":"OZO-35CF69BCD076","geometry":{"type":"Point","coordinates":[19.90032362,50.07329437]},"properties":{"nazwa":"Miejsce ochronne","rodzajZrodla":"Obiekt ochrony ludności","adres":"ul. Szlachtowskiego Feliksa 31, Kraków","dostepnosc":"Na żądanie"}},{"type":"Feature","id":"OZO-F6C2D279A358","geometry":{"type":"Point","coordinates":[19.84127618,50.04223017]},"properties":{"nazwa":"Miejsce ochronne","rodzajZrodla":"Obiekt ochrony ludności","adres":"ul. Józefa Księcia 299, Kraków","dostepnosc":"Określone godziny"}},{"type":"Feature","id":"OZO-5AE68008B0CF","geometry":{"type":"Point","coordinates":[20.0454813707832,50.0777796795954]},"properties":{"nazwa":"Miejsce ochronne","rodzajZrodla":"Obiekt ochrony ludności","adres":"Osiedle Szkolne 13, Kraków","dostepnosc":"Na żądanie"}},{"type":"Feature","id":"OZO-5DC9175A0C6B","geometry":{"type":"Point","coordinates":[19.92410149,50.0739606]},"properties":{"nazwa":"Miejsce ochronne","rodzajZrodla":"Obiekt ochrony ludności","adres":"al. Aleja Artura Grottgera 28, Kraków","dostepnosc":"Na żądanie"}},{"type":"Feature","id":"OZO-7B7CD725F254","geometry":{"type":"Point","coordinates":[19.91319447755814,50.07459881382995]},"properties":{"nazwa":"Miejsce ochronne","rodzajZrodla":"Obiekt ochrony ludności","adres":"ul. Kazimierza Wielkiego 118, Kraków","dostepnosc":"Całodobowa"}},{"type":"Feature","id":"OZO-3D1597518EA4","geometry":{"type":"Point","coordinates":[19.952062368392944,50.07837028371042]},"properties":{"nazwa":"Miejsce ochronne","rodzajZrodla":"Obiekt ochrony ludności","adres":"ul. Prandoty 10A, Kraków","dostepnosc":"Całodobowa"}},{"type":"Feature","id":"OZO-B11747ECEA07","geometry":{"type":"Point","coordinates":[19.961483627557758,50.08758340301264]},"properties":{"nazwa":"Miejsce ochronne","rodzajZrodla":"Obiekt ochrony ludności","adres":"ul. Dobrego Pasterza 28, Kraków","dostepnosc":"Na żądanie"}},{"type":"Feature","id":"OZO-16E360937353","geometry":{"type":"Point","coordinates":[20.0376147821495,50.0821054854086]},"properties":{"nazwa":"Miejsce ochronne","rodzajZrodla":"Obiekt ochrony ludności","adres":"Osiedle Krakowiaków 45a, Kraków","dostepnosc":"Na żądanie"}},{"type":"Feature","id":"OZO-72AB75566C8D","geometry":{"type":"Point","coordinates":[20.00057539,50.03633142]},"properties":{"nazwa":"Miejsce ochronne","rodzajZrodla":"Obiekt ochrony ludności","adres":"ul. Bagrowa 21, Kraków","dostepnosc":"Na żądanie"}},{"type":"Feature","id":"OZO-8DFBC7EF26F4","geometry":{"type":"Point","coordinates":[19.88977147,50.06534391]},"properties":{"nazwa":"Miejsce ochronne","rodzajZrodla":"Obiekt ochrony ludności","adres":"ul. Borowego Piotra 37A, Kraków","dostepnosc":"Na żądanie"}},{"type":"Feature","id":"OZO-44B7A52AF774","geometry":{"type":"Point","coordinates":[19.9658397811867,50.0924762480424]},"properties":{"nazwa":"Miejsce ochronne","rodzajZrodla":"Obiekt ochrony ludności","adres":"ul. Jakuba Majora 56, Kraków","dostepnosc":"Na żądanie"}},{"type":"Feature","id":"OZO-C539D0BAAF7F","geometry":{"type":"Point","coordinates":[20.04798215,50.0233399]},"properties":{"nazwa":"Miejsce ochronne","rodzajZrodla":"Obiekt ochrony ludności","adres":"ul. Domagały Mariana 45G, Kraków","dostepnosc":"Na żądanie"}},{"type":"Feature","id":"OZO-F5AF821DD457","geometry":{"type":"Point","coordinates":[19.94677718,50.02788362]},"properties":{"nazwa":"Miejsce ochronne","rodzajZrodla":"Obiekt ochrony ludności","adres":"ul. Przyjaźni Polsko-Węgierskiej 4A, Kraków","dostepnosc":"Na żądanie"}},{"type":"Feature","id":"OZO-8D1EF2E5E20F","geometry":{"type":"Point","coordinates":[19.9658200000001,50.0644800000001]},"properties":{"nazwa":"Miejsce ochronne","rodzajZrodla":"Obiekt ochrony ludności","adres":"ul. płk. Francesco Nullo 28, Kraków","dostepnosc":"Na żądanie"}},{"type":"Feature","id":"OZO-5911C018E89C","geometry":{"type":"Point","coordinates":[19.9310941248811,50.0610261829854]},"properties":{"nazwa":"Miejsce ochronne","rodzajZrodla":"Obiekt ochrony ludności","adres":"ul. Jabłonowskich 8, Kraków","dostepnosc":"Całodobowa"}},{"type":"Feature","id":"OZO-B01B1D12D97D","geometry":{"type":"Point","coordinates":[19.958855062723163,50.09691175344518]},"properties":{"nazwa":"Miejsce ochronne","rodzajZrodla":"Obiekt ochrony ludności","adres":"ul. Kuźnicy Kołłątajowskiej 13b, Kraków","dostepnosc":"Na żądanie"}},{"type":"Feature","id":"OZO-1106F8C27FC7","geometry":{"type":"Point","coordinates":[19.893374594852727,50.077983149094436]},"properties":{"nazwa":"Miejsce ochronne","rodzajZrodla":"Obiekt ochrony ludności","adres":"ul. Stańczyka 12, Kraków","dostepnosc":"Całodobowa"}},{"type":"Feature","id":"OZO-79CC1BE760AF","geometry":{"type":"Point","coordinates":[19.9224240214405,50.0786555720382]},"properties":{"nazwa":"Miejsce ochronne","rodzajZrodla":"Obiekt ochrony ludności","adres":"ul. Wrocławska 62, Kraków","dostepnosc":"Całodobowa"}},{"type":"Feature","id":"OZO-7D0B29EA0072","geometry":{"type":"Point","coordinates":[20.01003081,50.10578394]},"properties":{"nazwa":"Miejsce ochronne","rodzajZrodla":"Obiekt ochrony ludności","adres":"ul. Powstańców 80, Kraków","dostepnosc":"Na żądanie"}},{"type":"Feature","id":"OZO-213E948D7E3A","geometry":{"type":"Point","coordinates":[19.99989591,50.08253708]},"properties":{"nazwa":"Miejsce ochronne","rodzajZrodla":"Obiekt ochrony ludności","adres":"ul. Orlińskiego Bolesława 7A, Kraków","dostepnosc":"Całodobowa"}},{"type":"Feature","id":"OZO-D97A215785D8","geometry":{"type":"Point","coordinates":[19.9969348999997,50.0447457999991]},"properties":{"nazwa":"Miejsce ochronne","rodzajZrodla":"Obiekt ochrony ludności","adres":"ul. Myśliwska 53F, Kraków","dostepnosc":"Określone godziny"}},{"type":"Feature","id":"OZO-F08868A60C45","geometry":{"type":"Point","coordinates":[19.95230026,50.10126012]},"properties":{"nazwa":"Miejsce ochronne","rodzajZrodla":"Obiekt ochrony ludności","adres":"ul. Papierni Prądnickich 80, Kraków","dostepnosc":"Na żądanie"}},{"type":"Feature","id":"OZO-5811A1451AAF","geometry":{"type":"Point","coordinates":[19.9780225298248,50.0116885277466]},"properties":{"nazwa":"Miejsce ochronne","rodzajZrodla":"Obiekt ochrony ludności","adres":"ul. Szpakowa 10A, Kraków","dostepnosc":"Całodobowa"}},{"type":"Feature","id":"OZO-0A1558D39119","geometry":{"type":"Point","coordinates":[19.9542115814771,50.0154010951591]},"properties":{"nazwa":"Miejsce ochronne","rodzajZrodla":"Obiekt ochrony ludności","adres":"ul. Gołaśka 8, Kraków","dostepnosc":"Całodobowa"}},{"type":"Feature","id":"OZO-AA7ACBCC0731","geometry":{"type":"Point","coordinates":[19.931967258453373,50.02261666671083]},"properties":{"nazwa":"Miejsce ochronne","rodzajZrodla":"Obiekt ochrony ludności","adres":"ul. Do Wilgi 2 i 2 A, Kraków","dostepnosc":"Na żądanie"}},{"type":"Feature","id":"OZO-61B25BF7FCE6","geometry":{"type":"Point","coordinates":[19.9532147999997,50.0668132999992]},"properties":{"nazwa":"Miejsce ochronne","rodzajZrodla":"Obiekt ochrony ludności","adres":"ul. Topolowa 15, Kraków","dostepnosc":"Na żądanie"}},{"type":"Feature","id":"OZO-2A71CB6EC63D","geometry":{"type":"Point","coordinates":[20.058445483446125,50.097422772748835]},"properties":{"nazwa":"Miejsce ochronne","rodzajZrodla":"Obiekt ochrony ludności","adres":"Osiedle Na Stoku 10c, Kraków","dostepnosc":"Na żądanie"}},{"type":"Feature","id":"OZO-B674FC783E93","geometry":{"type":"Point","coordinates":[19.955258220434192,50.10155202169036]},"properties":{"nazwa":"Miejsce ochronne","rodzajZrodla":"Obiekt ochrony ludności","adres":"ul. Stefana Banacha 51, Kraków","dostepnosc":"Na żądanie"}},{"type":"Feature","id":"OZO-3E4B7882D5E2","geometry":{"type":"Point","coordinates":[19.9002787747476,50.0595082325477]},"properties":{"nazwa":"Miejsce ochronne","rodzajZrodla":"Obiekt ochrony ludności","adres":"ul. Piastowska 11A, Kraków","dostepnosc":"Całodobowa"}},{"type":"Feature","id":"OZO-204D127BA112","geometry":{"type":"Point","coordinates":[20.01440231,50.09538672]},"properties":{"nazwa":"Miejsce ochronne","rodzajZrodla":"Obiekt ochrony ludności","adres":"ul. Piasta Kołodzieja 63e, Kraków","dostepnosc":"Na żądanie"}},{"type":"Feature","id":"OZO-B858C65C8AA9","geometry":{"type":"Point","coordinates":[19.93587436,50.0353327]},"properties":{"nazwa":"Miejsce ochronne","rodzajZrodla":"Obiekt ochrony ludności","adres":"ul. Rydlówka 17, Kraków","dostepnosc":"Na żądanie"}},{"type":"Feature","id":"OZO-7B6C9123A198","geometry":{"type":"Point","coordinates":[19.89003523,50.00961496]},"properties":{"nazwa":"Miejsce ochronne","rodzajZrodla":"Obiekt ochrony ludności","adres":"ul. Piltza dr. Jana 24, Kraków","dostepnosc":"Na żądanie"}},{"type":"Feature","id":"OZO-B8D8752FC055","geometry":{"type":"Point","coordinates":[19.90815488,50.01557808]},"properties":{"nazwa":"Miejsce ochronne","rodzajZrodla":"Obiekt ochrony ludności","adres":"ul. Obozowa 54, Kraków","dostepnosc":"Na żądanie"}},{"type":"Feature","id":"OZO-C6AE48D0EA41","geometry":{"type":"Point","coordinates":[19.91469074,50.02213749]},"properties":{"nazwa":"Miejsce ochronne","rodzajZrodla":"Obiekt ochrony ludności","adres":"ul. Magnolii 9, Kraków","dostepnosc":"Na żądanie"}},{"type":"Feature","id":"OZO-7796288E7313","geometry":{"type":"Point","coordinates":[19.9690639786278,50.066045685702]},"properties":{"nazwa":"Miejsce ochronne","rodzajZrodla":"Obiekt ochrony ludności","adres":"ul. Cystersów 3A, Kraków","dostepnosc":"Całodobowa"}},{"type":"Feature","id":"OZO-540CEF19DD87","geometry":{"type":"Point","coordinates":[20.05005065,50.02468582]},"properties":{"nazwa":"Miejsce ochronne","rodzajZrodla":"Obiekt ochrony ludności","adres":"ul. Domagały Mariana 39, Kraków","dostepnosc":"Na żądanie"}},{"type":"Feature","id":"OZO-E7F00EC9F622","geometry":{"type":"Point","coordinates":[19.89654224,50.01468722]},"properties":{"nazwa":"Miejsce ochronne","rodzajZrodla":"Obiekt ochrony ludności","adres":"ul. Lubostroń 13, Kraków","dostepnosc":"Na żądanie"}},{"type":"Feature","id":"OZO-A3E789DAE51F","geometry":{"type":"Point","coordinates":[20.0107902,50.06410757]},"properties":{"nazwa":"Miejsce ochronne","rodzajZrodla":"Obiekt ochrony ludności","adres":"ul. Centralna 51, Kraków","dostepnosc":"Na żądanie"}},{"type":"Feature","id":"OZO-B441293654DF","geometry":{"type":"Point","coordinates":[20.01307515,50.06181635]},"properties":{"nazwa":"Miejsce ochronne","rodzajZrodla":"Obiekt ochrony ludności","adres":"ul. Ciesielskiego Romana 8A, Kraków","dostepnosc":"Na żądanie"}},{"type":"Feature","id":"OZO-BE141F965D2C","geometry":{"type":"Point","coordinates":[19.98618868,50.07284195]},"properties":{"nazwa":"Miejsce ochronne","rodzajZrodla":"Obiekt ochrony ludności","adres":"al. Aleja Jana Pawła II 52, Kraków","dostepnosc":"Na żądanie"}},{"type":"Feature","id":"OZO-17EB6B29199E","geometry":{"type":"Point","coordinates":[19.9966417588547,50.0847740655767]},"properties":{"nazwa":"Miejsce ochronne","rodzajZrodla":"Obiekt ochrony ludności","adres":"ul. Stanisława Skarżyńskiego 3, Kraków","dostepnosc":"Na żądanie"}},{"type":"Feature","id":"OZO-1BEEE801DC16","geometry":{"type":"Point","coordinates":[19.88625608,50.09104833]},"properties":{"nazwa":"Miejsce ochronne","rodzajZrodla":"Obiekt ochrony ludności","adres":"ul. Smętna 1A, Kraków","dostepnosc":"Na żądanie"}},{"type":"Feature","id":"OZO-E9FC402E1B6A","geometry":{"type":"Point","coordinates":[19.8997525254535,50.0211810612649]},"properties":{"nazwa":"Miejsce ochronne","rodzajZrodla":"Obiekt ochrony ludności","adres":"ul. Profesora Michała Bobrzyńskiego 25, Kraków","dostepnosc":"Na żądanie"}},{"type":"Feature","id":"OZO-369C55EBCD43","geometry":{"type":"Point","coordinates":[20.00267361,50.03549762]},"properties":{"nazwa":"Miejsce ochronne","rodzajZrodla":"Obiekt ochrony ludności","adres":"ul. Mierzeja Wiślana 6b, Kraków","dostepnosc":"Na żądanie"}},{"type":"Feature","id":"OZO-5A8185B05495","geometry":{"type":"Point","coordinates":[19.91219673,50.08158486]},"properties":{"nazwa":"Miejsce ochronne","rodzajZrodla":"Obiekt ochrony ludności","adres":"ul. Czyżewskiego Tytusa 5, Kraków","dostepnosc":"Na żądanie"}},{"type":"Feature","id":"OZO-137FDB448EB1","geometry":{"type":"Point","coordinates":[20.0055643456473,50.1020061006398]},"properties":{"nazwa":"Miejsce ochronne","rodzajZrodla":"Obiekt ochrony ludności","adres":"Osiedle Bohaterów Września 61, Kraków","dostepnosc":"Na żądanie"}},{"type":"Feature","id":"OZO-5E99350B6D9A","geometry":{"type":"Point","coordinates":[20.0153272,50.10530387]},"properties":{"nazwa":"Miejsce ochronne","rodzajZrodla":"Obiekt ochrony ludności","adres":"os. Osiedle Piastów 76, Kraków","dostepnosc":"Na żądanie"}},{"type":"Feature","id":"OZO-FF871DABFE59","geometry":{"type":"Point","coordinates":[19.91865179,50.08324456]},"properties":{"nazwa":"Miejsce ochronne","rodzajZrodla":"Obiekt ochrony ludności","adres":"ul. Wybickiego Józefa 44, Kraków","dostepnosc":"Na żądanie"}},{"type":"Feature","id":"OZO-480D434ABD91","geometry":{"type":"Point","coordinates":[19.93274913,50.01073092]},"properties":{"nazwa":"Miejsce ochronne","rodzajZrodla":"Obiekt ochrony ludności","adres":"ul. Marcika Józefa 14A, Kraków","dostepnosc":"Na żądanie"}},{"type":"Feature","id":"OZO-D3620154D0C7","geometry":{"type":"Point","coordinates":[19.90913585,50.08535695]},"properties":{"nazwa":"Miejsce ochronne","rodzajZrodla":"Obiekt ochrony ludności","adres":"ul. Weissa Wojciecha 10, Kraków","dostepnosc":"Na żądanie"}},{"type":"Feature","id":"OZO-9A3135416AE3","geometry":{"type":"Point","coordinates":[19.9522427,50.1002543]},"properties":{"nazwa":"Miejsce ochronne","rodzajZrodla":"Obiekt ochrony ludności","adres":"ul. Papierni Prądnickich 72, Kraków","dostepnosc":"Na żądanie"}},{"type":"Feature","id":"OZO-C952E32C163B","geometry":{"type":"Point","coordinates":[19.93839184,50.06801551]},"properties":{"nazwa":"Miejsce ochronne","rodzajZrodla":"Obiekt ochrony ludności","adres":"ul. Długa 24, Kraków","dostepnosc":"Na żądanie"}},{"type":"Feature","id":"OZO-02297AD9608F","geometry":{"type":"Point","coordinates":[19.923830777406696,50.02800333647348]},"properties":{"nazwa":"Miejsce ochronne","rodzajZrodla":"Obiekt ochrony ludności","adres":"ul. Wacława Lipińskiego 11, Kraków","dostepnosc":"Całodobowa"}},{"type":"Feature","id":"OZO-3F2EA718CC20","geometry":{"type":"Point","coordinates":[19.96194407,50.10265213]},"properties":{"nazwa":"Miejsce ochronne","rodzajZrodla":"Obiekt ochrony ludności","adres":"ul. Banacha Stefana 10, Kraków","dostepnosc":"Na żądanie"}},{"type":"Feature","id":"OZO-091E1F909D71","geometry":{"type":"Point","coordinates":[19.99615816,50.04569573]},"properties":{"nazwa":"Miejsce ochronne","rodzajZrodla":"Obiekt ochrony ludności","adres":"ul. Myśliwska 66A, Kraków","dostepnosc":"Na żądanie"}},{"type":"Feature","id":"OZO-FEF5F250AF3E","geometry":{"type":"Point","coordinates":[19.97726797,50.01126904]},"properties":{"nazwa":"Miejsce ochronne","rodzajZrodla":"Obiekt ochrony ludności","adres":"ul. Bochenka Adama 14B, Kraków","dostepnosc":"Na żądanie"}},{"type":"Feature","id":"OZO-5C5FD484D252","geometry":{"type":"Point","coordinates":[19.95469833,50.05663287]},"properties":{"nazwa":"Miejsce ochronne","rodzajZrodla":"Obiekt ochrony ludności","adres":"ul. Prochowa 6, Kraków","dostepnosc":"Na żądanie"}},{"type":"Feature","id":"OZO-A604C69F5AB4","geometry":{"type":"Point","coordinates":[20.06211034,50.09803367]},"properties":{"nazwa":"Miejsce ochronne","rodzajZrodla":"Obiekt ochrony ludności","adres":"os. Osiedle Na Wzgórzach 15D, Kraków","dostepnosc":"Na żądanie"}},{"type":"Feature","id":"OZO-1795F2A57B8E","geometry":{"type":"Point","coordinates":[19.95456463,50.0568394]},"properties":{"nazwa":"Miejsce ochronne","rodzajZrodla":"Obiekt ochrony ludności","adres":"ul. Prochowa 6A, Kraków","dostepnosc":"Na żądanie"}},{"type":"Feature","id":"OZO-9D1B101E0868","geometry":{"type":"Point","coordinates":[19.88737228,50.0110694]},"properties":{"nazwa":"Miejsce ochronne","rodzajZrodla":"Obiekt ochrony ludności","adres":"ul. Czerwone Maki 31, Kraków","dostepnosc":"Na żądanie"}},{"type":"Feature","id":"OZO-E4CBB45AB759","geometry":{"type":"Point","coordinates":[19.96926539,50.05756694]},"properties":{"nazwa":"Miejsce ochronne","rodzajZrodla":"Obiekt ochrony ludności","adres":"ul. Grzegórzecka 79A, Kraków","dostepnosc":"Na żądanie"}},{"type":"Feature","id":"OZO-B89016D17EE1","geometry":{"type":"Point","coordinates":[19.9311463,50.07468882]},"properties":{"nazwa":"Miejsce ochronne","rodzajZrodla":"Obiekt ochrony ludności","adres":"ul. Cieszyńska 9a, Kraków","dostepnosc":"Na żądanie"}},{"type":"Feature","id":"OZO-DAA6572B1E08","geometry":{"type":"Point","coordinates":[20.01071352,50.10541092]},"properties":{"nazwa":"Miejsce ochronne","rodzajZrodla":"Obiekt ochrony ludności","adres":"os. Osiedle Bohaterów Września 90, Kraków","dostepnosc":"Na żądanie"}},{"type":"Feature","id":"OZO-3B2E6043D605","geometry":{"type":"Point","coordinates":[20.06235005,50.0975547]},"properties":{"nazwa":"Miejsce ochronne","rodzajZrodla":"Obiekt ochrony ludności","adres":"os. Osiedle Na Wzgórzach 15E, Kraków","dostepnosc":"Na żądanie"}},{"type":"Feature","id":"OZO-E9113DEDBCD0","geometry":{"type":"Point","coordinates":[19.93078168,50.07994994]},"properties":{"nazwa":"Miejsce ochronne","rodzajZrodla":"Obiekt ochrony ludności","adres":"ul. Składowa 16, Kraków","dostepnosc":"Na żądanie"}},{"type":"Feature","id":"OZO-2AB80DEAB5AB","geometry":{"type":"Point","coordinates":[19.96263072,50.08167737]},"properties":{"nazwa":"Miejsce ochronne","rodzajZrodla":"Obiekt ochrony ludności","adres":"ul. Brogi 34, Kraków","dostepnosc":"Na żądanie"}},{"type":"Feature","id":"OZO-E4974F490CD0","geometry":{"type":"Point","coordinates":[19.93424224,50.07005876]},"properties":{"nazwa":"Miejsce ochronne","rodzajZrodla":"Obiekt ochrony ludności","adres":"ul. Krowoderska 40B, Kraków","dostepnosc":"Na żądanie"}},{"type":"Feature","id":"OZO-C3C76DACBC4F","geometry":{"type":"Point","coordinates":[19.99127842,50.04951555]},"properties":{"nazwa":"Miejsce ochronne","rodzajZrodla":"Obiekt ochrony ludności","adres":"ul. Gumniska 32, Kraków","dostepnosc":"Na żądanie"}},{"type":"Feature","id":"OZO-B1599BC4E67E","geometry":{"type":"Point","coordinates":[19.9024702,50.08377538]},"properties":{"nazwa":"Miejsce ochronne","rodzajZrodla":"Obiekt ochrony ludności","adres":"ul. Radzikowskiego Eliasza 43, Kraków","dostepnosc":"Na żądanie"}},{"type":"Feature","id":"OZO-B4582E9D21F9","geometry":{"type":"Point","coordinates":[19.97344286,50.0726356]},"properties":{"nazwa":"Miejsce ochronne","rodzajZrodla":"Obiekt ochrony ludności","adres":"ul. Śliczna 36A, Kraków","dostepnosc":"Na żądanie"}},{"type":"Feature","id":"OZO-9BAFB37B4E26","geometry":{"type":"Point","coordinates":[19.95861746,50.09309269]},"properties":{"nazwa":"Miejsce ochronne","rodzajZrodla":"Obiekt ochrony ludności","adres":"ul. Siewna 2, Kraków","dostepnosc":"Na żądanie"}},{"type":"Feature","id":"OZO-4F2BA6C1BBC7","geometry":{"type":"Point","coordinates":[19.97268207,50.06041163]},"properties":{"nazwa":"Miejsce ochronne","rodzajZrodla":"Obiekt ochrony ludności","adres":"ul. Fabryczna 1B, Kraków","dostepnosc":"Na żądanie"}},{"type":"Feature","id":"OZO-43EA957E9332","geometry":{"type":"Point","coordinates":[19.90958363,50.02169324]},"properties":{"nazwa":"Miejsce ochronne","rodzajZrodla":"Obiekt ochrony ludności","adres":"ul. Kobierzyńska 124, Kraków","dostepnosc":"Na żądanie"}},{"type":"Feature","id":"OZO-B61F0544F27C","geometry":{"type":"Point","coordinates":[19.91710318,50.05533575]},"properties":{"nazwa":"Miejsce ochronne","rodzajZrodla":"Obiekt ochrony ludności","adres":"ul. Salwatorska 17, Kraków","dostepnosc":"Na żądanie"}},{"type":"Feature","id":"OZO-DB43447B6ED6","geometry":{"type":"Point","coordinates":[19.99049656,50.08501742]},"properties":{"nazwa":"Miejsce ochronne","rodzajZrodla":"Obiekt ochrony ludności","adres":"ul. Steca Stefana 1, Kraków","dostepnosc":"Na żądanie"}},{"type":"Feature","id":"OZO-930C84C8B32D","geometry":{"type":"Point","coordinates":[19.96766167,50.05759858]},"properties":{"nazwa":"Miejsce ochronne","rodzajZrodla":"Obiekt ochrony ludności","adres":"ul. Grzegórzecka 79C, Kraków","dostepnosc":"Na żądanie"}},{"type":"Feature","id":"OZO-18CC2EF54BED","geometry":{"type":"Point","coordinates":[20.06659385,50.0667616]},"properties":{"nazwa":"Miejsce ochronne","rodzajZrodla":"Obiekt ochrony ludności","adres":"ul. Bardosa 18, Kraków","dostepnosc":"Na żądanie"}},{"type":"Feature","id":"OZO-BB4DF04B0ABC","geometry":{"type":"Point","coordinates":[19.99490389045526,50.079601245269]},"properties":{"nazwa":"Miejsce ochronne","rodzajZrodla":"Obiekt ochrony ludności","adres":"ul. prof. Michała Życzkowskiego 18, Kraków","dostepnosc":"Na żądanie"}},{"type":"Feature","id":"OZO-41FABC27995D","geometry":{"type":"Point","coordinates":[19.95121869,50.07886762]},"properties":{"nazwa":"Miejsce ochronne","rodzajZrodla":"Obiekt ochrony ludności","adres":"ul. Prandoty 10c, Kraków","dostepnosc":"Na żądanie"}},{"type":"Feature","id":"OZO-0D5E54C1625A","geometry":{"type":"Point","coordinates":[20.04724453,50.10928333]},"properties":{"nazwa":"Miejsce ochronne","rodzajZrodla":"Obiekt ochrony ludności","adres":"ul. Kantorowicka 215, Kraków","dostepnosc":"Na żądanie"}},{"type":"Feature","id":"OZO-47BCFA5C6239","geometry":{"type":"Point","coordinates":[19.8846062,50.01558114]},"properties":{"nazwa":"Miejsce ochronne","rodzajZrodla":"Obiekt ochrony ludności","adres":"ul. Bunscha Karola 14A, Kraków","dostepnosc":"Na żądanie"}},{"type":"Feature","id":"OZO-5F9C4AEF2322","geometry":{"type":"Point","coordinates":[19.96954676,50.02725271]},"properties":{"nazwa":"Miejsce ochronne","rodzajZrodla":"Obiekt ochrony ludności","adres":"ul. Heltmana Wiktora 58, Kraków","dostepnosc":"Na żądanie"}},{"type":"Feature","id":"OZO-54E000F8BBF7","geometry":{"type":"Point","coordinates":[19.94579357,50.05884457]},"properties":{"nazwa":"Miejsce ochronne","rodzajZrodla":"Obiekt ochrony ludności","adres":"ul. Librowszczyzna 3, Kraków","dostepnosc":"Na żądanie"}},{"type":"Feature","id":"OZO-3C1E66353F21","geometry":{"type":"Point","coordinates":[19.91633439,50.05791971]},"properties":{"nazwa":"Miejsce ochronne","rodzajZrodla":"Obiekt ochrony ludności","adres":"al. Aleja Marszałka Ferdinanda Focha 27, Kraków","dostepnosc":"Na żądanie"}},{"type":"Feature","id":"OZO-A0D98DCF0409","geometry":{"type":"Point","coordinates":[19.93270644,50.03561159]},"properties":{"nazwa":"Miejsce ochronne","rodzajZrodla":"Obiekt ochrony ludności","adres":"ul. Rydlówka 40, Kraków","dostepnosc":"Na żądanie"}},{"type":"Feature","id":"OZO-09E0EB0ABCE1","geometry":{"type":"Point","coordinates":[19.98709243,50.09106562]},"properties":{"nazwa":"Miejsce ochronne","rodzajZrodla":"Obiekt ochrony ludności","adres":"ul. Bohomolca Franciszka 13, Kraków","dostepnosc":"Na żądanie"}},{"type":"Feature","id":"OZO-167E4277E4B0","geometry":{"type":"Point","coordinates":[20.01043169,50.10626141]},"properties":{"nazwa":"Miejsce ochronne","rodzajZrodla":"Obiekt ochrony ludności","adres":"ul. Powstańców 84, Kraków","dostepnosc":"Na żądanie"}},{"type":"Feature","id":"OZO-C3B4C683796D","geometry":{"type":"Point","coordinates":[19.95625443,50.07282723]},"properties":{"nazwa":"Miejsce ochronne","rodzajZrodla":"Obiekt ochrony ludności","adres":"ul. Rakowicka 35, Kraków","dostepnosc":"Na żądanie"}},{"type":"Feature","id":"OZO-8C9F3171BF58","geometry":{"type":"Point","coordinates":[19.889108,50.00885603]},"properties":{"nazwa":"Miejsce ochronne","rodzajZrodla":"Obiekt ochrony ludności","adres":"ul. Piltza dr. Jana 17, Kraków","dostepnosc":"Na żądanie"}},{"type":"Feature","id":"OZO-E0162876C7F1","geometry":{"type":"Point","coordinates":[19.98124534,50.07081038]},"properties":{"nazwa":"Miejsce ochronne","rodzajZrodla":"Obiekt ochrony ludności","adres":"ul. Mogilska 130, Kraków","dostepnosc":"Na żądanie"}},{"type":"Feature","id":"OZO-78763620D171","geometry":{"type":"Point","coordinates":[19.92818921,50.08307143]},"properties":{"nazwa":"Miejsce ochronne","rodzajZrodla":"Obiekt ochrony ludności","adres":"ul. Wybickiego Józefa 5c, Kraków","dostepnosc":"Na żądanie"}},{"type":"Feature","id":"OZO-9DB507BECCD6","geometry":{"type":"Point","coordinates":[19.92808308,50.10046908]},"properties":{"nazwa":"Miejsce ochronne","rodzajZrodla":"Obiekt ochrony ludności","adres":"ul. Glogera Zygmunta 21, Kraków","dostepnosc":"Na żądanie"}},{"type":"Feature","id":"OZO-E315E93DE0D2","geometry":{"type":"Point","coordinates":[19.89039435,50.09277212]},"properties":{"nazwa":"Miejsce ochronne","rodzajZrodla":"Obiekt ochrony ludności","adres":"ul. Sosnowiecka 34, Kraków","dostepnosc":"Na żądanie"}},{"type":"Feature","id":"OZO-D7FE7030E7FD","geometry":{"type":"Point","coordinates":[19.91648604,50.02445563]},"properties":{"nazwa":"Miejsce ochronne","rodzajZrodla":"Obiekt ochrony ludności","adres":"ul. Pszczelna 38, Kraków","dostepnosc":"Na żądanie"}},{"type":"Feature","id":"OZO-ABFE12008482","geometry":{"type":"Point","coordinates":[19.88377011,50.01178552]},"properties":{"nazwa":"Miejsce ochronne","rodzajZrodla":"Obiekt ochrony ludności","adres":"ul. Bunscha Karola 23, Kraków","dostepnosc":"Na żądanie"}},{"type":"Feature","id":"OZO-041529863E7C","geometry":{"type":"Point","coordinates":[19.9690369,50.07619562]},"properties":{"nazwa":"Miejsce ochronne","rodzajZrodla":"Obiekt ochrony ludności","adres":"ul. Raciborskiego Mariana 2, Kraków","dostepnosc":"Na żądanie"}},{"type":"Feature","id":"OZO-DC69775D65E5","geometry":{"type":"Point","coordinates":[19.92498255,50.05415785]},"properties":{"nazwa":"Miejsce ochronne","rodzajZrodla":"Obiekt ochrony ludności","adres":"ul. Kościuszki Tadeusza 22, Kraków","dostepnosc":"Na żądanie"}},{"type":"Feature","id":"OZO-27598297BBC8","geometry":{"type":"Point","coordinates":[19.94759009,50.07397613]},"properties":{"nazwa":"Miejsce ochronne","rodzajZrodla":"Obiekt ochrony ludności","adres":"ul. Kątowa 13, Kraków","dostepnosc":"Na żądanie"}},{"type":"Feature","id":"OZO-93120979C031","geometry":{"type":"Point","coordinates":[19.90356303,50.0956761]},"properties":{"nazwa":"Miejsce ochronne","rodzajZrodla":"Obiekt ochrony ludności","adres":"ul. Piaskowa 9, Kraków","dostepnosc":"Na żądanie"}},{"type":"Feature","id":"OZO-A2B1FCDE6900","geometry":{"type":"Point","coordinates":[19.8874204,50.0178401]},"properties":{"nazwa":"Miejsce ochronne","rodzajZrodla":"Obiekt ochrony ludności","adres":"ul. Woźniczki insp. Marka 2, Kraków","dostepnosc":"Na żądanie"}},{"type":"Feature","id":"OZO-98775EBB3FEB","geometry":{"type":"Point","coordinates":[19.96644987,50.09764326]},"properties":{"nazwa":"Miejsce ochronne","rodzajZrodla":"Obiekt ochrony ludności","adres":"ul. Grabczaka Ignacego 8, Kraków","dostepnosc":"Na żądanie"}},{"type":"Feature","id":"OZO-39A9FDAA3EC8","geometry":{"type":"Point","coordinates":[19.93289382,50.03655377]},"properties":{"nazwa":"Miejsce ochronne","rodzajZrodla":"Obiekt ochrony ludności","adres":"ul. Rydlówka 35, Kraków","dostepnosc":"Na żądanie"}},{"type":"Feature","id":"OZO-5E342DB8D7EE","geometry":{"type":"Point","coordinates":[19.99371769,50.04897451]},"properties":{"nazwa":"Miejsce ochronne","rodzajZrodla":"Obiekt ochrony ludności","adres":"ul. Lasówka 30, Kraków","dostepnosc":"Na żądanie"}},{"type":"Feature","id":"OZO-24C9758D6F96","geometry":{"type":"Point","coordinates":[20.05672481,50.10294372]},"properties":{"nazwa":"Miejsce ochronne","rodzajZrodla":"Obiekt ochrony ludności","adres":"ul. Morcinka Gustawa 86b, Kraków","dostepnosc":"Na żądanie"}},{"type":"Feature","id":"OZO-E23A1FB4CF40","geometry":{"type":"Point","coordinates":[19.92760678,50.10352665]},"properties":{"nazwa":"Miejsce ochronne","rodzajZrodla":"Obiekt ochrony ludności","adres":"ul. Glogera Zygmunta 32, Kraków","dostepnosc":"Na żądanie"}},{"type":"Feature","id":"OZO-641E0BAB5D2E","geometry":{"type":"Point","coordinates":[19.8971106204656,49.9972807615982]},"properties":{"nazwa":"Miejsce ochronne","rodzajZrodla":"Obiekt ochrony ludności","adres":"ul. Profesora Wojciecha Marii Bartla 19I, Kraków","dostepnosc":"Całodobowa"}},{"type":"Feature","id":"OZO-943474DDDD92","geometry":{"type":"Point","coordinates":[19.99573706,50.04931507]},"properties":{"nazwa":"Miejsce ochronne","rodzajZrodla":"Obiekt ochrony ludności","adres":"ul. Lasówka 30D, Kraków","dostepnosc":"Na żądanie"}},{"type":"Feature","id":"OZO-659AB7B5DAC6","geometry":{"type":"Point","coordinates":[19.99538534,50.0490457]},"properties":{"nazwa":"Miejsce ochronne","rodzajZrodla":"Obiekt ochrony ludności","adres":"ul. Lasówka 30B, Kraków","dostepnosc":"Na żądanie"}},{"type":"Feature","id":"OZO-228641E0BAFD","geometry":{"type":"Point","coordinates":[19.9754865,50.01409997]},"properties":{"nazwa":"Miejsce ochronne","rodzajZrodla":"Obiekt ochrony ludności","adres":"ul. Podedworze 9, Kraków","dostepnosc":"Na żądanie"}},{"type":"Feature","id":"OZO-00FE438E118F","geometry":{"type":"Point","coordinates":[20.04446184,50.10830853]},"properties":{"nazwa":"Miejsce ochronne","rodzajZrodla":"Obiekt ochrony ludności","adres":"ul. Morcinka Gustawa 13d, Kraków","dostepnosc":"Na żądanie"}},{"type":"Feature","id":"OZO-2AE645E85F4F","geometry":{"type":"Point","coordinates":[20.0442599,50.10797688]},"properties":{"nazwa":"Miejsce ochronne","rodzajZrodla":"Obiekt ochrony ludności","adres":"ul. Morcinka Gustawa 13c, Kraków","dostepnosc":"Na żądanie"}},{"type":"Feature","id":"OZO-B0B19FE4462F","geometry":{"type":"Point","coordinates":[19.92790125,50.07815504]},"properties":{"nazwa":"Miejsce ochronne","rodzajZrodla":"Obiekt ochrony ludności","adres":"ul. Oboźna 13, Kraków","dostepnosc":"Na żądanie"}},{"type":"Feature","id":"OZO-C9C500968F9D","geometry":{"type":"Point","coordinates":[19.95680271,50.09504786]},"properties":{"nazwa":"Miejsce ochronne","rodzajZrodla":"Obiekt ochrony ludności","adres":"ul. Bociana 8a, Kraków","dostepnosc":"Na żądanie"}},{"type":"Feature","id":"OZO-D3ADB1D96966","geometry":{"type":"Point","coordinates":[19.96458228,50.05544051]},"properties":{"nazwa":"Miejsce ochronne","rodzajZrodla":"Obiekt ochrony ludności","adres":"ul. Grzegórzecka 69e, Kraków","dostepnosc":"Na żądanie"}},{"type":"Feature","id":"OZO-C98111C96DFC","geometry":{"type":"Point","coordinates":[19.99037064,50.01187238]},"properties":{"nazwa":"Miejsce ochronne","rodzajZrodla":"Obiekt ochrony ludności","adres":"ul. Badurskiego Andrzeja 9, Kraków","dostepnosc":"Na żądanie"}},{"type":"Feature","id":"OZO-E379E558E59B","geometry":{"type":"Point","coordinates":[19.8865688,50.08782031]},"properties":{"nazwa":"Miejsce ochronne","rodzajZrodla":"Obiekt ochrony ludności","adres":"ul. Wizjonerów 8, Kraków","dostepnosc":"Na żądanie"}},{"type":"Feature","id":"OZO-58BFF30E0885","geometry":{"type":"Point","coordinates":[19.99573689,50.03799432]},"properties":{"nazwa":"Miejsce ochronne","rodzajZrodla":"Obiekt ochrony ludności","adres":"ul. Siemienowicza Kazimierza 10, Kraków","dostepnosc":"Na żądanie"}},{"type":"Feature","id":"OZO-2C2E838486BF","geometry":{"type":"Point","coordinates":[20.04777553,50.0813809]},"properties":{"nazwa":"Miejsce ochronne","rodzajZrodla":"Obiekt ochrony ludności","adres":"ul. Bulwarowa 35, Kraków","dostepnosc":"Na żądanie"}},{"type":"Feature","id":"OZO-9AEB02479E0A","geometry":{"type":"Point","coordinates":[19.9672155675462,50.0121782473735]},"properties":{"nazwa":"Miejsce ochronne","rodzajZrodla":"Obiekt ochrony ludności","adres":"ul. Tuchowska 4, Kraków","dostepnosc":"Całodobowa"}},{"type":"Feature","id":"OZO-E655040A689D","geometry":{"type":"Point","coordinates":[19.96217694,50.02022625]},"properties":{"nazwa":"Miejsce ochronne","rodzajZrodla":"Obiekt ochrony ludności","adres":"ul. Białoruska 69, Kraków","dostepnosc":"Na żądanie"}},{"type":"Feature","id":"OZO-EB6FE802434B","geometry":{"type":"Point","coordinates":[19.99738781,50.04313603]},"properties":{"nazwa":"Miejsce ochronne","rodzajZrodla":"Obiekt ochrony ludności","adres":"ul. Myśliwska 55b, Kraków","dostepnosc":"Na żądanie"}},{"type":"Feature","id":"OZO-E2985CDA087B","geometry":{"type":"Point","coordinates":[19.98411566,50.09526038]},"properties":{"nazwa":"Miejsce ochronne","rodzajZrodla":"Obiekt ochrony ludności","adres":"ul. Reduta 40e, Kraków","dostepnosc":"Na żądanie"}},{"type":"Feature","id":"OZO-027A570486C2","geometry":{"type":"Point","coordinates":[19.98471538,50.09522009]},"properties":{"nazwa":"Miejsce ochronne","rodzajZrodla":"Obiekt ochrony ludności","adres":"ul. Reduta 40d, Kraków","dostepnosc":"Na żądanie"}},{"type":"Feature","id":"OZO-C359B31190DF","geometry":{"type":"Point","coordinates":[19.95755234,50.0673923]},"properties":{"nazwa":"Miejsce ochronne","rodzajZrodla":"Obiekt ochrony ludności","adres":"ul. Lubomirskiego Aleksandra 16, Kraków","dostepnosc":"Na żądanie"}},{"type":"Feature","id":"OZO-AC22455F15F4","geometry":{"type":"Point","coordinates":[19.91975909,50.03386561]},"properties":{"nazwa":"Miejsce ochronne","rodzajZrodla":"Obiekt ochrony ludności","adres":"ul. Pychowicka 3b, Kraków","dostepnosc":"Na żądanie"}},{"type":"Feature","id":"OZO-1AC7DB9CC56F","geometry":{"type":"Point","coordinates":[19.9257699818936,50.0329049816508]},"properties":{"nazwa":"Miejsce ochronne","rodzajZrodla":"Obiekt ochrony ludności","adres":"ul. Kapelanka 56, Kraków","dostepnosc":"Określone godziny"}},{"type":"Feature","id":"OZO-07CA9DE273D3","geometry":{"type":"Point","coordinates":[19.97390956,50.04791191]},"properties":{"nazwa":"Miejsce ochronne","rodzajZrodla":"Obiekt ochrony ludności","adres":"ul. Pana Tadeusza 10, Kraków","dostepnosc":"Na żądanie"}},{"type":"Feature","id":"OZO-27F01A47F223","geometry":{"type":"Point","coordinates":[19.90323852,50.08630304]},"properties":{"nazwa":"Miejsce ochronne","rodzajZrodla":"Obiekt ochrony ludności","adres":"ul. Czerwieńskiego Bolesława 3, Kraków","dostepnosc":"Na żądanie"}},{"type":"Feature","id":"OZO-3A4538F55E53","geometry":{"type":"Point","coordinates":[19.92236491,50.09878836]},"properties":{"nazwa":"Miejsce ochronne","rodzajZrodla":"Obiekt ochrony ludności","adres":"ul. Piaszczysta 31, Kraków","dostepnosc":"Na żądanie"}},{"type":"Feature","id":"OZO-C958F7134FC3","geometry":{"type":"Point","coordinates":[19.89040915,50.00982233]},"properties":{"nazwa":"Miejsce ochronne","rodzajZrodla":"Obiekt ochrony ludności","adres":"ul. Piltza dr. Jana 26, Kraków","dostepnosc":"Na żądanie"}},{"type":"Feature","id":"OZO-83B89D285AF1","geometry":{"type":"Point","coordinates":[19.95230832,50.10080034]},"properties":{"nazwa":"Miejsce ochronne","rodzajZrodla":"Obiekt ochrony ludności","adres":"ul. Papierni Prądnickich 76, Kraków","dostepnosc":"Na żądanie"}},{"type":"Feature","id":"OZO-4C3857730467","geometry":{"type":"Point","coordinates":[19.99374855,50.0135569]},"properties":{"nazwa":"Miejsce ochronne","rodzajZrodla":"Obiekt ochrony ludności","adres":"ul. Medyczna 15, Kraków","dostepnosc":"Na żądanie"}},{"type":"Feature","id":"OZO-58D13784664C","geometry":{"type":"Point","coordinates":[20.01004696,50.01119492]},"properties":{"nazwa":"Miejsce ochronne","rodzajZrodla":"Obiekt ochrony ludności","adres":"ul. Jerzmanowskiego Erazma 37, Kraków","dostepnosc":"Na żądanie"}},{"type":"Feature","id":"OZO-6523B2994928","geometry":{"type":"Point","coordinates":[19.93082194,50.09898361]},"properties":{"nazwa":"Miejsce ochronne","rodzajZrodla":"Obiekt ochrony ludności","adres":"ul. Glogera Zygmunta 2, Kraków","dostepnosc":"Na żądanie"}},{"type":"Feature","id":"OZO-D73DDF10F3BD","geometry":{"type":"Point","coordinates":[19.88836356,50.09629852]},"properties":{"nazwa":"Miejsce ochronne","rodzajZrodla":"Obiekt ochrony ludności","adres":"ul. Stawowa 158, Kraków","dostepnosc":"Na żądanie"}},{"type":"Feature","id":"OZO-D24BBC9B78B9","geometry":{"type":"Point","coordinates":[19.95687621,50.10252635]},"properties":{"nazwa":"Miejsce ochronne","rodzajZrodla":"Obiekt ochrony ludności","adres":"ul. Banacha Stefana 28, Kraków","dostepnosc":"Na żądanie"}},{"type":"Feature","id":"OZO-85DADFBCFBD3","geometry":{"type":"Point","coordinates":[19.95744135,50.06047545]},"properties":{"nazwa":"Miejsce ochronne","rodzajZrodla":"Obiekt ochrony ludności","adres":"ul. Żółkiewskiego Hetmana 36, Kraków","dostepnosc":"Na żądanie"}},{"type":"Feature","id":"OZO-69A8790D1D3E","geometry":{"type":"Point","coordinates":[20.00194063,50.02271829]},"properties":{"nazwa":"Miejsce ochronne","rodzajZrodla":"Obiekt ochrony ludności","adres":"ul. Bieżanowska 98B, Kraków","dostepnosc":"Na żądanie"}},{"type":"Feature","id":"OZO-FFA8C0E1716B","geometry":{"type":"Point","coordinates":[19.9832158,50.04560365]},"properties":{"nazwa":"Miejsce ochronne","rodzajZrodla":"Obiekt ochrony ludności","adres":"ul. Saska 9b, Kraków","dostepnosc":"Na żądanie"}},{"type":"Feature","id":"OZO-564BF8A6FAC9","geometry":{"type":"Point","coordinates":[19.88017129,50.0137104]},"properties":{"nazwa":"Miejsce ochronne","rodzajZrodla":"Obiekt ochrony ludności","adres":"ul. Federowicza Jana Kantego 23, Kraków","dostepnosc":"Na żądanie"}},{"type":"Feature","id":"OZO-F4BF20A99F4A","geometry":{"type":"Point","coordinates":[19.96089406,50.04456925]},"properties":{"nazwa":"Miejsce ochronne","rodzajZrodla":"Obiekt ochrony ludności","adres":"ul. Dąbrowskiego 23, Kraków","dostepnosc":"Na żądanie"}},{"type":"Feature","id":"OZO-6531DE82AB3F","geometry":{"type":"Point","coordinates":[19.9739037733403,50.0213872827689]},"properties":{"nazwa":"Miejsce ochronne","rodzajZrodla":"Obiekt ochrony ludności","adres":"ul. Macedońska 23, Kraków","dostepnosc":"Całodobowa"}},{"type":"Feature","id":"OZO-FD438DA92C6D","geometry":{"type":"Point","coordinates":[19.96498457,50.04794387]},"properties":{"nazwa":"Miejsce ochronne","rodzajZrodla":"Obiekt ochrony ludności","adres":"ul. Romanowicza Tadeusza 4B, Kraków","dostepnosc":"Na żądanie"}},{"type":"Feature","id":"OZO-8735224F8D60","geometry":{"type":"Point","coordinates":[19.92065245,50.03414959]},"properties":{"nazwa":"Miejsce ochronne","rodzajZrodla":"Obiekt ochrony ludności","adres":"ul. Pychowicka 3c, Kraków","dostepnosc":"Na żądanie"}},{"type":"Feature","id":"OZO-F3B23D92996E","geometry":{"type":"Point","coordinates":[20.000094,50.01545114]},"properties":{"nazwa":"Miejsce ochronne","rodzajZrodla":"Obiekt ochrony ludności","adres":"ul. Republiki Korczakowskiej 21, Kraków","dostepnosc":"Na żądanie"}},{"type":"Feature","id":"OZO-2FB196E57CF9","geometry":{"type":"Point","coordinates":[20.10093104,50.10304397]},"properties":{"nazwa":"Miejsce ochronne","rodzajZrodla":"Obiekt ochrony ludności","adres":"ul. Łuczanowicka 44, Kraków","dostepnosc":"Na żądanie"}},{"type":"Feature","id":"OZO-06320039A691","geometry":{"type":"Point","coordinates":[19.8998213,50.08467375]},"properties":{"nazwa":"Miejsce ochronne","rodzajZrodla":"Obiekt ochrony ludności","adres":"ul. Radzikowskiego Eliasza 98, Kraków","dostepnosc":"Na żądanie"}},{"type":"Feature","id":"OZO-03A7FC38CC7E","geometry":{"type":"Point","coordinates":[19.92560144,50.0992257]},"properties":{"nazwa":"Miejsce ochronne","rodzajZrodla":"Obiekt ochrony ludności","adres":"ul. Glogera Zygmunta 7, Kraków","dostepnosc":"Na żądanie"}},{"type":"Feature","id":"OZO-ECC2D69CB598","geometry":{"type":"Point","coordinates":[19.96615411,50.00943017]},"properties":{"nazwa":"Miejsce ochronne","rodzajZrodla":"Obiekt ochrony ludności","adres":"ul. Tuchowska 22, Kraków","dostepnosc":"Na żądanie"}},{"type":"Feature","id":"OZO-2FA20139E487","geometry":{"type":"Point","coordinates":[19.95493477,50.0567817]},"properties":{"nazwa":"Miejsce ochronne","rodzajZrodla":"Obiekt ochrony ludności","adres":"ul. Prochowa 8a, Kraków","dostepnosc":"Na żądanie"}},{"type":"Feature","id":"OZO-878E208BC2C0","geometry":{"type":"Point","coordinates":[20.00682949,50.06026972]},"properties":{"nazwa":"Miejsce ochronne","rodzajZrodla":"Obiekt ochrony ludności","adres":"ul. Galicyjska 10, Kraków","dostepnosc":"Na żądanie"}},{"type":"Feature","id":"OZO-69122D044AF8","geometry":{"type":"Point","coordinates":[19.93009193,50.08003563]},"properties":{"nazwa":"Miejsce ochronne","rodzajZrodla":"Obiekt ochrony ludności","adres":"ul. Składowa 22, Kraków","dostepnosc":"Na żądanie"}},{"type":"Feature","id":"OZO-E5793C60546F","geometry":{"type":"Point","coordinates":[19.93998705,50.0952118]},"properties":{"nazwa":"Miejsce ochronne","rodzajZrodla":"Obiekt ochrony ludności","adres":"ul. Górnickiego Łukasza 11, Kraków","dostepnosc":"Na żądanie"}},{"type":"Feature","id":"OZO-C44F05082887","geometry":{"type":"Point","coordinates":[20.06217632,50.10029763]},"properties":{"nazwa":"Miejsce ochronne","rodzajZrodla":"Obiekt ochrony ludności","adres":"ul. Niebyła 7c, Kraków","dostepnosc":"Na żądanie"}},{"type":"Feature","id":"OZO-F12A28C4D811","geometry":{"type":"Point","coordinates":[19.92662547,50.09910549]},"properties":{"nazwa":"Miejsce ochronne","rodzajZrodla":"Obiekt ochrony ludności","adres":"ul. Glogera Zygmunta 9, Kraków","dostepnosc":"Na żądanie"}},{"type":"Feature","id":"OZO-88933450CC56","geometry":{"type":"Point","coordinates":[20.0038021,50.00989523]},"properties":{"nazwa":"Miejsce ochronne","rodzajZrodla":"Obiekt ochrony ludności","adres":"ul. Orwid Marii 11, Kraków","dostepnosc":"Na żądanie"}},{"type":"Feature","id":"OZO-6E92C4A9CC6C","geometry":{"type":"Point","coordinates":[19.99627419,50.04682986]},"properties":{"nazwa":"Miejsce ochronne","rodzajZrodla":"Obiekt ochrony ludności","adres":"ul. Myśliwska 66c, Kraków","dostepnosc":"Na żądanie"}},{"type":"Feature","id":"OZO-97B059D622CE","geometry":{"type":"Point","coordinates":[19.9825047225365,50.0943249996422]},"properties":{"nazwa":"Miejsce ochronne","rodzajZrodla":"Obiekt ochrony ludności","adres":"ul. Reduta 30A, Kraków","dostepnosc":"Na żądanie"}},{"type":"Feature","id":"OZO-09D80E033688","geometry":{"type":"Point","coordinates":[19.88128785,50.0137087]},"properties":{"nazwa":"Miejsce ochronne","rodzajZrodla":"Obiekt ochrony ludności","adres":"ul. Federowicza Jana Kantego 19, Kraków","dostepnosc":"Na żądanie"}},{"type":"Feature","id":"OZO-C5F405230568","geometry":{"type":"Point","coordinates":[19.96288492,50.08685224]},"properties":{"nazwa":"Miejsce ochronne","rodzajZrodla":"Obiekt ochrony ludności","adres":"ul. Dominikanów 28, Kraków","dostepnosc":"Na żądanie"}},{"type":"Feature","id":"OZO-673E4D3F17C6","geometry":{"type":"Point","coordinates":[19.95348751,50.09965036]},"properties":{"nazwa":"Miejsce ochronne","rodzajZrodla":"Obiekt ochrony ludności","adres":"ul. Papierni Prądnickich 71, Kraków","dostepnosc":"Na żądanie"}},{"type":"Feature","id":"OZO-38DE8B6A6C9D","geometry":{"type":"Point","coordinates":[19.91414451,50.03093329]},"properties":{"nazwa":"Miejsce ochronne","rodzajZrodla":"Obiekt ochrony ludności","adres":"ul. Kamieniarska 37, Kraków","dostepnosc":"Na żądanie"}},{"type":"Feature","id":"OZO-42B29E7AE48C","geometry":{"type":"Point","coordinates":[19.94049221,50.05197426]},"properties":{"nazwa":"Miejsce ochronne","rodzajZrodla":"Obiekt ochrony ludności","adres":"ul. Agnieszki św. 8, Kraków","dostepnosc":"Na żądanie"}},{"type":"Feature","id":"OZO-19B4E1162B9C","geometry":{"type":"Point","coordinates":[20.0028397,50.03624656]},"properties":{"nazwa":"Miejsce ochronne","rodzajZrodla":"Obiekt ochrony ludności","adres":"ul. Mierzeja Wiślana 6, Kraków","dostepnosc":"Na żądanie"}},{"type":"Feature","id":"OZO-065A13E6A357","geometry":{"type":"Point","coordinates":[19.91900558,50.03339653]},"properties":{"nazwa":"Miejsce ochronne","rodzajZrodla":"Obiekt ochrony ludności","adres":"ul. Pychowicka 11, Kraków","dostepnosc":"Na żądanie"}},{"type":"Feature","id":"OZO-F2F878F7D004","geometry":{"type":"Point","coordinates":[19.9203537,50.08143392]},"properties":{"nazwa":"Miejsce ochronne","rodzajZrodla":"Obiekt ochrony ludności","adres":"ul. Racławicka 58, Kraków","dostepnosc":"Na żądanie"}},{"type":"Feature","id":"OZO-3898376F7A27","geometry":{"type":"Point","coordinates":[19.99477018,50.01219772]},"properties":{"nazwa":"Miejsce ochronne","rodzajZrodla":"Obiekt ochrony ludności","adres":"ul. Medyczna 7a, Kraków","dostepnosc":"Na żądanie"}},{"type":"Feature","id":"OZO-FA6AFF8F8378","geometry":{"type":"Point","coordinates":[19.874423146247867,50.06655569285161]},"properties":{"nazwa":"Miejsce ochronne","rodzajZrodla":"Obiekt ochrony ludności","adres":"ul. KrólowejJadwigi 225, Kraków","dostepnosc":"Całodobowa"}},{"type":"Feature","id":"OZO-A66D41404D72","geometry":{"type":"Point","coordinates":[19.96394119973,50.0173905608071]},"properties":{"nazwa":"Miejsce ochronne","rodzajZrodla":"Obiekt ochrony ludności","adres":"ul. Białoruska 41, Kraków","dostepnosc":"Całodobowa"}},{"type":"Feature","id":"OZO-BB50A70F936C","geometry":{"type":"Point","coordinates":[19.950022548437122,50.09073779664562]},"properties":{"nazwa":"Miejsce ochronne","rodzajZrodla":"Obiekt ochrony ludności","adres":"ul. Grażyny 18, Kraków","dostepnosc":"Na żądanie"}},{"type":"Feature","id":"OZO-5D4ADEC1DB1F","geometry":{"type":"Point","coordinates":[19.8857061930123,50.0805932347703]},"properties":{"nazwa":"Miejsce ochronne","rodzajZrodla":"Obiekt ochrony ludności","adres":"ul. Na Błonie 3c, Kraków","dostepnosc":"Całodobowa"}},{"type":"Feature","id":"OZO-AEE7B1080A21","geometry":{"type":"Point","coordinates":[19.9864623788681,50.0670364685669]},"properties":{"nazwa":"Miejsce ochronne","rodzajZrodla":"Obiekt ochrony ludności","adres":"ul. Dąbska 24, Kraków","dostepnosc":"Na żądanie"}},{"type":"Feature","id":"OZO-39FFBFFE4B1B","geometry":{"type":"Point","coordinates":[19.8660172584241,50.00684124434517]},"properties":{"nazwa":"Miejsce ochronne","rodzajZrodla":"Obiekt ochrony ludności","adres":"ul. Kozienicka 24, Kraków","dostepnosc":"Na żądanie"}},{"type":"Feature","id":"OZO-C32EEBED4A95","geometry":{"type":"Point","coordinates":[19.867256234676336,50.00525459091218]},"properties":{"nazwa":"Miejsce ochronne","rodzajZrodla":"Obiekt ochrony ludności","adres":"ul. Kozienicka 33, Kraków","dostepnosc":"Na żądanie"}},{"type":"Feature","id":"OZO-07867BF05CE2","geometry":{"type":"Point","coordinates":[19.93222198,50.05656235]},"properties":{"nazwa":"Miejsce ochronne","rodzajZrodla":"Obiekt ochrony ludności","adres":"pl. Plac Na Groblach 6, Kraków","dostepnosc":"Na żądanie"}},{"type":"Feature","id":"OZO-C70A69C7349C","geometry":{"type":"Point","coordinates":[19.950443489374,50.0595305144043]},"properties":{"nazwa":"Miejsce ochronne","rodzajZrodla":"Obiekt ochrony ludności","adres":"ul. św.Łazarza 13, Kraków","dostepnosc":"Na żądanie"}},{"type":"Feature","id":"OZO-1642B8AF4A26","geometry":{"type":"Point","coordinates":[19.9833355770616,50.0943905298554]},"properties":{"nazwa":"Miejsce ochronne","rodzajZrodla":"Obiekt ochrony ludności","adres":"ul. Reduta 30C, Kraków","dostepnosc":"Na żądanie"}},{"type":"Feature","id":"OZO-BF50571EDB3A","geometry":{"type":"Point","coordinates":[20.0187536801391,50.0638786015702]},"properties":{"nazwa":"Miejsce ochronne","rodzajZrodla":"Obiekt ochrony ludności","adres":"ul. Sołtysowska 12a, Kraków","dostepnosc":"Całodobowa"}},{"type":"Feature","id":"OZO-E381315BE32E","geometry":{"type":"Point","coordinates":[19.853151823410972,50.06770065278326]},"properties":{"nazwa":"Miejsce ochronne","rodzajZrodla":"Obiekt ochrony ludności","adres":"Aleja Kasztanowa 67, Kraków","dostepnosc":"Całodobowa"}},{"type":"Feature","id":"OZO-049B765229C4","geometry":{"type":"Point","coordinates":[19.9511006234261,50.0518078510459]},"properties":{"nazwa":"Miejsce ochronne","rodzajZrodla":"Obiekt ochrony ludności","adres":"ul. Przemyska 3, Kraków","dostepnosc":"Całodobowa"}},{"type":"Feature","id":"OZO-64DB5F710CF4","geometry":{"type":"Point","coordinates":[19.99299436757372,50.08017345672171]},"properties":{"nazwa":"Miejsce ochronne","rodzajZrodla":"Obiekt ochrony ludności","adres":"ul. prof. Michała Życzkowskiego 29A, Kraków","dostepnosc":"Na żądanie"}},{"type":"Feature","id":"OZO-A3C3DBF753DA","geometry":{"type":"Point","coordinates":[19.9322376260218,50.0239772728383]},"properties":{"nazwa":"Miejsce ochronne","rodzajZrodla":"Obiekt ochrony ludności","adres":"ul. Klementyny Hoffmanowej 6, Kraków","dostepnosc":"Całodobowa"}},{"type":"Feature","id":"OZO-CA6E86A31C4D","geometry":{"type":"Point","coordinates":[19.9679905921072,50.0645059300887]},"properties":{"nazwa":"Miejsce ochronne","rodzajZrodla":"Obiekt ochrony ludności","adres":"ul. płk. Francesco Nullo 32, Kraków","dostepnosc":"Całodobowa"}},{"type":"Feature","id":"OZO-739D4EEBCB61","geometry":{"type":"Point","coordinates":[19.914261996746067,50.090944296352795]},"properties":{"nazwa":"Miejsce ochronne","rodzajZrodla":"Obiekt ochrony ludności","adres":"ul. Opolska 14a, Kraków","dostepnosc":"Na żądanie"}},{"type":"Feature","id":"OZO-F78A2ADACB88","geometry":{"type":"Point","coordinates":[19.882161319255832,50.04727046752809]},"properties":{"nazwa":"Miejsce ochronne","rodzajZrodla":"Obiekt ochrony ludności","adres":"ul. KsięciaJózefa 125C, Kraków","dostepnosc":"Całodobowa"}},{"type":"Feature","id":"OZO-B25D49DD76DF","geometry":{"type":"Point","coordinates":[19.9681957810969,50.1007954637058]},"properties":{"nazwa":"Miejsce ochronne","rodzajZrodla":"Obiekt ochrony ludności","adres":"ul. Arcybiskupa Zygmunta Szczęsnego Felińskiego 22a, Kraków","dostepnosc":"Na żądanie"}},{"type":"Feature","id":"OZO-05CCB74022B9","geometry":{"type":"Point","coordinates":[19.967627902315,50.033931293669]},"properties":{"nazwa":"Miejsce ochronne","rodzajZrodla":"Obiekt ochrony ludności","adres":"ul. Wielicka 73, Kraków","dostepnosc":"Całodobowa"}},{"type":"Feature","id":"OZO-1AF9544D7C64","geometry":{"type":"Point","coordinates":[19.9342055618763,50.02842893689997]},"properties":{"nazwa":"Miejsce ochronne","rodzajZrodla":"Obiekt ochrony ludności","adres":"ul. Cegielniana 6B, Kraków","dostepnosc":"Całodobowa"}},{"type":"Feature","id":"OZO-172815253229","geometry":{"type":"Point","coordinates":[19.9864691999997,50.0352754999991]},"properties":{"nazwa":"Miejsce ochronne","rodzajZrodla":"Obiekt ochrony ludności","adres":"ul. Łanowa 1b, Kraków","dostepnosc":"Całodobowa"}},{"type":"Feature","id":"OZO-C180283007F8","geometry":{"type":"Point","coordinates":[19.9322020177773,50.0107984148372]},"properties":{"nazwa":"Miejsce ochronne","rodzajZrodla":"Obiekt ochrony ludności","adres":"ul. Józefa Marcika 14B, Kraków","dostepnosc":"Na żądanie"}},{"type":"Feature","id":"OZO-675BFA2D25D8","geometry":{"type":"Point","coordinates":[19.9335096229184,50.0105900344327]},"properties":{"nazwa":"Miejsce ochronne","rodzajZrodla":"Obiekt ochrony ludności","adres":"ul. Józefa Marcika 12, Kraków","dostepnosc":"Na żądanie"}},{"type":"Feature","id":"OZO-7BB92C53FA91","geometry":{"type":"Point","coordinates":[20.0538718243933,50.0194944393733]},"properties":{"nazwa":"Miejsce ochronne","rodzajZrodla":"Obiekt ochrony ludności","adres":"ul. Malachitowa 8, Kraków","dostepnosc":"Całodobowa"}},{"type":"Feature","id":"OZO-4373F6EF1035","geometry":{"type":"Point","coordinates":[19.969123137381,50.0781779282986]},"properties":{"nazwa":"Miejsce ochronne","rodzajZrodla":"Obiekt ochrony ludności","adres":"ul. Pilotów 2D, Kraków","dostepnosc":"Na żądanie"}},{"type":"Feature","id":"OZO-67AC747E8272","geometry":{"type":"Point","coordinates":[20.0441382546183,50.0846054824463]},"properties":{"nazwa":"Miejsce ochronne","rodzajZrodla":"Obiekt ochrony ludności","adres":"ul. Odmogile 1B, Kraków","dostepnosc":"Na żądanie"}},{"type":"Feature","id":"OZO-6F6AF5F91D9F","geometry":{"type":"Point","coordinates":[19.9238119416226,50.0629160474469]},"properties":{"nazwa":"Miejsce ochronne","rodzajZrodla":"Obiekt ochrony ludności","adres":"ul. AlejaAdama Mickiewicza 11, Kraków","dostepnosc":"Na żądanie"}},{"type":"Feature","id":"OZO-E6EEC4CDF28E","geometry":{"type":"Point","coordinates":[19.939974865504652,50.08576665721836]},"properties":{"nazwa":"Miejsce ochronne","rodzajZrodla":"Obiekt ochrony ludności","adres":"ul. ks. Kazimierza Siemaszki 34, Kraków","dostepnosc":"Na żądanie"}},{"type":"Feature","id":"OZO-AD9E07AE0887","geometry":{"type":"Point","coordinates":[19.992222240397766,50.08035361000615]},"properties":{"nazwa":"Miejsce ochronne","rodzajZrodla":"Obiekt ochrony ludności","adres":"ul. prof. Michała Życzkowskiego 29, Kraków","dostepnosc":"Na żądanie"}},{"type":"Feature","id":"OZO-41237F21A9BE","geometry":{"type":"Point","coordinates":[19.8508397,50.0847354]},"properties":{"nazwa":"Miejsce ochronne","rodzajZrodla":"Obiekt ochrony ludności","adres":"ul. Kazimierza Wierzyńskiego 22, Kraków","dostepnosc":"Całodobowa"}},{"type":"Feature","id":"OZO-E94A8EE40C4B","geometry":{"type":"Point","coordinates":[19.9378912999997,50.0592144999992]},"properties":{"nazwa":"Miejsce ochronne","rodzajZrodla":"Obiekt ochrony ludności","adres":"ul. Grodzka 22, Kraków","dostepnosc":"Całodobowa"}},{"type":"Feature","id":"OZO-75F5BC375B61","geometry":{"type":"Point","coordinates":[20.0590828730164,50.0207543475915]},"properties":{"nazwa":"Miejsce ochronne","rodzajZrodla":"Obiekt ochrony ludności","adres":"ul. Henryka i Karola Czeczów 44, Kraków","dostepnosc":"Na żądanie"}},{"type":"Feature","id":"OZO-699278C4F94A","geometry":{"type":"Point","coordinates":[19.9519094824791,50.094740290770126]},"properties":{"nazwa":"Miejsce ochronne","rodzajZrodla":"Obiekt ochrony ludności","adres":"ul. OsiedleWolfganga Amadeusa Mozarta 31, Kraków","dostepnosc":"Na żądanie"}},{"type":"Feature","id":"OZO-2BFB4E006DD6","geometry":{"type":"Point","coordinates":[19.93252065815847,50.08489346679189]},"properties":{"nazwa":"Miejsce ochronne","rodzajZrodla":"Obiekt ochrony ludności","adres":"ul. Kluczborska 58, Kraków","dostepnosc":"Na żądanie"}},{"type":"Feature","id":"OZO-339F81B14E1E","geometry":{"type":"Point","coordinates":[19.888135939836506,50.094850414859394]},"properties":{"nazwa":"Miejsce ochronne","rodzajZrodla":"Obiekt ochrony ludności","adres":"ul. Stawowa 145, Kraków","dostepnosc":"Na żądanie"}},{"type":"Feature","id":"OZO-9A5F306B52A8","geometry":{"type":"Point","coordinates":[19.8924742751551,50.072961460045]},"properties":{"nazwa":"Miejsce ochronne","rodzajZrodla":"Obiekt ochrony ludności","adres":"ul. Juliusza Lea 210a, Kraków","dostepnosc":"Całodobowa"}},{"type":"Feature","id":"OZO-6A9C3CF510A9","geometry":{"type":"Point","coordinates":[19.88922625780106,50.09326735674504]},"properties":{"nazwa":"Miejsce ochronne","rodzajZrodla":"Obiekt ochrony ludności","adres":"ul. Sosnowiecka 30, Kraków","dostepnosc":"Na żądanie"}},{"type":"Feature","id":"OZO-98B7DB038133","geometry":{"type":"Point","coordinates":[19.9581832360547,50.0680279998107]},"properties":{"nazwa":"Miejsce ochronne","rodzajZrodla":"Obiekt ochrony ludności","adres":"ul. Aleksandra Lubomirskiego 22, Kraków","dostepnosc":"Całodobowa"}},{"type":"Feature","id":"OZO-72B1D1B6BBC5","geometry":{"type":"Point","coordinates":[19.9563597794419,50.0525369914493]},"properties":{"nazwa":"Miejsce ochronne","rodzajZrodla":"Obiekt ochrony ludności","adres":"ul. Podgórska 34, Kraków","dostepnosc":"Na żądanie"}},{"type":"Feature","id":"OZO-F0B4E0403218","geometry":{"type":"Point","coordinates":[19.8765721,50.0926341]},"properties":{"nazwa":"Miejsce ochronne","rodzajZrodla":"Obiekt ochrony ludności","adres":"ul. Pasternik 41, Kraków","dostepnosc":"Całodobowa"}},{"type":"Feature","id":"OZO-1071E1B25D38","geometry":{"type":"Point","coordinates":[19.886751806455315,50.096696712238355]},"properties":{"nazwa":"Miejsce ochronne","rodzajZrodla":"Obiekt ochrony ludności","adres":"ul. Stawowa 170D, Kraków","dostepnosc":"Na żądanie"}},{"type":"Feature","id":"OZO-216A155CD737","geometry":{"type":"Point","coordinates":[19.9038912,50.0573409]},"properties":{"nazwa":"Miejsce ochronne","rodzajZrodla":"Obiekt ochrony ludności","adres":"ul. Przegon 14A, Kraków","dostepnosc":"Całodobowa"}},{"type":"Feature","id":"OZO-DEAC3D7CBD71","geometry":{"type":"Point","coordinates":[19.9320366999997,50.0333082999991]},"properties":{"nazwa":"Miejsce ochronne","rodzajZrodla":"Obiekt ochrony ludności","adres":"ul. Rzemieślnicza 20, Kraków","dostepnosc":"Określone godziny"}},{"type":"Feature","id":"OZO-CC91AC9722EA","geometry":{"type":"Point","coordinates":[19.9523543999997,50.0946169999992]},"properties":{"nazwa":"Miejsce ochronne","rodzajZrodla":"Obiekt ochrony ludności","adres":"ul. OsiedleWolfganga Amadeusa Mozarta 29, Kraków","dostepnosc":"Na żądanie"}},{"type":"Feature","id":"OZO-A0DC6C10409F","geometry":{"type":"Point","coordinates":[19.903333336114883,50.085650739590804]},"properties":{"nazwa":"Miejsce ochronne","rodzajZrodla":"Obiekt ochrony ludności","adres":"ul. Bolesława Czerwieńskiego 3b, Kraków","dostepnosc":"Na żądanie"}},{"type":"Feature","id":"OZO-E2998475D055","geometry":{"type":"Point","coordinates":[19.935605760386,50.0362122646107]},"properties":{"nazwa":"Miejsce ochronne","rodzajZrodla":"Obiekt ochrony ludności","adres":"ul. Rydlówka 19A, Kraków","dostepnosc":"Całodobowa"}},{"type":"Feature","id":"OZO-E3FA7F841B7E","geometry":{"type":"Point","coordinates":[19.9433841149613,50.0827426793591]},"properties":{"nazwa":"Miejsce ochronne","rodzajZrodla":"Obiekt ochrony ludności","adres":"ul. Żabiniec 85, Kraków","dostepnosc":"Na żądanie"}},{"type":"Feature","id":"OZO-14F367234CEF","geometry":{"type":"Point","coordinates":[20.0181156303818,50.0171926431438]},"properties":{"nazwa":"Miejsce ochronne","rodzajZrodla":"Obiekt ochrony ludności","adres":"ul. Telimeny 31, Kraków","dostepnosc":"Całodobowa"}},{"type":"Feature","id":"OZO-2D4D352B01CF","geometry":{"type":"Point","coordinates":[19.9255296308201,50.1033590268825]},"properties":{"nazwa":"Miejsce ochronne","rodzajZrodla":"Obiekt ochrony ludności","adres":"ul. Zygmunta Glogera 55, Kraków","dostepnosc":"Na żądanie"}},{"type":"Feature","id":"OZO-128B74650360","geometry":{"type":"Point","coordinates":[19.9472200000001,50.06546]},"properties":{"nazwa":"Miejsce ochronne","rodzajZrodla":"Obiekt ochrony ludności","adres":"Plac im. Jana Nowaka-Jeziorańskiego 3, Kraków","dostepnosc":"Na żądanie"}},{"type":"Feature","id":"OZO-E9F8708E418F","geometry":{"type":"Point","coordinates":[19.93665535,50.06778336]},"properties":{"nazwa":"Miejsce ochronne","rodzajZrodla":"Obiekt ochrony ludności","adres":"ul. Biskupia 22, Kraków","dostepnosc":"Całodobowa"}},{"type":"Feature","id":"OZO-68ECF7DCAE05","geometry":{"type":"Point","coordinates":[19.9674504862884,50.1032328157124]},"properties":{"nazwa":"Miejsce ochronne","rodzajZrodla":"Obiekt ochrony ludności","adres":"ul. Arcybiskupa Zygmunta Szczęsnego Felińskiego 103, Kraków","dostepnosc":"Na żądanie"}},{"type":"Feature","id":"OZO-8F3F437CCD3D","geometry":{"type":"Point","coordinates":[19.9541459530827,50.0941281559556]},"properties":{"nazwa":"Miejsce ochronne","rodzajZrodla":"Obiekt ochrony ludności","adres":"ul. OsiedleWolfganga Amadeusa Mozarta 20, Kraków","dostepnosc":"Na żądanie"}},{"type":"Feature","id":"OZO-8099E763BC43","geometry":{"type":"Point","coordinates":[19.8762569482793,50.0779681885978]},"properties":{"nazwa":"Miejsce ochronne","rodzajZrodla":"Obiekt ochrony ludności","adres":"ul. Filtrowa 6, Kraków","dostepnosc":"Całodobowa"}},{"type":"Feature","id":"OZO-0D1F46C250F7","geometry":{"type":"Point","coordinates":[19.8867785464214,50.0967194236716]},"properties":{"nazwa":"Miejsce ochronne","rodzajZrodla":"Obiekt ochrony ludności","adres":"ul. Stawowa 170D, Kraków","dostepnosc":"Na żądanie"}},{"type":"Feature","id":"OZO-B59E4EAFA579","geometry":{"type":"Point","coordinates":[19.93829593062401,49.99873641925681]},"properties":{"nazwa":"Miejsce ochronne","rodzajZrodla":"Obiekt ochrony ludności","adres":"ul. Borowinowa 53A, Kraków","dostepnosc":"Całodobowa"}},{"type":"Feature","id":"OZO-E6C9ECA686A4","geometry":{"type":"Point","coordinates":[19.931904226541523,50.09263756038802]},"properties":{"nazwa":"Miejsce ochronne","rodzajZrodla":"Obiekt ochrony ludności","adres":"ul. Szopkarzy 4, Kraków","dostepnosc":"Na żądanie"}},{"type":"Feature","id":"OZO-F332A574D18B","geometry":{"type":"Point","coordinates":[19.9665556102835,50.0613245368289]},"properties":{"nazwa":"Miejsce ochronne","rodzajZrodla":"Obiekt ochrony ludności","adres":"ul. płk. Francesco Nullo 15, Kraków","dostepnosc":"Na żądanie"}},{"type":"Feature","id":"OZO-B6911E12874C","geometry":{"type":"Point","coordinates":[19.994970417371473,50.078248299933186]},"properties":{"nazwa":"Miejsce ochronne","rodzajZrodla":"Obiekt ochrony ludności","adres":"ul. prof. Michała Życzkowskiego 14, Kraków","dostepnosc":"Na żądanie"}},{"type":"Feature","id":"OZO-88A3F0FF8803","geometry":{"type":"Point","coordinates":[20.029537801577,50.0694442791941]},"properties":{"nazwa":"Miejsce ochronne","rodzajZrodla":"Obiekt ochrony ludności","adres":"ul. bp. Filipa Padniewskiego 10, Kraków","dostepnosc":"Na żądanie"}},{"type":"Feature","id":"OZO-49FADFED96D3","geometry":{"type":"Point","coordinates":[19.8998105152975,50.0867126090856]},"properties":{"nazwa":"Miejsce ochronne","rodzajZrodla":"Obiekt ochrony ludności","adres":"ul. Eliasza Radzikowskiego 106C, Kraków","dostepnosc":"Na żądanie"}},{"type":"Feature","id":"OZO-8BD8F4565E52","geometry":{"type":"Point","coordinates":[19.9549623485445,50.0553484494124]},"properties":{"nazwa":"Miejsce ochronne","rodzajZrodla":"Obiekt ochrony ludności","adres":"ul. Masarska 6, Kraków","dostepnosc":"Na żądanie"}},{"type":"Feature","id":"OZO-8F784810A1FB","geometry":{"type":"Point","coordinates":[20.019078701734546,50.064945873722266]},"properties":{"nazwa":"Miejsce ochronne","rodzajZrodla":"Obiekt ochrony ludności","adres":"ul. Sołtysowska 27, Kraków","dostepnosc":"Całodobowa"}},{"type":"Feature","id":"OZO-3EB5A52F025A","geometry":{"type":"Point","coordinates":[19.9595039989611,50.0264921551694]},"properties":{"nazwa":"Miejsce ochronne","rodzajZrodla":"Obiekt ochrony ludności","adres":"ul. Walerego Sławka 8a, Kraków","dostepnosc":"Określone godziny"}},{"type":"Feature","id":"OZO-DE2CFB77A4D7","geometry":{"type":"Point","coordinates":[19.9239078699335,50.0799931197168]},"properties":{"nazwa":"Miejsce ochronne","rodzajZrodla":"Obiekt ochrony ludności","adres":"ul. Wrocławska 53B, Kraków","dostepnosc":"Całodobowa"}},{"type":"Feature","id":"OZO-8928CD0BFA82","geometry":{"type":"Point","coordinates":[19.9707916565103,50.032054176569]},"properties":{"nazwa":"Miejsce ochronne","rodzajZrodla":"Obiekt ochrony ludności","adres":"ul. Wielicka 83B, Kraków","dostepnosc":"Całodobowa"}},{"type":"Feature","id":"OZO-FEC98BA5B374","geometry":{"type":"Point","coordinates":[19.931180961398,50.0620133197224]},"properties":{"nazwa":"Miejsce ochronne","rodzajZrodla":"Obiekt ochrony ludności","adres":"ul. Kapucyńska 3, Kraków","dostepnosc":"Całodobowa"}},{"type":"Feature","id":"OZO-3A910460CEEA","geometry":{"type":"Point","coordinates":[19.953397409244,50.0828354671327]},"properties":{"nazwa":"Miejsce ochronne","rodzajZrodla":"Obiekt ochrony ludności","adres":"ul. Wileńska 4, Kraków","dostepnosc":"Na żądanie"}},{"type":"Feature","id":"OZO-C37D27ED521E","geometry":{"type":"Point","coordinates":[19.884165106216,50.0839638978184]},"properties":{"nazwa":"Miejsce ochronne","rodzajZrodla":"Obiekt ochrony ludności","adres":"ul. Naukowców 5, Kraków","dostepnosc":"Całodobowa"}},{"type":"Feature","id":"OZO-8F7917AA5FCA","geometry":{"type":"Point","coordinates":[19.919241517782215,50.09718188890767]},"properties":{"nazwa":"Miejsce ochronne","rodzajZrodla":"Obiekt ochrony ludności","adres":"ul. Pękowicka 37F, Kraków","dostepnosc":"Na żądanie"}},{"type":"Feature","id":"OZO-2ECECDC506BA","geometry":{"type":"Point","coordinates":[19.9681542875817,50.1033359389933]},"properties":{"nazwa":"Miejsce ochronne","rodzajZrodla":"Obiekt ochrony ludności","adres":"ul. Arcybiskupa Zygmunta Szczęsnego Felińskiego 32, Kraków","dostepnosc":"Na żądanie"}},{"type":"Feature","id":"OZO-E7CC5CFFF05D","geometry":{"type":"Point","coordinates":[19.8691323413428,50.0703567264292]},"properties":{"nazwa":"Miejsce ochronne","rodzajZrodla":"Obiekt ochrony ludności","adres":"ul. Morelowa 26a, Kraków","dostepnosc":"Całodobowa"}},{"type":"Feature","id":"OZO-9E1DC2F887B3","geometry":{"type":"Point","coordinates":[19.9821581877685,50.0840392848868]},"properties":{"nazwa":"Miejsce ochronne","rodzajZrodla":"Obiekt ochrony ludności","adres":"ul. Ernesta Cieślewskiego 5, Kraków","dostepnosc":"Na żądanie"}},{"type":"Feature","id":"OZO-AC3B5A8B06F2","geometry":{"type":"Point","coordinates":[20.0160999502622,50.0098406878865]},"properties":{"nazwa":"Miejsce ochronne","rodzajZrodla":"Obiekt ochrony ludności","adres":"ul. Podłęska 3, Kraków","dostepnosc":"Całodobowa"}},{"type":"Feature","id":"OZO-9C72C6609F7B","geometry":{"type":"Point","coordinates":[20.0144183613514,50.0872401739148]},"properties":{"nazwa":"Miejsce ochronne","rodzajZrodla":"Obiekt ochrony ludności","adres":"Osiedle Na Lotnisku 12a, Kraków","dostepnosc":"Na żądanie"}},{"type":"Feature","id":"OZO-6978E6779503","geometry":{"type":"Point","coordinates":[19.9734835047151,50.060815336211]},"properties":{"nazwa":"Miejsce ochronne","rodzajZrodla":"Obiekt ochrony ludności","adres":"Aleja Pokoju 18A, Kraków","dostepnosc":"Na żądanie"}},{"type":"Feature","id":"OZO-4B8B2307C9B6","geometry":{"type":"Point","coordinates":[19.9647516570822,50.0125008832459]},"properties":{"nazwa":"Miejsce ochronne","rodzajZrodla":"Obiekt ochrony ludności","adres":"ul. Kordiana 34A, Kraków","dostepnosc":"Całodobowa"}},{"type":"Feature","id":"OZO-C778620F3F5B","geometry":{"type":"Point","coordinates":[19.9081589931423,50.0263779654294]},"properties":{"nazwa":"Miejsce ochronne","rodzajZrodla":"Obiekt ochrony ludności","adres":"ul. Stefana Grota-Roweckiego 51b, Kraków","dostepnosc":"Całodobowa"}},{"type":"Feature","id":"OZO-828F27D2E22A","geometry":{"type":"Point","coordinates":[19.9615325871676,50.0086491787847]},"properties":{"nazwa":"Miejsce ochronne","rodzajZrodla":"Obiekt ochrony ludności","adres":"ul. Turniejowa 73F, Kraków","dostepnosc":"Całodobowa"}},{"type":"Feature","id":"OZO-54CFA61C1994","geometry":{"type":"Point","coordinates":[19.9203756660165,50.0623421062017]},"properties":{"nazwa":"Miejsce ochronne","rodzajZrodla":"Obiekt ochrony ludności","adres":"ul. Romana Ingardena 3, Kraków","dostepnosc":"Całodobowa"}},{"type":"Feature","id":"OZO-3375EDEF63F2","geometry":{"type":"Point","coordinates":[19.9869139119922,50.0676608365344]},"properties":{"nazwa":"Miejsce ochronne","rodzajZrodla":"Obiekt ochrony ludności","adres":"ul. Dąbska 26, Kraków","dostepnosc":"Całodobowa"}},{"type":"Feature","id":"OZO-CEE835037C36","geometry":{"type":"Point","coordinates":[19.92903023958206,50.07514105619382]},"properties":{"nazwa":"Miejsce ochronne","rodzajZrodla":"Obiekt ochrony ludności","adres":"ul. Świętokrzyska 10, Kraków","dostepnosc":"Całodobowa"}},{"type":"Feature","id":"OZO-A1E37E62F06B","geometry":{"type":"Point","coordinates":[19.9507278110603,50.0579756312342]},"properties":{"nazwa":"Miejsce ochronne","rodzajZrodla":"Obiekt ochrony ludności","adres":"ul. AlejaIgnacego Daszyńskiego 9, Kraków","dostepnosc":"Na żądanie"}},{"type":"Feature","id":"OZO-109D36F6E259","geometry":{"type":"Point","coordinates":[19.9443733570993,50.0761628014119]},"properties":{"nazwa":"Miejsce ochronne","rodzajZrodla":"Obiekt ochrony ludności","adres":"ul. Murowana 6, Kraków","dostepnosc":"Całodobowa"}},{"type":"Feature","id":"OZO-69619DBFA830","geometry":{"type":"Point","coordinates":[19.9677385505021,50.0920514747762]},"properties":{"nazwa":"Miejsce ochronne","rodzajZrodla":"Obiekt ochrony ludności","adres":"ul. Jakuba Majora 32, Kraków","dostepnosc":"Na żądanie"}},{"type":"Feature","id":"OZO-CB7418F54E5B","geometry":{"type":"Point","coordinates":[19.9693973269171,50.0166182732287]},"properties":{"nazwa":"Miejsce ochronne","rodzajZrodla":"Obiekt ochrony ludności","adres":"ul. Wolności 46, Kraków","dostepnosc":"Całodobowa"}},{"type":"Feature","id":"OZO-F93EE41EFC7D","geometry":{"type":"Point","coordinates":[19.9289766046819,50.0640982343182]},"properties":{"nazwa":"Miejsce ochronne","rodzajZrodla":"Obiekt ochrony ludności","adres":"ul. Józefa Szujskiego 5, Kraków","dostepnosc":"Na żądanie"}},{"type":"Feature","id":"OZO-89C1DDA9928C","geometry":{"type":"Point","coordinates":[20.0568418171963,50.1040196371402]},"properties":{"nazwa":"Miejsce ochronne","rodzajZrodla":"Obiekt ochrony ludności","adres":"ul. Gustawa Morcinka 80C, Kraków","dostepnosc":"Na żądanie"}},{"type":"Feature","id":"OZO-F54FC1047EB9","geometry":{"type":"Point","coordinates":[20.0092284942055,50.0142346409332]},"properties":{"nazwa":"Miejsce ochronne","rodzajZrodla":"Obiekt ochrony ludności","adres":"ul. Leonida Teligi 26, Kraków","dostepnosc":"Całodobowa"}},{"type":"Feature","id":"OZO-B253E3E0C12E","geometry":{"type":"Point","coordinates":[20.004025062875,50.0864833824945]},"properties":{"nazwa":"Miejsce ochronne","rodzajZrodla":"Obiekt ochrony ludności","adres":"Osiedle Dywizjonu 303 21c, Kraków","dostepnosc":"Na żądanie"}},{"type":"Feature","id":"OZO-7F4782FEE7AD","geometry":{"type":"Point","coordinates":[19.9981732703559,50.0429759277619]},"properties":{"nazwa":"Miejsce ochronne","rodzajZrodla":"Obiekt ochrony ludności","adres":"ul. Myśliwska 63, Kraków","dostepnosc":"Całodobowa"}},{"type":"Feature","id":"OZO-B70E58D527F5","geometry":{"type":"Point","coordinates":[19.9704217242758,50.0437164938668]},"properties":{"nazwa":"Miejsce ochronne","rodzajZrodla":"Obiekt ochrony ludności","adres":"ul. Powstańców Wielkopolskich 18B, Kraków","dostepnosc":"Określone godziny"}},{"type":"Feature","id":"OZO-92AC428A8CC1","geometry":{"type":"Point","coordinates":[19.984517675287,50.0945325579981]},"properties":{"nazwa":"Miejsce ochronne","rodzajZrodla":"Obiekt ochrony ludności","adres":"ul. Reduta 40, Kraków","dostepnosc":"Na żądanie"}},{"type":"Feature","id":"OZO-481D2E9B435C","geometry":{"type":"Point","coordinates":[19.9439922813065,50.056255371336]},"properties":{"nazwa":"Miejsce ochronne","rodzajZrodla":"Obiekt ochrony ludności","adres":"ul. Józefa Sarego 23, Kraków","dostepnosc":"Na żądanie"}},{"type":"Feature","id":"OZO-D6FB5496BB01","geometry":{"type":"Point","coordinates":[19.90492690158467,50.06931996171528]},"properties":{"nazwa":"Miejsce ochronne","rodzajZrodla":"Obiekt ochrony ludności","adres":"ul. Józefa Rostafińskiego 11, Kraków","dostepnosc":"Całodobowa"}},{"type":"Feature","id":"OZO-C3220F4DD37C","geometry":{"type":"Point","coordinates":[20.0049223516451,50.0831678505196]},"properties":{"nazwa":"Miejsce ochronne","rodzajZrodla":"Obiekt ochrony ludności","adres":"Osiedle Dywizjonu 303 12a, Kraków","dostepnosc":"Na żądanie"}},{"type":"Feature","id":"OZO-93B9103F575C","geometry":{"type":"Point","coordinates":[19.97841455,50.07845142]},"properties":{"nazwa":"Miejsce ochronne","rodzajZrodla":"Obiekt ochrony ludności","adres":"ul. Mieczysława Pszona 22, Kraków","dostepnosc":"Na żądanie"}},{"type":"Feature","id":"OZO-89C45DBE448A","geometry":{"type":"Point","coordinates":[19.9782279733779,50.0117855845739]},"properties":{"nazwa":"Miejsce ochronne","rodzajZrodla":"Obiekt ochrony ludności","adres":"ul. Szpakowa 10A, Kraków","dostepnosc":"Całodobowa"}},{"type":"Feature","id":"OZO-5886EB6A4F33","geometry":{"type":"Point","coordinates":[19.9056962046771,50.0728893258336]},"properties":{"nazwa":"Miejsce ochronne","rodzajZrodla":"Obiekt ochrony ludności","adres":"ul. Obopólna 4a, Kraków","dostepnosc":"Całodobowa"}},{"type":"Feature","id":"OZO-71DBC46FFE10","geometry":{"type":"Point","coordinates":[19.981743479112,50.0221906363806]},"properties":{"nazwa":"Miejsce ochronne","rodzajZrodla":"Obiekt ochrony ludności","adres":"ul. Wielicka 179, Kraków","dostepnosc":"Całodobowa"}},{"type":"Feature","id":"OZO-802957637BC5","geometry":{"type":"Point","coordinates":[20.0560987423275,50.1036543444825]},"properties":{"nazwa":"Miejsce ochronne","rodzajZrodla":"Obiekt ochrony ludności","adres":"ul. Gustawa Morcinka 80A, Kraków","dostepnosc":"Na żądanie"}},{"type":"Feature","id":"OZO-2D31DC65FCCE","geometry":{"type":"Point","coordinates":[19.98861225,50.09552925]},"properties":{"nazwa":"Miejsce ochronne","rodzajZrodla":"Obiekt ochrony ludności","adres":"ul. ks. Mikołaja Kuczkowskiego 1, Kraków","dostepnosc":"Na żądanie"}},{"type":"Feature","id":"OZO-C47B78D4EB88","geometry":{"type":"Point","coordinates":[19.9769064899376,50.0117154201713]},"properties":{"nazwa":"Miejsce ochronne","rodzajZrodla":"Obiekt ochrony ludności","adres":"ul. Adama Bochenka 14A, Kraków","dostepnosc":"Całodobowa"}},{"type":"Feature","id":"OZO-B0D4C9565E73","geometry":{"type":"Point","coordinates":[19.9139980598884,50.0296673458208]},"properties":{"nazwa":"Miejsce ochronne","rodzajZrodla":"Obiekt ochrony ludności","adres":"ul. Stefana Grota-Roweckiego 31, Kraków","dostepnosc":"Całodobowa"}},{"type":"Feature","id":"OZO-FFB326469951","geometry":{"type":"Point","coordinates":[19.91858839988709,50.08065608728181]},"properties":{"nazwa":"Miejsce ochronne","rodzajZrodla":"Obiekt ochrony ludności","adres":"ul. Wrocławska 87, Kraków","dostepnosc":"Całodobowa"}},{"type":"Feature","id":"OZO-261D588A6BCD","geometry":{"type":"Point","coordinates":[20.01520559191704,50.10307975359447]},"properties":{"nazwa":"Miejsce ochronne","rodzajZrodla":"Obiekt ochrony ludności","adres":"63E, Kraków","dostepnosc":"Na żądanie"}},{"type":"Feature","id":"OZO-3AF769C8270C","geometry":{"type":"Point","coordinates":[19.8966493643339,50.0849512289814]},"properties":{"nazwa":"Miejsce ochronne","rodzajZrodla":"Obiekt ochrony ludności","adres":"ul. Eliasza Radzikowskiego 65c, Kraków","dostepnosc":"Na żądanie"}},{"type":"Feature","id":"OZO-809E1708E135","geometry":{"type":"Point","coordinates":[19.9437317089204,50.0956403452275]},"properties":{"nazwa":"Miejsce ochronne","rodzajZrodla":"Obiekt ochrony ludności","adres":"ul. Henryka Pachońskiego 32a, Kraków","dostepnosc":"Na żądanie"}},{"type":"Feature","id":"OZO-A0E4483A52C5","geometry":{"type":"Point","coordinates":[19.9848440003978,50.0675905511976]},"properties":{"nazwa":"Miejsce ochronne","rodzajZrodla":"Obiekt ochrony ludności","adres":"ul. Dąbska 20a, Kraków","dostepnosc":"Na żądanie"}},{"type":"Feature","id":"OZO-07AE223D78AB","geometry":{"type":"Point","coordinates":[19.92926359176636,50.07692783049252]},"properties":{"nazwa":"Miejsce ochronne","rodzajZrodla":"Obiekt ochrony ludności","adres":"ul. Władysława Łokietka 8E, Kraków","dostepnosc":"Całodobowa"}},{"type":"Feature","id":"OZO-33825E8F9638","geometry":{"type":"Point","coordinates":[19.970165276886,50.0660148402984]},"properties":{"nazwa":"Miejsce ochronne","rodzajZrodla":"Obiekt ochrony ludności","adres":"ul. Cystersów 2, Kraków","dostepnosc":"Na żądanie"}},{"type":"Feature","id":"OZO-208684F79E6A","geometry":{"type":"Point","coordinates":[19.9637590528409,50.0487626234976]},"properties":{"nazwa":"Miejsce ochronne","rodzajZrodla":"Obiekt ochrony ludności","adres":"ul. Tadeusza Romanowicza 5, Kraków","dostepnosc":"Całodobowa"}},{"type":"Feature","id":"OZO-E19DAA19A12D","geometry":{"type":"Point","coordinates":[19.9290048516956,50.0639614835679]},"properties":{"nazwa":"Miejsce ochronne","rodzajZrodla":"Obiekt ochrony ludności","adres":"ul. Józefa Szujskiego 3, Kraków","dostepnosc":"Na żądanie"}},{"type":"Feature","id":"OZO-CE111579FF08","geometry":{"type":"Point","coordinates":[20.0108125619641,50.0202926900332]},"properties":{"nazwa":"Miejsce ochronne","rodzajZrodla":"Obiekt ochrony ludności","adres":"ul. Telimeny 38A, Kraków","dostepnosc":"Całodobowa"}},{"type":"Feature","id":"OZO-0F26C8ABE006","geometry":{"type":"Point","coordinates":[20.0127842917386,50.1052252777204]},"properties":{"nazwa":"Miejsce ochronne","rodzajZrodla":"Obiekt ochrony ludności","adres":"Osiedle Piastów 67, Kraków","dostepnosc":"Na żądanie"}},{"type":"Feature","id":"OZO-E898D8F946BC","geometry":{"type":"Point","coordinates":[19.9761372152532,50.010148836275]},"properties":{"nazwa":"Miejsce ochronne","rodzajZrodla":"Obiekt ochrony ludności","adres":"ul. Adama Bochenka 12A, Kraków","dostepnosc":"Całodobowa"}},{"type":"Feature","id":"OZO-AB5933B77E7F","geometry":{"type":"Point","coordinates":[19.9367844313089,50.0555869145578]},"properties":{"nazwa":"Miejsce ochronne","rodzajZrodla":"Obiekt ochrony ludności","adres":"ul. Kanonicza 25, Kraków","dostepnosc":"Na żądanie"}},{"type":"Feature","id":"OZO-EFBFB9760012","geometry":{"type":"Point","coordinates":[19.9514947113674,50.0468321363733]},"properties":{"nazwa":"Miejsce ochronne","rodzajZrodla":"Obiekt ochrony ludności","adres":"ul. Nadwiślańska 11, Kraków","dostepnosc":"Całodobowa"}},{"type":"Feature","id":"OZO-513C40F5C3EA","geometry":{"type":"Point","coordinates":[19.9489793641328,50.0629787805169]},"properties":{"nazwa":"Miejsce ochronne","rodzajZrodla":"Obiekt ochrony ludności","adres":"ul. Mikołaja Kopernika 30, Kraków","dostepnosc":"Całodobowa"}},{"type":"Feature","id":"OZO-DCCA0693B28B","geometry":{"type":"Point","coordinates":[20.0188181226562,50.0627805467962]},"properties":{"nazwa":"Miejsce ochronne","rodzajZrodla":"Obiekt ochrony ludności","adres":"ul. Sołtysowska 12g, Kraków","dostepnosc":"Całodobowa"}},{"type":"Feature","id":"OZO-C0CC884EE141","geometry":{"type":"Point","coordinates":[19.92572978138924,50.10134900860325]},"properties":{"nazwa":"Miejsce ochronne","rodzajZrodla":"Obiekt ochrony ludności","adres":"ul. Zygmunta Glogera 39C, Kraków","dostepnosc":"Na żądanie"}},{"type":"Feature","id":"OZO-E5F2B9157E80","geometry":{"type":"Point","coordinates":[19.9057286791469,50.015374797346]},"properties":{"nazwa":"Miejsce ochronne","rodzajZrodla":"Obiekt ochrony ludności","adres":"ul. Obozowa 41A, Kraków","dostepnosc":"Całodobowa"}},{"type":"Feature","id":"OZO-F8A2620B095A","geometry":{"type":"Point","coordinates":[19.905935078859333,50.10546587700141]},"properties":{"nazwa":"Miejsce ochronne","rodzajZrodla":"Obiekt ochrony ludności","adres":"ul. Władysława Łokietka 213, Kraków","dostepnosc":"Na żądanie"}},{"type":"Feature","id":"OZO-17C14AB9610D","geometry":{"type":"Point","coordinates":[19.905031174421314,50.019023494523196]},"properties":{"nazwa":"Miejsce ochronne","rodzajZrodla":"Obiekt ochrony ludności","adres":"ul. Szuwarowa 3, Kraków","dostepnosc":"Całodobowa"}},{"type":"Feature","id":"OZO-AB5E79459F6C","geometry":{"type":"Point","coordinates":[20.0173883423275,50.0222871510013]},"properties":{"nazwa":"Miejsce ochronne","rodzajZrodla":"Obiekt ochrony ludności","adres":"ul. Działkowa 20, Kraków","dostepnosc":"Całodobowa"}},{"type":"Feature","id":"OZO-0C2ABD851CC7","geometry":{"type":"Point","coordinates":[19.934843927621845,50.09811444676118]},"properties":{"nazwa":"Miejsce ochronne","rodzajZrodla":"Obiekt ochrony ludności","adres":"ul. Ludwika Pasteura 24, Kraków","dostepnosc":"Na żądanie"}},{"type":"Feature","id":"OZO-52F455429651","geometry":{"type":"Point","coordinates":[19.9747391981604,50.0746547873008]},"properties":{"nazwa":"Miejsce ochronne","rodzajZrodla":"Obiekt ochrony ludności","adres":"ul. Kazimierza Chałupnika 12C, Kraków","dostepnosc":"Na żądanie"}},{"type":"Feature","id":"OZO-2F8BB085D82A","geometry":{"type":"Point","coordinates":[19.9743250634019,50.07432632826]},"properties":{"nazwa":"Miejsce ochronne","rodzajZrodla":"Obiekt ochrony ludności","adres":"ul. Kazimierza Chałupnika 12E, Kraków","dostepnosc":"Na żądanie"}},{"type":"Feature","id":"OZO-71F39AE0A632","geometry":{"type":"Point","coordinates":[19.9745173977398,50.0744651369743]},"properties":{"nazwa":"Miejsce ochronne","rodzajZrodla":"Obiekt ochrony ludności","adres":"ul. Kazimierza Chałupnika 12D, Kraków","dostepnosc":"Na żądanie"}},{"type":"Feature","id":"OZO-E76D43D8649E","geometry":{"type":"Point","coordinates":[19.9034432883457,50.0204230694931]},"properties":{"nazwa":"Miejsce ochronne","rodzajZrodla":"Obiekt ochrony ludności","adres":"ul. Raciborska 15b, Kraków","dostepnosc":"Całodobowa"}},{"type":"Feature","id":"OZO-B848B4C15F01","geometry":{"type":"Point","coordinates":[19.9144221403734,50.0469494476865]},"properties":{"nazwa":"Miejsce ochronne","rodzajZrodla":"Obiekt ochrony ludności","adres":"ul. Praska 32a, Kraków","dostepnosc":"Określone godziny"}},{"type":"Feature","id":"OZO-37256B157A5A","geometry":{"type":"Point","coordinates":[19.881855547428135,50.04727563471269]},"properties":{"nazwa":"Miejsce ochronne","rodzajZrodla":"Obiekt ochrony ludności","adres":"ul. KsięciaJózefa 125A, Kraków","dostepnosc":"Całodobowa"}},{"type":"Feature","id":"OZO-C74C70444701","geometry":{"type":"Point","coordinates":[19.97440651059151,50.088455915639976]},"properties":{"nazwa":"Miejsce ochronne","rodzajZrodla":"Obiekt ochrony ludności","adres":"ul. Dobrego Pasterza 116, Kraków","dostepnosc":"Na żądanie"}},{"type":"Feature","id":"OZO-AFA65617AC22","geometry":{"type":"Point","coordinates":[19.9221549162296,50.0672026564044]},"properties":{"nazwa":"Miejsce ochronne","rodzajZrodla":"Obiekt ochrony ludności","adres":"ul. Mieczysława Karłowicza 16, Kraków","dostepnosc":"Całodobowa"}},{"type":"Feature","id":"OZO-E4F280E2D85D","geometry":{"type":"Point","coordinates":[19.938481619313,50.034976535799]},"properties":{"nazwa":"Miejsce ochronne","rodzajZrodla":"Obiekt ochrony ludności","adres":"ul. Wadowicka 3A, Kraków","dostepnosc":"Całodobowa"}},{"type":"Feature","id":"OZO-0A5EE6FA44A5","geometry":{"type":"Point","coordinates":[19.90986987948418,50.06827047818253]},"properties":{"nazwa":"Miejsce ochronne","rodzajZrodla":"Obiekt ochrony ludności","adres":"ul. Kawiory 37, Kraków","dostepnosc":"Całodobowa"}},{"type":"Feature","id":"OZO-11988226C8DF","geometry":{"type":"Point","coordinates":[19.943954521426,50.082651641243]},"properties":{"nazwa":"Miejsce ochronne","rodzajZrodla":"Obiekt ochrony ludności","adres":"ul. Żabiniec 87, Kraków","dostepnosc":"Na żądanie"}},{"type":"Feature","id":"OZO-88501F9A500B","geometry":{"type":"Point","coordinates":[19.9298865247286,50.0771319816041]},"properties":{"nazwa":"Miejsce ochronne","rodzajZrodla":"Obiekt ochrony ludności","adres":"ul. Władysława Łokietka 8B, Kraków","dostepnosc":"Całodobowa"}},{"type":"Feature","id":"OZO-CA61265EFE57","geometry":{"type":"Point","coordinates":[19.9484753422199,50.0721907522866]},"properties":{"nazwa":"Miejsce ochronne","rodzajZrodla":"Obiekt ochrony ludności","adres":"ul. Wita Stwosza 12, Kraków","dostepnosc":"Na żądanie"}},{"type":"Feature","id":"OZO-34B1C8C0332A","geometry":{"type":"Point","coordinates":[20.0567698776288,50.0195614757396]},"properties":{"nazwa":"Miejsce ochronne","rodzajZrodla":"Obiekt ochrony ludności","adres":"ul. Henryka i Karola Czeczów 28, Kraków","dostepnosc":"Całodobowa"}},{"type":"Feature","id":"OZO-6F455CF2FF81","geometry":{"type":"Point","coordinates":[19.9176548642672,50.0696411495058]},"properties":{"nazwa":"Miejsce ochronne","rodzajZrodla":"Obiekt ochrony ludności","adres":"ul. Spokojna 27, Kraków","dostepnosc":"Całodobowa"}},{"type":"Feature","id":"OZO-A31B3A423518","geometry":{"type":"Point","coordinates":[20.00847861170769,50.078697325540844]},"properties":{"nazwa":"Miejsce ochronne","rodzajZrodla":"Obiekt ochrony ludności","adres":"Osiedle 2 Pułku Lotniczego 21, Kraków","dostepnosc":"Określone godziny"}},{"type":"Feature","id":"OZO-B04A1BEAC2B7","geometry":{"type":"Point","coordinates":[19.9665552750074,50.0608834391744]},"properties":{"nazwa":"Miejsce ochronne","rodzajZrodla":"Obiekt ochrony ludności","adres":"ul. płk. Francesco Nullo 13, Kraków","dostepnosc":"Na żądanie"}},{"type":"Feature","id":"OZO-2BABD15175CD","geometry":{"type":"Point","coordinates":[19.933200245692,50.0240215664069]},"properties":{"nazwa":"Miejsce ochronne","rodzajZrodla":"Obiekt ochrony ludności","adres":"ul. Klementyny Hoffmanowej 6B, Kraków","dostepnosc":"Całodobowa"}},{"type":"Feature","id":"OZO-0C44939F8385","geometry":{"type":"Point","coordinates":[19.8977052,50.0751572]},"properties":{"nazwa":"Miejsce ochronne","rodzajZrodla":"Obiekt ochrony ludności","adres":"ul. Jerzego Samuela Bandtkiego 33A, Kraków","dostepnosc":"Całodobowa"}},{"type":"Feature","id":"OZO-CEAF0FD9C0E5","geometry":{"type":"Point","coordinates":[19.8925346,50.07726582]},"properties":{"nazwa":"Miejsce ochronne","rodzajZrodla":"Obiekt ochrony ludności","adres":"ul. Stańczyka 18, Kraków","dostepnosc":"Całodobowa"}},{"type":"Feature","id":"OZO-3582D55515A5","geometry":{"type":"Point","coordinates":[19.9800784725242,50.022973562835]},"properties":{"nazwa":"Miejsce ochronne","rodzajZrodla":"Obiekt ochrony ludności","adres":"ul. Niedzicka 2a, Kraków","dostepnosc":"Całodobowa"}},{"type":"Feature","id":"OZO-8F0242DAE8E0","geometry":{"type":"Point","coordinates":[19.9852685820769,50.0689021027138]},"properties":{"nazwa":"Miejsce ochronne","rodzajZrodla":"Obiekt ochrony ludności","adres":"ul. Dąbska 20C, Kraków","dostepnosc":"Całodobowa"}},{"type":"Feature","id":"OZO-59120F41D240","geometry":{"type":"Point","coordinates":[20.0182256902895,50.0627626335664]},"properties":{"nazwa":"Miejsce ochronne","rodzajZrodla":"Obiekt ochrony ludności","adres":"ul. Sołtysowska 12F, Kraków","dostepnosc":"Całodobowa"}},{"type":"Feature","id":"OZO-6F234866CAF0","geometry":{"type":"Point","coordinates":[19.9078063877494,50.0232178900115]},"properties":{"nazwa":"Miejsce ochronne","rodzajZrodla":"Obiekt ochrony ludności","adres":"ul. Zalesie 50, Kraków","dostepnosc":"Całodobowa"}},{"type":"Feature","id":"OZO-E8D35B594AC3","geometry":{"type":"Point","coordinates":[19.921175480306,50.0248259089204]},"properties":{"nazwa":"Miejsce ochronne","rodzajZrodla":"Obiekt ochrony ludności","adres":"ul. Ruczaj 28A, Kraków","dostepnosc":"Całodobowa"}},{"type":"Feature","id":"OZO-1CF94BAAB1B3","geometry":{"type":"Point","coordinates":[19.9578943510056,50.068197260047]},"properties":{"nazwa":"Miejsce ochronne","rodzajZrodla":"Obiekt ochrony ludności","adres":"ul. Aleksandra Lubomirskiego 20, Kraków","dostepnosc":"Określone godziny"}},{"type":"Feature","id":"OZO-367B40E7FD80","geometry":{"type":"Point","coordinates":[19.9172536749007,50.0146290799671]},"properties":{"nazwa":"Miejsce ochronne","rodzajZrodla":"Obiekt ochrony ludności","adres":"ul. Żywiecka 44, Kraków","dostepnosc":"Całodobowa"}},{"type":"Feature","id":"OZO-E0448FB6C8CC","geometry":{"type":"Point","coordinates":[19.9662063260679,50.0608935697606]},"properties":{"nazwa":"Miejsce ochronne","rodzajZrodla":"Obiekt ochrony ludności","adres":"ul. płk. Francesco Nullo 13, Kraków","dostepnosc":"Na żądanie"}},{"type":"Feature","id":"OZO-40640356BF63","geometry":{"type":"Point","coordinates":[19.902016371488575,49.9976639946832]},"properties":{"nazwa":"Miejsce ochronne","rodzajZrodla":"Obiekt ochrony ludności","adres":"ul. Mieczykowa 22, Kraków","dostepnosc":"Całodobowa"}},{"type":"Feature","id":"OZO-13CD7B6C2D8F","geometry":{"type":"Point","coordinates":[19.9049062595427,50.0199161221288]},"properties":{"nazwa":"Miejsce ochronne","rodzajZrodla":"Obiekt ochrony ludności","adres":"ul. Raciborska 15e, Kraków","dostepnosc":"Całodobowa"}},{"type":"Feature","id":"OZO-50888D9C5D30","geometry":{"type":"Point","coordinates":[19.8885703831392,50.0144477794014]},"properties":{"nazwa":"Miejsce ochronne","rodzajZrodla":"Obiekt ochrony ludności","adres":"ul. Czerwone Maki 45, Kraków","dostepnosc":"Całodobowa"}},{"type":"Feature","id":"OZO-81A033A66050","geometry":{"type":"Point","coordinates":[19.9238119416226,50.0629160474469]},"properties":{"nazwa":"Miejsce ochronne","rodzajZrodla":"Obiekt ochrony ludności","adres":"ul. AlejaAdama Mickiewicza 11, Kraków","dostepnosc":"Na żądanie"}},{"type":"Feature","id":"OZO-1AF33611735B","geometry":{"type":"Point","coordinates":[19.8812332947983,50.0834460708988]},"properties":{"nazwa":"Miejsce ochronne","rodzajZrodla":"Obiekt ochrony ludności","adres":"ul. Zielony Most 8C, Kraków","dostepnosc":"Całodobowa"}},{"type":"Feature","id":"OZO-1E130BF92338","geometry":{"type":"Point","coordinates":[20.018314506426,50.0633081751648]},"properties":{"nazwa":"Miejsce ochronne","rodzajZrodla":"Obiekt ochrony ludności","adres":"ul. Sołtysowska 12E, Kraków","dostepnosc":"Całodobowa"}},{"type":"Feature","id":"OZO-C9077313F64A","geometry":{"type":"Point","coordinates":[19.9568360391803,50.0203651096767]},"properties":{"nazwa":"Miejsce ochronne","rodzajZrodla":"Obiekt ochrony ludności","adres":"ul. Sebastiana Klonowica 24, Kraków","dostepnosc":"Całodobowa"}},{"type":"Feature","id":"OZO-2124BDCF740A","geometry":{"type":"Point","coordinates":[19.9661188,50.0854957]},"properties":{"nazwa":"Miejsce ochronne","rodzajZrodla":"Obiekt ochrony ludności","adres":"ul. Jana Kaczary 3, Kraków","dostepnosc":"Na żądanie"}},{"type":"Feature","id":"OZO-7F35D2CC0E67","geometry":{"type":"Point","coordinates":[19.9229712100846,50.0269802692983]},"properties":{"nazwa":"Miejsce ochronne","rodzajZrodla":"Obiekt ochrony ludności","adres":"ul. Wacława Lipińskiego 15, Kraków","dostepnosc":"Całodobowa"}},{"type":"Feature","id":"OZO-3843CFBFD9DD","geometry":{"type":"Point","coordinates":[19.9414958990838,50.0531033566469]},"properties":{"nazwa":"Miejsce ochronne","rodzajZrodla":"Obiekt ochrony ludności","adres":"ul. Stradomska 14A, Kraków","dostepnosc":"Całodobowa"}},{"type":"Feature","id":"OZO-37C382610433","geometry":{"type":"Point","coordinates":[19.9943838548097,50.0382587914204]},"properties":{"nazwa":"Miejsce ochronne","rodzajZrodla":"Obiekt ochrony ludności","adres":"ul. Łanowa 43c, Kraków","dostepnosc":"Całodobowa"}},{"type":"Feature","id":"OZO-F58F1190AC2E","geometry":{"type":"Point","coordinates":[19.9832562161443,50.0693420209879]},"properties":{"nazwa":"Miejsce ochronne","rodzajZrodla":"Obiekt ochrony ludności","adres":"ul. Dąbska 18K, Kraków","dostepnosc":"Na żądanie"}},{"type":"Feature","id":"OZO-5E38E7A95047","geometry":{"type":"Point","coordinates":[19.9087969314683,50.0133248609282]},"properties":{"nazwa":"Miejsce ochronne","rodzajZrodla":"Obiekt ochrony ludności","adres":"ul. Obozowa 42b, Kraków","dostepnosc":"Całodobowa"}},{"type":"Feature","id":"OZO-1872AC932C88","geometry":{"type":"Point","coordinates":[19.8815651940915,50.0130469029506]},"properties":{"nazwa":"Miejsce ochronne","rodzajZrodla":"Obiekt ochrony ludności","adres":"ul. Jana Kantego Federowicza 5, Kraków","dostepnosc":"Całodobowa"}},{"type":"Feature","id":"OZO-24A603AFDC4E","geometry":{"type":"Point","coordinates":[20.057713087292,50.0946846174063]},"properties":{"nazwa":"Miejsce ochronne","rodzajZrodla":"Obiekt ochrony ludności","adres":"Osiedle Na Stoku 3, Kraków","dostepnosc":"Całodobowa"}},{"type":"Feature","id":"OZO-B75EE69D038A","geometry":{"type":"Point","coordinates":[19.9137335270242,50.0814919406928]},"properties":{"nazwa":"Miejsce ochronne","rodzajZrodla":"Obiekt ochrony ludności","adres":"ul. Tytusa Czyżewskiego 3, Kraków","dostepnosc":"Całodobowa"}},{"type":"Feature","id":"OZO-6E3F3E4A5678","geometry":{"type":"Point","coordinates":[20.011150185024,50.0122235156653]},"properties":{"nazwa":"Miejsce ochronne","rodzajZrodla":"Obiekt ochrony ludności","adres":"ul. Erazma Jerzmanowskiego 36, Kraków","dostepnosc":"Całodobowa"}},{"type":"Feature","id":"OZO-2B9F665C189E","geometry":{"type":"Point","coordinates":[19.9535317808493,50.0821998206938]},"properties":{"nazwa":"Miejsce ochronne","rodzajZrodla":"Obiekt ochrony ludności","adres":"ul. Wileńska 5, Kraków","dostepnosc":"Na żądanie"}},{"type":"Feature","id":"OZO-F54C0737AF0C","geometry":{"type":"Point","coordinates":[19.8899765312159,50.0094030052467]},"properties":{"nazwa":"Miejsce ochronne","rodzajZrodla":"Obiekt ochrony ludności","adres":"ul. dr. Jana Piltza 22, Kraków","dostepnosc":"Całodobowa"}},{"type":"Feature","id":"OZO-3C4709D5C572","geometry":{"type":"Point","coordinates":[19.9044071999997,50.1076076999991]},"properties":{"nazwa":"Miejsce ochronne","rodzajZrodla":"Obiekt ochrony ludności","adres":"ul. Kaczorówka 1, Kraków","dostepnosc":"Na żądanie"}},{"type":"Feature","id":"OZO-9BC57A3496A8","geometry":{"type":"Point","coordinates":[19.88196283578873,50.0472911362632]},"properties":{"nazwa":"Miejsce ochronne","rodzajZrodla":"Obiekt ochrony ludności","adres":"ul. KsięciaJózefa 125B, Kraków","dostepnosc":"Całodobowa"}},{"type":"Feature","id":"OZO-227D394948D2","geometry":{"type":"Point","coordinates":[20.0193192415887,50.0632653264658]},"properties":{"nazwa":"Miejsce ochronne","rodzajZrodla":"Obiekt ochrony ludności","adres":"ul. Sołtysowska 12h, Kraków","dostepnosc":"Całodobowa"}},{"type":"Feature","id":"OZO-5D2CA98A0AE6","geometry":{"type":"Point","coordinates":[20.0441266105073,50.0709492204296]},"properties":{"nazwa":"Miejsce ochronne","rodzajZrodla":"Obiekt ochrony ludności","adres":"Osiedle Ogrodowe 17, Kraków","dostepnosc":"Całodobowa"}},{"type":"Feature","id":"OZO-B1AA65F1AADF","geometry":{"type":"Point","coordinates":[19.9764720306882,50.0116529513623]},"properties":{"nazwa":"Miejsce ochronne","rodzajZrodla":"Obiekt ochrony ludności","adres":"ul. Adama Bochenka 14, Kraków","dostepnosc":"Całodobowa"}},{"type":"Feature","id":"OZO-1B5E4A1121E8","geometry":{"type":"Point","coordinates":[19.9193829297644,50.0529422564678]},"properties":{"nazwa":"Miejsce ochronne","rodzajZrodla":"Obiekt ochrony ludności","adres":"ul. Tadeusza Kościuszki 53, Kraków","dostepnosc":"Na żądanie"}},{"type":"Feature","id":"OZO-270339B434ED","geometry":{"type":"Point","coordinates":[19.9609167,50.0490497]},"properties":{"nazwa":"Miejsce ochronne","rodzajZrodla":"Obiekt ochrony ludności","adres":"ul. Przemysłowa 13, Kraków","dostepnosc":"Określone godziny"}},{"type":"Feature","id":"OZO-38CA19ECD84F","geometry":{"type":"Point","coordinates":[19.98040916,50.0956398]},"properties":{"nazwa":"Miejsce ochronne","rodzajZrodla":"Obiekt ochrony ludności","adres":"ul. Rozrywka 1, Kraków","dostepnosc":"Całodobowa"}},{"type":"Feature","id":"OZO-5967E9FBE025","geometry":{"type":"Point","coordinates":[19.9778999,50.0911188]},"properties":{"nazwa":"Miejsce ochronne","rodzajZrodla":"Obiekt ochrony ludności","adres":"ul. Kwartowa 3A, Kraków","dostepnosc":"Na żądanie"}},{"type":"Feature","id":"OZO-EBF893CFBF6D","geometry":{"type":"Point","coordinates":[19.91516829,50.02332896]},"properties":{"nazwa":"Miejsce ochronne","rodzajZrodla":"Obiekt ochrony ludności","adres":"ul. Sąsiedzka 28g, Kraków","dostepnosc":"Całodobowa"}}]}